:START_ID,:END_ID
10,2
4,10
1,2
1,13
1,1
1,131
2,27
1,2
1,13
8,2
34,1
443,4
3,96
5,22
9,4864
3,2
17,12
3,381
1,2
1,1
802,2
1,2
182,1
24,537
1,907
5,64
952,77
13,1
5,2
3,216
275,1
5,2138
97,681
1,4
7,2
2342,8
16,3
1,1
1498,1
6,8
1,1
455,2
8,4
18,4
3,1
135,1
75,9
2,3
11,8
3365,3760
2,7
7,1
1,1
12,11
1,1
16,3
1,25
1,1
7,1
10,24
14,777
6,3
1,792
230,1
93,1
8,4
3,4927
85,6
20,25
5,17
6,1
16,4
1,23
1,15
3,34
2,1
2,1
14,4
1,10
3,69
2,6
134,2
6,5
1,1
8,270
2,30
1,212
2,1
1,1
4,1
48,2
111,4
4,45
2,455
4300,100
1,3
32,1
10,3
7,8
23,6
4,3
1,36
56,1
1,1
11,12
3,7
2,7
8,71
2,1
2,11
5,2
119,7
1,5
368,2
1,28
2,9
124,12
134,1
1,76
3,4
2,7
14,119
9,16
9,1
2,2
5,8
33,808
8,25
1023,2
27,2
144,75
1,1
1,1
3,2
126,1
25,2
1,48
1,64
2,7
2,4
3,5
1,5
5,4
4,1
1,11
7,977
1,1
1,3
466,2
1,8
233,1
193,16
3,1
2071,1
8,4
44,6
3429,3
1,20
1,124
1,1
4,1244
263,1
6,6
46,3
4,9
1,1
7,149
96,2
1,9
14,1
6,2
13,57
1,12
89,1
1,54
2,1
3,256
18,17
607,9
32,12
3,2
7,1
7,1
1,229
78,43
11,4
1,1
1,6
9,1
21,4
56,5
1,18
1,7
63,3
1,2
3,43
4,26
2,17
1,1
1,1
1,2
13,6
1,9
2,93
4,123
3,44
1,12
8,9
14,2
4,14
4,515
368,2
16,147
123,3
3,9
2,67
1,187
12,569
191,8
1307,9
50,784
1,13
4,426
1,1
1,70
1,7
62,764
6,22
272,55
1,1
1,10
1,17
5,1
2,4
1,6
1736,7
62,1
9,1
1,4
90,7
1,36
65,1
1,1
7,3
357,25
2,99
1,3
5,1752
1,1
1,2
768,2
19,2
67,8
3,29
6,26
1,4
4,220
2,4
123,21
5,6
1,18
989,3
20,1
2,2
7,6
1905,2
11,1
7,3
8,3
1,4
10,2
7,1
2,2
1,2
1,2
8,2
8,7
10,11
1,26
5,3939
2,8
2,196
114,3
2,1
6,2
565,725
2,1
38,7
8,783
44,6
7,28
23,2
27,2
372,30
1,11
70,1
2,1
1809,74
2,1
76,38
1,1
3,2
4,4235
45,1
11,3
75,228
1,2
25,11
1,3
51,2
2,2
3,1
67,26
1,3
111,2
1,7
12,723
32,14
171,1
25,20
139,1
286,3
1,7
3,2
10,6
4,2
1,1
93,1
72,142
24,1
45,16
231,1
1,1
14,1
1,1
8,9
3,1
6,1
10,1168
1,5
277,1
2,7
3,41
4,46
1,6
2,5
2,1
22,1
31,2
2,206
2,1
3,161
1601,1
1,11
5,3
9,11
31,1
2,66
10,1
2,13
34,574
1,1
7,3
17,344
5,15
626,21
22,13
834,2
2,16
19,2088
1,4
1,5
282,3
25,1
1,1
1,19
2,3
29,3
168,1
4,2
35,4
92,3
32,1
2,2
1,35
5,2
2,7
1,2
1,2
4,8
1,51
4,1
25,3
2,1
5,5
1,1
32,2
35,5
48,82
976,11
1,4
50,160
32,1
1,213
34,80
1,4
5,1
5,3
6,13
1,5
2,8
2,2
3,1929
4,4
15,1
1,20
183,1
1,1
19,1
19,4
24,18
1,1
47,14
2,3
4,176
2,15
10,1381
34,2
66,1
7,1
118,1
3,1
1,17
48,13
1,3
73,3
512,2
340,1
2,1
1,23
1,1
2,150
5,30
1,9
1,2
2,22
4,1
14,19
6,21
15,1
2,1
18,7
1,23
3,11
6,4
1,7
1,1295
49,2
7,1
206,1
1,17
1110,17
1,27
3,3
5,3
1,4
5,2
3,3
1,1
4,10
1,7
6,1
2,5
64,1
1,1
1,1
19,10
2,633
4,5
2,23
10,2
20,2
5,12
24,7
1,945
1,347
1451,1
9,11
28,4
14,1
1803,2
11,2
43,56
100,15
3,216
988,5
3,1
2290,2
4,90
2,13
1,10
18,6
5,6
1,6
164,83
40,2
42,1
12,1
2,2
3,8
25,1
1,10
2,1
3,66
23,3
2,1
1,35
1,2
3,628
8,4
8,3
1,157
313,5
3,1
2,637
3,144
1,1
4,9
281,2
280,1
45,4
116,4
1,2
1,1
8,2
1,91
2,1
4,14
2,92
1,61
54,1
1,4
132,1
3,18
64,3
22,12
1,6
3,2
9,15
5,3
56,5
9,2
16,3
1,927
12,1
43,295
48,9
1,8
99,51
2,1
8,1
9,22
13,4
2,1881
3,7
6,2
1,59
1,16
4,4
2,2
1,3
1,1
1,10
141,68
973,2
2,3
2431,2
3,2
27,199
3,1
25,8
16,1
3,95
1,3
1,15
11,440
9,1
1,3759
3,1
36,2
1,1
4156,2
1,1
1,10
153,12
5,3
17,8
2,31
1,2
3,3
6,1
11,783
1,1
195,6
11,4
1,10
13,9
189,6
2,1292
2,8
1,16
1,3
21,45
16,2
9,97
1,1
304,1
16,2
6,1
1,30
1522,4
1,2
7,4
4,4
22,6
3,1
46,58
1,10
142,9
35,1
91,1
36,2
1,1
1,2
481,4
2,1
1,1
12,9
1,2
4,13
3,367
1,60
3,1
1,1
5,1
6,12
3,1
2,3
163,2
642,5
1,14
4,11
2,2
3,636
5,726
1,3
14,6
1,3
15,15
2,1
1,109
1,1
3,10
4,13
21,10
18,3006
402,20
32,79
1,1
2,46
2,11
29,1
1,7
533,24
6,4
21,19
20,5
2,4
1,12
10,25
1,2636
26,4
2,56
2,2543
37,42
1,20
1,1
62,5
3,24
1,7
16,2489
13,476
115,2
5,4
482,173
4,5
3,1
7,47
8,1
1,3
77,3
17,1
10,11
1,2
1,1
3,8
4,3
1,8
1,1
14,5
90,1
29,2218
16,4097
1,54
12,11
17,774
2,579
1,1
9,51
2,5
2,10
3,3
3,4
6,3
1,379
1,4
1,10
7,14
236,845
7,2
19,39
338,190
49,23
6,72
118,1
1,4
41,2
652,5
1,29
1,1
1,3
8,6
1,7
1,1
9,22
1,15
13,6
8,4
5,147
9,1
9,12
585,18
8,7
13,1
16,1
1,2
11,2
2,1
1,1
57,3
6,1
11,1
303,28
1,2
1,14
2,38
24,2
102,1
2,3
437,115
2,39
1,45
3,1
6,1
3,88
1,3
8,78
2,1
1,22
1,17
50,2
14,4
10,10
693,1
33,11
4,3
2,9
1,30
2,1
8,8
1910,6
22,15
1,9
1,33
18,1
1,22
134,23
481,94
275,11
1,1
3380,11
3,1
1,1
20,4
2,1727
1,2
3,2
1,9
2,9
1,1
2,1
6,1
14,15
576,17
7,3
2,3
2,45
1,3
7,1
32,12
209,1
2,1
1,2
1,4
2,1
1,1
440,145
1,1
28,3
2,27
1,1
11,2
3,16
1,2324
28,22
2,203
300,72
1,25
29,11
30,2697
1,20
1,1
5,1
2,6
9,3
1,4
123,4
1,69
361,154
2,6
1,145
1,1
3,15
20,1
10,1
1096,13
1453,8
25,10
1,1
5,1
5,2
1,4
6,12
54,92
59,1
3,22
8,188
4,2
18,20
5,2
6,4
3648,3
17,398
6,2
11,4
1,18
78,4
32,10
2,2
1,3
57,2
706,16
95,3
1,239
2,18
4,1
4,1
1,3
76,192
3,1
23,24
1,1
1,259
1,17
10,16
17,6
160,4
20,37
182,18
3,3
35,2
6,699
1,1
21,1
46,1
1,29
5,9
8,1
1,5
2,16
1,4
15,3
5,3
3043,13
27,1
2,2
823,2
10,1
8,19
17,5
1,3
3,298
1,1
6,1
1090,2
66,25
1,7
78,28
2,3
1,517
5,5
1,39
3,1
2,3
81,1
2,3
1,145
1,1
10,30
2,213
2,1
24,4
124,2
1,3
4,18
4,1
3,70
23,42
30,105
114,15
1,7
199,1
6,4
1,535
6,2
1,1
1,1
2,3
97,10
106,73
50,50
16,4
7,513
2,17
4405,1
1,1
1,2
1,5
321,5
100,19
1,3
2537,1
4,3
173,42
1,1
6,17
20,857
5,3
12,1
2,1
62,16
80,7
41,12
10,3
16,1
19,1
1,136
5,1
26,5
4262,2
10,21
6,602
1,3
107,3
17,3
20,4
1,2
90,1
1,113
1,1
5,28
6,26
9,24
37,1
13,4914
5,1
4,1
22,5
822,99
1,25
10,15
1,11
1,1
18,4
29,2
3,1
2,3
3,1729
1,3
5,572
6,11
32,2
78,2
1,1
2,1
2,1
1,42
1,1
2,719
30,3
8,3
1,24
1,1
12,4
1,59
1,1
48,2
1021,28
14,16
4,9
9,4
1,13
1,1
1,1
1,1
36,1
189,1
1627,2
1,1
1,5
1,963
15,3
1,10
2,1
3,3
3,15
15,5
11,3
1,31
14,764
47,5
3363,1
4,20
53,1
2,65
1,4
37,1
1,1
1,2
3,1
3,14
2,1
5,13
61,1
4,1
7,4
1,9
9,555
1,1776
10,1721
3,125
3,60
55,5
2,1
1,18
1,40
3,143
1,4
53,17
61,1
2,3
5,2
2,27
5,1
1,282
1,1
4,28
175,15
1,1
16,5
340,2034
1,1
274,2
61,9
2,14
65,1
834,11
2,2
4,1
1,765
2,7
1,1
872,1
1,1
8,6
1168,1
2,50
7,5
3,1
7,1
19,1
15,468
1,45
3,1428
2,2
1,2
83,7
1051,3
1,144
2,18
6,10
90,217
20,1
5,197
37,3
969,3
1,14
2,3
22,9
1,1
231,1
13,8
304,3
977,54
74,2
203,18
1,5
3,3835
16,55
2,7
1,11
73,650
1,2
2,2
1,2
1,3
1,27
1,2
3,244
4,1161
6,1
9,5
1,1
12,139
2,3
18,48
62,9
6,8
1,1
1,1
3,10
11,2
2,6
2,2
14,11
141,1
6,1
5,6
1,49
65,2
1,3
1,1
1,2
1,2
229,9
4,1
93,135
5,101
35,1
7,5
1,2
4,312
7,10
12,220
7,381
1,2
241,904
1,2
1,4
8,6
3,1
18,2
5,11
77,2
8,2
7,1
1,2
15,6
6,13
1,1
633,48
2,1
1,2
322,1
1,333
3,27
5,2
1,3
8,31
42,127
1,4
1,4
1,2
13,1
10,5
189,85
1,1
1,44
74,20
7,652
2,7
7,26
11,1
58,2
19,1
3,1
39,10
84,16
1,10
102,12
184,3
3,57
1,1
52,9
4,3
74,1
14,2
3,1
20,1
7,1
3,2
1,1
7,3
13,1
33,1
19,2
14,284
7,44
5,306
6,1
17,560
3,2
347,3
338,35
26,56
4001,59
4,4
1,13
1,222
2,50
65,144
22,1
120,1
15,1
2,1
7,22
7,22
1,19
7,4
7,18
4,2
28,1
26,4
3,1
12,1
1,1
4,1
338,1
1,8
690,3
18,1
95,3
91,9
1766,1
10,2
2,1
10,15
7,6
3,4
31,2
1,4
1,1896
2,8
1,2
5,1
11,227
6,1
13,14
10,8
4,4
9,15
1187,26
3643,5
64,4
430,1
3,1
479,3
2,86
23,2
1,3
1,3
3,8
10,1
10,8
5,4
1,2
176,4
1,24
111,22
5,164
58,4
1,1
21,2
1,2
98,18
1,1
11,2
11,1
7,4179
103,1
2,119
2,95
26,1
18,45
1,1
12,6
24,38
1,44
5,67
3,19
1,12
5,46
359,4
34,4
1,5
1,97
1,5
3,27
1,522
2,16
23,1
3,51
1,1
17,4
2,103
1,14
1,9
2,251
8,756
3,5
26,1
32,1
1,3
6,58
1,178
4,1
19,471
988,10
3,79
1,3
1358,5
25,12
49,1
1,1
14,83
1,1
19,3
30,37
1348,1
15,131
2,4
67,1
2487,1
2,591
1,3
3,126
7,1
10,1
1,2
9,4
2,2
33,1
6,1093
987,2
37,1
2,27
2,31
3,4
1,30
9,1
2,147
6,62
404,22
1,1939
6,1
1,9
1,3
3,3
2,8
12,36
2,23
1,1
7,1
7,3
2,2
13,15
3,1
3,5
3,15
114,10
1,1
1,1
29,3189
4,1
24,1
264,1
2,25
1,1
1,1
2,1
260,101
67,1
1,30
32,116
10,33
2,1
2,1
2,4
10,1
7,1409
2987,26
21,42
179,25
1,1
2,1
2,101
278,1
8,15
5,1
67,2
22,1778
25,1
3,9
104,1
3676,1
14,523
1,9
3,9
1,1
4,239
5,3
13,1
1,17
3,2
4,3
870,16
1,6
7,2
4,1
152,10
3,4
129,5
5,1
7,2
3342,1
174,101
64,1
1,5
279,3
15,1
1,1
2,1
3,50
39,18
3,4
146,49
6,4
5,157
405,400
9,310
7,51
1,2
2,4
7,3
6,6
1,10
6,801
2,1
6,1
70,1
10,500
3,3
9,3
1,4
49,2
14,1076
2,25
5,69
1,1
32,15
7,7
16,5
1,700
2,7
20,4
5,5
7,213
7,2
2,1
632,1
8,11
32,475
3,10
1,27
3,5
1,5
3,273
1,14
3,4513
1,14
2,1293
1,1
506,18
4,19
3,1
246,3
12,22
4,422
82,163
1,43
1,3
1,3
13,23
1,4
1,1
1,4
332,41
19,55
87,15
100,1
3,6
13,2
2,18
607,1
1,191
1,1
82,1
54,9
3,3
1581,179
383,10
2,3
20,2
8,1
16,7
7,19
4,2
25,4
7,7
28,23
299,3
1,4
1,27
39,83
10,2
1,37
1,1
3,2
5,1
108,1
9,1
6,2
1,6
2,2
8,1
2,1307
16,10
5,43
10,1063
1,2
5,3
1,86
17,1
1,56
1,1
3,4
59,1
3,22
2596,5
1,128
19,4
29,2
1,56
3,13
2,240
19,21
23,31
13,4
4,4
62,4
6,2
3,2
1,1
12,359
9,3
20,1
30,18
1273,21
4,9
1,7
1,1
4,89
3,1175
10,2
1,27
4,4
12,4
1,12
1,640
1,4
3,1
27,9
6,6
44,3
74,4
4351,4
3,2
17,1
1,32
2,196
56,13
12,14
1,2
1,3
3,12
2,3
4,1
861,5
1,2
3256,2
18,1
10,1
12,4
4,1
5,326
7,6
4,7
230,2
111,1
1,218
1,124
1,14
3,11
2862,12
1,29
15,4
2,114
1,16
5,58
4,1
3,17
27,1
218,212
112,292
19,16
1,112
1,1
16,54
2,4
3,13
3,4
8,15
18,16
176,1
70,341
1,1
1,33
2,4
45,208
12,2
90,1
4,24
1,1
109,3
522,16
24,1
1,1376
1,30
4,1
99,63
4,1
1,7
4,1
2,24
22,19
3,6
334,1
3,2
1,2
1,1
6,1
228,4
10,4
32,1
3,2
2,5
274,2
2448,1
10,2
14,1
6,1308
1,131
83,2
2,124
1,15
3325,395
8,11
2,35
3,26
7,2
1,1
7,4
2,1
2,4
7,2662
5,1
1,2
1560,1
32,1
1,6
2,1
10,1
1,3
2741,2
1,74
4,2
163,4
44,182
1,19
64,40
1,1
1,80
4,1
43,2
2,17
62,2
16,22
7,100
3,3
5,3
6,1318
28,3
20,330
1,2
25,22
20,9
3,12
1,1
101,1
2,27
16,34
1,836
12,11
258,1
2,2
7,1
6,6
1,2
3,2
85,94
2,22
12,2
22,1
9,122
281,2
2,1
1,12
870,1
81,1
665,451
2,1
2,25
1,1
1,5
12,97
567,26
2,2
4370,4
1,6
1,1
70,8
1,3
3,3
1,9
2,3
203,4
3,8
429,1
10,65
6,1
5,4
1,25
3899,314
5,3
34,1
1,2
4,1
3,29
2,2
1,1
1,11
1,2
66,20
3,1438
1,8
1,1
27,3503
8,1
3,2
6,1
1,8
6,1
2,3
28,4
1,1
2,42
15,1
3,45
1,2042
5,6
1,42
69,3973
72,2
6,1
5,1
1,1
6,7
2,5
3,4
3,1
10,14
11,7
10,168
8,786
2,1
15,90
3325,540
80,1
4,3
29,1
23,5
8,3
1,1
2,34
9,5
2,4
233,21
1,24
2,5
2,1
72,59
1,51
17,1
1,259
3,270
1,65
1,1
1,17
430,4705
9,197
2,1
1,1
1,520
24,1
1,4
9,32
36,2050
29,2
2158,6
1911,13
1,14
5,26
406,11
7,10
19,4
9,1
6,3
5,2
25,16
13,45
2957,2
7,1
24,2
30,3
516,98
411,5
1,1
2,5
462,1
1,1991
2,73
143,28
4,488
1,1
2,3
77,9
6,143
9,2
1,1
4,2
1,5
1,9
53,2
1,4
1,3
21,1
1,1
1,1
2,1
1,32
11,1
1,2
85,30
63,232
12,43
4,8
116,3
2,8
84,1
1,5
3,1346
6,1
87,1
2,2
46,1
2,24
1,3
1,1
17,835
9,1
3,3
11,1
12,3
4,1176
1,21
1061,2
70,1
5,1
208,4
3,1
3,5
314,83
16,6
1,42
1,6
5,3243
1,2
2148,1
304,5
1,5
9,1
2,2
118,30
1028,1
4,16
4,22
2,3
12,85
1,14
2,1
5,5
1,3
742,2
27,48
1,3
18,1
2832,223
2,1
14,236
10,1
3,4
1,1
55,33
1,23
9,1
169,4
1,1
3,1
1,1
11,1
15,7
2,16
1,5
46,2779
2,1
1,3
1,1
7,4
3,1
2,1
3,31
3,16
9,7
5,8
3,1
20,1
1,1
1,1
2,5
2,16
42,1
1,3159
1,2
7,20
10,2
1,3
1,1
5,1
375,1
2,2
7,49
3,2
6,3
6,2
39,17
3,129
174,117
2,19
38,11
3,1
331,139
5,1
415,3
2,2
4,86
1424,8
12,1302
36,1
15,4
1,1
3,5
522,89
98,3
2,22
11,335
1,718
104,1
26,143
8,3
9,100
2,13
15,4
5,2
3,16
1,1
1,1
86,32
1,29
16,2
61,2
1635,7
4,7
2,1
2,12
13,2
165,1
2,1
1,1
3,2
1,9
12,43
66,2
10,4
4,702
3,18
1,1
2,4
31,24
165,2
187,585
1,1
368,20
5,65
1,13
1,4
26,2
556,6
7,26
1,4
524,47
2,2
144,6
2,7
2,334
17,3
2,30
1,1
51,37
1,4
100,11
5,2668
3,63
16,3596
13,2
1062,26
3,2
346,31
48,2693
1,6
2,1
3,12
1,20
9,71
2,5
14,1
5,5
7,39
7,1
1,1
14,23
1,211
2,1
5,120
466,1
44,13
4,6
10,2
6,68
6,1
542,3
33,586
14,1
67,1
2,3
1,4
35,30
21,20
6,2
4,5
2,3
4,18
1,15
41,2
1,1
6,1
2,154
179,1
186,3
1,3
1521,8
92,1
5,1
1,27
2,1
2,2
1,2
1783,4
196,2
1,4
1,21
31,2
36,24
1,1
1,1
562,1
1,13
262,56
1,23
3,5
1,44
1,3
2,1
5,5
3,1
1,3
2,170
25,12
1,7
8,12
348,3
4,38
3,1
2,3
6,114
57,2
7,1
1,147
11,45
6,5
4,3
334,4
1,8
263,5
1,2
6,1
32,1
6,624
2,24
207,2
7,1127
1258,2
5,1
4,91
1,1
1,1
119,17
8,5
2,2
1,32
19,9
1,146
3,4
50,14
1,683
2217,1
446,1
3,9
4,1
3,2
1,16
5,3
3,70
62,20
24,2
2,402
26,1
26,8
6,4
13,66
24,140
36,1
1,15
38,3
2,1
4,1170
27,27
2,16
1,1
7,1
1,24
2,10
1,1
4,3
4,13
26,398
222,56
39,3
1,3
36,2
2,2
831,1
1,2
6,1
1,1
48,2
3,1
12,1
1,1
31,1
1,1151
20,174
157,1
1,6
1,7
2,36
4,1
1,5
3,2
115,1
4,1
539,7
2,18
1,4
2,1
1,4
1,10
39,175
84,12
1185,1702
1,2
1,14
3,241
2,1
1,1
2,527
1,7
11,112
5,821
26,106
234,80
11,711
149,524
5,227
4,8
1,1
1,2
5,2
1,7
14,3
4,57
4,2
6,3
21,5
1,1
2,1
3,2
3,1
487,1
1,3
17,1
3,87
1,2
1,10
1,1
17,235
3,106
4,305
80,1
108,5
2,4
4,805
1216,1
6,30
1,2
29,81
1,16
12,1
1,1527
1,153
7,2
32,2
3,1
2,5
7,10
2,1
11,5
3,6
25,1
4,2
222,123
6,8
2,2
2,7
14,3
413,5
1,1
27,1
8,16
1,9
1,66
5,27
1,1
1,1
5,1
1,1
17,6
595,18
4,2
28,1
4,1160
1,23
12,16
16,312
17,7
33,3
1,1
1,23
1,1
2,59
43,9
2,1
55,1
1,25
322,4
233,577
8,14
5,9
1,3
5,12
33,1
4,3403
15,1
3,44
15,1
13,1
3,1
18,7
34,1
1,1
1885,4
1,133
16,2
1,1
2,1
7,4
3,4
1,150
16,22
50,1
5,1
287,9
6,1
24,1
2,3
2,2
1,11
156,3
37,1
70,13
1,108
1,10
1,6
2,5
15,1
1,1
6,9
29,1
17,1
5,23
201,59
8,2
10,1
1,1
106,3
2,10
3,15
1,1
560,24
14,3
31,106
7,1
2,2
37,2
25,1
57,1370
1,20
2,18
2,1
85,2
15,11
34,19
3,126
23,2
2,1353
83,2
9,8
13,1081
2,54
1,2
28,1
15,3
1,6
2,2
72,3
1,5
369,1
6,1
1,48
2,1
26,1
2,1629
49,2
245,5
7,2
1,2
6,166
7,1
18,1
1,20
3,6
547,23
1,25
82,3
2,35
1,12
1,1
3,5
1,1
6,1
1,1
1,23
24,4
2,1
1,2
27,4
19,14
7,1
11,1
57,9
4,1
3,12
73,1
4,1
1,5
3,30
5,1
3,1
3,72
1,1
2,5
2,39
9,14
1,1
3,393
7,5
76,2
1,1
1,13
1,439
25,83
7,2
3,5
5,19
10,1
135,1
267,16
1,1
3,13
1,1662
2,4
10,15
698,2
1,2
1,2
1,11
1,224
8,1
225,12
3,3
1,104
17,5
8,11
1,8
2,6
1,3
1,1
22,1
10,1
1,2
922,1242
2,6
1,1
3,6
2,3
1,5
1,2
1,11
3,1
9,1
53,4
633,67
1,12
3,1
116,1
235,1
10,237
44,1
1,2
2,1
4,2
113,48
6,2213
1726,1
47,9
4,1
1,2
23,870
44,1
1,2
1,11
13,7
79,231
1,2
1,1
1,69
185,126
60,14
2,1
302,2
2,37
1,2
1,7
16,1
2,1
3,1
3,11
52,5
95,2
2,4
164,5
1,5
1880,4
266,4
2,1
231,2
98,8
8,468
3,3
1,1
393,8
7,3
37,1
20,1
29,6
2,5
6,2
22,17
5,2
6,27
1,7
1,1
1,181
21,10
231,1
10,2
96,12
17,1
1223,3
7,2
416,1
15,1
9,1
152,66
2,2
9,42
11,11
1,3
4,17
13,1
61,50
73,22
44,30
72,1
16,1
440,130
4,3
1,2
6,2
3,462
31,3
1,3683
1,9
3,4
1,15
6,1
4,5
1,11
2,6
80,5
103,41
3,4
6,4
1,10
42,1
23,1
1,1
1,5
2,3
95,8
2,84
3,5
19,1
874,1
2,481
237,7
9,27
1,1
3,19
3,31
4010,12
1511,14
233,50
1,1
41,442
11,5
2,1
92,1490
1,27
1,6
2,4
1,3
24,3
58,12
7,16
712,107
10,2
4,4
1,10
6,68
1,7
1,7
75,6
9,22
1,8
20,1
10,3
1,4
41,2
2,1181
10,19
1,2
1,10
153,2
4,1
1,26
4,2
1,4
1,9
73,40
3,3
11,433
12,4
5,1
2,6
2,14
522,20
20,1
2,64
2,2
1,57
7,20
2,1260
3,1
110,2
8,11
1,43
34,1
18,1005
1,23
7,41
1,6
3,1
1,3
1,358
3,636
3,1
1777,1
6,30
3,6
3,2
30,3
1,4
428,21
40,2
36,3
2,32
2,3
3,27
9,47
8,1
113,24
84,402
11,1
4,17
19,4
10,1475
5,1
21,3
4,3
279,101
13,63
3,1
1558,2
1,18
127,43
1921,232
4,3
5,2
40,1
10,1
68,1
1,88
1,1
21,4
22,10
4839,114
29,50
318,1
2,2
3,6
1,2
40,36
7,5
3,1
3,7
1,1
566,4
10,1
14,7
917,1
3,59
14,1
1,1
11,4
2,8
9,27
11,2
15,1
1,38
2,7
1,1352
1,1599
4,13
43,1
39,18
4,3
39,1
21,2
3,2
19,2
3,2
2,9
4,106
1,12
16,9
2,1
6,29
2,17
1,2
25,5
1,491
11,31
30,1
12,14
3,1
522,1
1,420
8,23
2,12
2,122
1,4
9,613
172,2
1,1
1,9
4,7
9,137
1,54
1,23
11,2
2,70
3,7
5,276
1,7
1,1
3,190
4,3
2,4
5,43
133,176
1,1
41,414
5,1051
10,6
15,5
92,2
321,35
3,1246
19,6
454,1
10,1
2,5
54,81
26,2
2,1
1,6
8,1
8,24
1,36
1,2
4,255
1,304
1,15
19,1
1,3
4,149
1,305
73,2
1,1
3,102
63,4
4,2
3,22
1,29
2,19
1,3310
5,22
3,5
9,6
1,2
2168,2
15,354
3,249
1,2
94,821
12,5
6,1185
4,8
1,51
5,18
2,3
43,1
51,25
2,163
1,2
8,126
3,7
64,7
1,15
4,22
2,1
22,3
4,142
43,5
68,2
1,1
2,5
28,7
1,13
76,22
539,8
2,7
25,1
1,1
1,2
1,174
1,95
1,27
1,11
19,1
1,1
2,1
6,4
3,88
1,1
28,58
9,1
3,3
1,6
1,4
4,1
4,5
1367,1
1,372
6,2
2,133
1,1
352,38
1,8
1,56
13,1
27,1
2535,6
2,66
238,1299
2,2
5,44
2,1
34,16
13,4
1,11
2514,1
1,3
322,10
2,5
122,35
1,1
11,6
65,1
8,1
1,12
14,1
7,8
6,78
1,4
4,2
6,1
17,1
1,1
2,209
147,1
2,107
2326,2
10,7
1,1
6,4
1,5
81,4
1,1
3,284
2,4
13,5
5,3
62,4
334,11
5,9
58,429
23,44
2,3
1,1
136,2
4,5
1,1
2,7
1,3
3,4
1,39
3,40
1,3
2,4
2,2
1,3558
4,3
2,9
1,1
1,9
42,2
1,2
96,37
1,1
6,1
2,7
8,1
22,1
2,2
3,63
147,1
1,2
3,1147
8,2
1,8
4,1
1,5
4,1
5,652
1,1
1,283
2,1212
2,1
4,2
165,3
65,1
100,6
2,2
3,9
36,2
2,1
1365,588
18,1
2,10
8,1
8,2
1,907
3,15
7,1
2,22
1,7
17,2
4,6
3278,2
19,1
1,25
294,28
13,14
1,1
8,2211
2,1
6,4
7,625
1,13
2,10
1,1
3,1
17,46
1,1
204,235
1,5
8,14
4,1
2,2
2,35
7,1
1,4
1,3
1,29
51,17
1,42
2,2
1,2
88,1
1,1
1,1
91,4
141,46
8,122
9,1
2,1
172,1
8,200
99,1
2,133
23,33
14,2284
3,7
2773,4
710,1
349,3
2,4222
33,6
8,1
102,1
2,34
1,1
2,2
1392,1
4,10
1,191
1,1
1,38
6,3
1,25
1,3
15,257
649,1
710,1
2,32
1,107
4,61
168,3
17,21
2,1
1,1
3,5
2,5
30,2
2,2
7,7
196,217
3,1
2,2
93,6
2,1
77,1148
2,3
1157,4313
2,2
292,1
1953,1
1,1
1,8
3,1
6,2
1,1
216,6
4,1
251,28
2,1
2,172
6,4
4,299
29,2
15,5
1,1
1,1
2,2
26,20
4,3
525,14
1,9
2,45
207,5
66,1
260,14
7,2
5,3
1,71
6,19
1,92
50,1
2,5
29,1
17,6
3,5
545,530
1,4
1,1
2,17
185,1
3,17
1,13
159,1
21,59
1,19
241,13
1,53
1,1
1,10
3,2
1,573
6,19
23,12
8,6
1,14
25,1
23,2170
3,29
4,10
82,7
5,3
1,3
11,1
10,13
247,20
6,1142
1,307
59,46
4,149
1,19
22,18
2,4
5,4
10,1297
23,2
1,3
1,1
13,3
26,1
6,5
117,2
2,56
25,112
1,1820
3,3
22,2
1,10
18,1
118,1
21,16
2629,14
1,4
3,7
25,4
1,11
37,14
1,1
37,1
1,1
16,1
32,119
1,3
1,51
14,1
8,160
99,2
3,5
23,1
16,22
2,10
7,1
5,773
4,4
4,2
1,2
3679,1
233,1
3,2
2,7
1,86
1,3
1,1
1736,5
2,1
4,13
1,2302
529,27
2,4
3,4016
88,1
1,1
13,30
1,1
6,8
1,1
283,64
6,6
2,1
20,13
2,1
316,9
3,5
1,203
10,107
2,1
154,4
6,2
21,4
7,18
2,1
22,1
1,5
5,44
177,3
1183,1
11,1
36,1
3,546
439,1
40,3
1,6
16,5
2,216
5,2
3,3
4,12
14,11
9,1
33,3
16,12
2,3866
1,13
6,20
2,1
1,24
4,42
20,1
1,21
1,8
2,3
11,1
1,1
1945,5
2,10
12,4
6,9
359,343
2,6
3,6
1,445
3,28
1,741
12,1
5,7
2,1
11,4
5,1
25,1
713,1
1,13
4,1
75,1
6,14
1,1
3,2
2,3
1,15
204,19
21,3
11,510
34,3
3,15
1,10
11,1
6,9
10,4
1,1
6,1
2,1
3,1
1,167
11,1
89,1
10,12
2,23
9,38
10,23
3,2
2,59
12,479
3,2
2,15
1,11
1,3
1,2
7,8
1,1
1,3
40,6
960,2
6,61
300,1
1,4
48,1
842,8
10,8
1931,3
21,1
1,1
202,1
3,16
7,9
13,182
617,36
2,679
48,1
4,5
9,1
2,1
6,1
1,1
34,6
1,15
1,37
1,196
1,4
4,8
2,62
204,5
2,6
9,2
1,16
1,9
1,27
11,69
1,44
1,46
1,5
40,9
3,8
10,1
1,2
52,21
1,1
1,1
1,2
211,28
4,4
1,2
126,5
3,2
11,1
11,23
1,20
1,10
1,8
1,12
1996,2
1,4
1,13
3171,1
4,2678
1,223
9,3
9,1
1,2
3,2
29,2423
2,328
16,2
2,11
2,65
74,18
111,35
10,16
2,21
22,2128
1,11
12,1
1,34
2,5
17,2
2,2
84,5
19,35
678,2
7,1
257,2
5,1233
6,2500
4,1
21,34
3,1
1,26
1,10
3,25
1,1
3,3
1,29
2,210
1,6
2,81
5,13
3,404
62,1
29,150
2,2
13,492
1,60
1,1820
32,25
5,138
1,826
19,23
3,5
10,2
1,1
2,12
1,2
1,1354
1,44
1,5
4,330
3886,997
2,1
1,2
2,1
1,1216
67,5
1,3
4,27
1,22
1,1
18,67
1,7
742,32
4,15
2,19
140,74
54,23
3,2
8,4
24,1
3,19
126,401
14,18
1,5
1,3
1,2
9,1
1,6
2,6
587,63
16,211
2,24
35,6
7,2
42,1
1,1173
1,1
6,359
107,3
12,1
100,12
4,5
1,1357
1,78
3,2
1,35
497,3
59,74
2,1
16,35
1,223
2,122
317,1
4,3
1,1
570,1
10,1
1657,1
8,5
1,4702
1,154
16,8
8,9
25,1
16,10
10,1
4,61
38,26
11,1
130,2
1,5
66,230
52,2
3,1
67,110
2,4
3,2
1,10
2,3
2,73
1,39
1,2813
9,1
2,1
7,3375
1,3
18,1
3,8
1,3
8,7
1,6
2,1
2,2
8,2
1,2
34,12
25,2
204,1
22,1
3,1
117,6
44,55
32,1
16,1
5,1
2,3
486,1
45,4
61,2
16,254
2,1
10,1
47,495
3,26
1,66
540,2
138,1
155,26
67,40
5,6
1,21
1,1
2,93
1448,3
10,1
5,26
1,1
34,1
1,3
8,3668
13,1241
1,1
748,4
1,32
2,1
38,1
1,19
3,13
4,1
3,1
14,174
1,9
39,58
578,23
3,4
1,11
10,3
1,11
30,176
2,30
9,1
2,22
4,1
3,3
1,4
3,4
1008,2
2,14
3,1
6,3
3,2
4,1
1,3
3483,1
890,1
36,1
3,2
1,292
2,87
3,3
2,14
1,1
1,8
7,37
602,10
1,2
2,10
23,2
42,7
170,2
1,2
1,8
8,1
2,12
2,1
2,8
187,1
215,1
31,2
27,324
5,4
15,1
1,12
1,1
7,4
38,10
3,1
5,2
3,6
181,602
3,3374
1,9
6,9
1,4
1,15
153,17
1,140
5,2
4,1
10,86
10,1
343,5
2,7
756,1
1,1
5,2
2,2
1,9
9,3
3,1
8,396
62,621
7,5
1,1
28,2
13,3
258,2068
85,1
7,1
10,3
34,1
4,13
2,15
6,5
2,9
26,12
1,1
2,711
218,499
211,1
1,62
10,1953
1,1707
42,3
1743,8
10,29
6,316
15,2
1,26
1,4
2,935
1,36
48,8
9,11
32,44
1,1
7,20
1,1
6,14
2028,1
869,2246
1057,1
6,8
1,17
8,1
3,1
1,1
1350,12
2,6
36,7
3,1
3,342
6,1
12,50
2,1
1,26
2422,6
15,2
69,92
16,62
1,5
2,2
1,7
1,178
4,12
1,2
43,1
2,2
1,10
20,5
17,1
1,9
7,2
17,86
1,46
2,46
1,2
15,18
9,8
2,31
1,27
20,111
2,27
258,159
4,103
1642,1
2,1
1,45
1,1
5,3
2,2
79,8
1,1
116,1
2,240
1,2
71,3
16,140
2,63
1074,3
9,8
3,7
12,4
3,1
35,144
3,94
1,2
64,4
40,13
28,5
48,1
4,1
1,3
3,1
57,6
11,1
4,35
1,39
16,17
236,189
1,585
2,15
3,7
1,1
13,1
36,778
7,1
268,12
10,185
156,11
2,2
1,78
11,4
5,87
1,1
2,316
189,1
1,2
1,243
12,6
30,568
10,4
45,8
1,60
1,4
9,18
173,12
10,43
1,5
10,19
4,2287
5,12
2,1
657,1
16,35
72,1
4,4943
4,1
16,12
2,1
91,8
437,5
26,34
4,7
2,4
5,4
25,4
1,6
10,5
14,1
10,1
33,4
1,4
4,1
1827,1
3,3
16,1209
12,2
9,200
19,2
5,11
4,1
3,44
1,5
149,6
1,1
1,48
1,13
2,43
49,1
1,14
5,4
24,2
16,1
4,3
7,4
15,2
2,1
50,4
5,1
1,8
15,5
19,185
1,12
1,1
15,17
1,1
1230,4
1,2
1,11
1,1
1,1
22,10
4,4
17,19
20,3
2,11
5,12
167,3
9,25
21,3
28,5
1,17
1,3
66,102
81,5
27,1
43,2
1,190
15,75
5,1461
1061,2
1,1
1,1
11,2
23,23
2,1
4,1
1,33
1,68
3,348
2,106
14,1
45,1
4,4377
5,2
17,13
2385,220
23,1
13,2
146,1
17,1
37,1
353,9
1,2
1,1
641,16
1,23
134,1
4,664
6,2
1,3
1,32
2,1
10,1
6,148
1,4
14,3
557,19
38,1
15,2
399,3
1,9
2,1
9,3
5,18
2,29
9,13
6,1
1,4
1,1
6,1
1,2
4,26
9,4
1,37
1,19
2,1
1,11
10,7
13,6
1,30
1,2
3,795
61,15
7,3
292,1
2,1
6,8
2,5
913,13
14,1
3,1
423,6
1,35
3,3
26,2
1,12
1,3
76,2
1,1
106,345
2,1
18,2
43,5
1,5
500,2
1,11
7,79
10,17
71,2
5,88
2,154
3,1
3,29
1,1
42,28
9,13
1,1
345,1
2,159
2,28
3,107
7,32
489,10
2,2
21,9
2,5
1,9
77,3
1,3
26,3
1,6
248,20
3,336
15,10
2,702
248,1
60,8
4,1
1,4
2,2
27,1
3,3
1637,6
59,2
213,7
2374,6
2,5
5,83
92,48
8,9
2,3
48,736
1,2
2,5
2,17
4,172
18,1
5,20
1,1
1,6
2,6
211,5
149,24
6,1
2,1
2,15
1,1
1,29
1,1
630,16
16,1
4,1
877,19
15,3
3,7
4,1
4,62
9,2
3,1
104,14
1,2
185,2
31,7
1,2
3,2
10,100
53,1
17,453
567,7
7,157
41,7
1,1
4,258
24,1
1,4
16,3
1,2
389,3
36,3
5,1
71,1
2,4
1,51
1,2
2,7
3,485
1,5
7,6
3,1
6,1
1,1
2,65
3,48
985,1
1,9
11,298
4,369
70,1
7,3935
12,1
2451,1
18,955
30,2723
3,18
2,8
1,2
2,1175
1,12
70,1
4,1
38,2
1,5
2,70
147,2
1,5
2,58
2,4
2,5
1,59
15,1
1,240
2,5
1,2
160,17
569,2
2,147
131,4
2,35
3,7
2,2
21,66
1,6
3,2
2,1
11,4
11,2
5,1
7,2
22,1756
1,445
3,3
10,58
48,1
773,2
2,1
1,1012
15,5
9,487
266,1
1,132
1,2
1,2
97,1
5,1
16,19
7,1
14,1
11,1
35,2
1,4
25,1366
2197,4
46,1
1,1
157,10
82,84
1,16
15,3
411,1
5,1
1,4
65,13
5,11
159,7
1,2
1,49
126,947
1,1
1,1
1704,12
12,1
18,219
3,1
2,13
4833,1
2,26
540,2234
1,4
3,6
121,2
2,95
58,1
225,1
1,172
9,178
633,1
49,3
26,1
3,13
5,11
1,15
272,3358
7,18
816,2
20,46
2,17
16,4
4,1
12,181
15,3
40,4
1,1342
2,2
151,2
79,2
2,1
220,18
2,5
12,7
14,4
2,1
88,9
1,4
42,9
1,11
3,6
1,1
20,76
2,1
443,179
1,1
4,4
5,1
12,2
3,4
1,3
2,7
3,48
276,35
38,11
1204,4
14,2
2,4
3,7
340,1
10,2
3,2
1,66
38,5
1,1280
2,4
2,55
7,1
2,3
4,4
79,2
145,1
1,37
14,1
6,8
10,884
2,237
1,18
1,1
228,70
36,1
1,11
1,1
12,4
57,1
6,1
6,86
1,273
439,4
4,2
871,3436
2,19
23,12
5,3
1,4
12,3
21,54
2,1
1,2
2,88
9,37
14,116
767,45
1,1
2,1
38,275
66,4
3,13
1,17
5,1
4,44
8,1
1,3
24,2
16,2
2,1
21,3
366,2
2,29
1253,13
1,44
9,24
1,1
37,210
1,10
6,1
1,15
6,1
138,1
25,3725
17,1
1,8
28,1
2,16
2,330
15,1
39,22
2,123
1,1
1,2
1,9
3,2
1,1
23,3
163,41
5,509
1,2
1,1
2,411
1,28
91,2297
8,934
29,3
159,830
162,19
1,28
7,11
11,7
4,3134
51,6
15,1
27,1
14,5
10,1
2,1
8,2
4,7
2,96
71,6
1,1
1,1
8,2
1,15
49,107
3,2
6,2
1,19
2,9
6,25
2,1
1,8
2,11
7,1
52,63
63,2
3,1
201,1
1,1
87,14
1,2
1,56
1,11
1,5
1,5
2,4
24,3
2,1
2,10
5,1
1046,35
17,1
1,178
11,100
19,8
37,44
481,70
2,6
15,20
2,6
74,2
1,419
27,1
5,11
27,9
1,3554
4,1
1,33
1,18
16,95
1006,3
1,528
137,15
4,18
5,33
1727,217
372,86
36,30
11,4
2,1053
1,1
3,4
1,1
26,1
951,2
72,38
2,3
8,1
17,4
5,4
2,217
155,1
1,55
176,1
1,15
1448,1
1,2
549,1
2,180
1,20
2,31
4,1
1,31
26,1820
50,3
6,1
13,1
1,1
53,19
2,2
11,2
184,12
3,11
6,1223
1,8
20,2
91,99
1,5
183,3
24,18
5,3
3,2
12,1
1,1
31,2
1,2453
6,1
34,3
15,4
1,1
55,16
48,1
1,9
1,18
7,1
4,1
1,21
15,763
5,8
2,1
4,20
1,158
2,1
1806,2678
1,3
4,55
5,26
2,1
1,4
1,153
3,1
4,2
7,1
19,20
1,1
1,3
6,2
11,3
45,50
570,2
2,3
3,1
4,1
1,4
5,68
149,1
12,2
1033,6
2,3
3,5
20,1367
10,17
42,3
1,6
16,15
6,9
101,5
12,10
1,9
80,456
1,33
2,26
93,10
3,88
167,1
3,121
1,2
14,1
1,3
19,1
7,23
7,1
2,2
1,1
4,101
1,2
11,1
1,1
2,3
7,1
854,1
3,1
4,82
3,22
4,376
2757,1
3,3
1,9
1,8
1,333
6,33
3,2
3,305
2,3
5,12
359,1
1,113
36,1
5,1
1,1651
1,108
1,22
2,2
11,3
1,2
1,2
5,2134
1,30
1,32
1,4
1,1
227,7
3,2
7,1
1,4
1,1
17,1
3,7
1,11
1,56
19,2
98,18
28,6
43,8
7,3
2,368
5,5
12,4
6,3
2,3
2,1
8,1
26,590
8,3
2,52
26,40
7,52
23,51
16,1
21,44
1,1
1114,1
257,2
46,75
1,23
194,14
14,1
1,1
29,12
999,171
539,187
89,1
1,17
2,18
3,1
1,6
11,1
2,64
1,13
1,3
14,20
50,1
144,138
1,1
318,1
1,136
17,23
2,196
1,1
1,19
5,3
3,218
12,98
1,7
282,39
4,3
16,3
2,2
242,2
1,1
1,1
6,17
1,180
6,6
5,2
1,2
11,1450
8,7
2,1
136,6
105,2
2,7
1,48
2,201
1,188
5,112
5,423
17,118
34,5
1,96
2,3
11,861
1,1
2,305
6,1
32,9
1,725
4,3
9,41
2,1
1434,4
2,11
54,1
2,91
4,1
15,2
1,23
10,2
539,697
186,151
184,5
1,1
1,15
1,29
21,1086
8,4
10,4
1,1
45,4
3,16
1,6
1713,1
21,1
1,1
9,116
8,29
1,2
2,2
1,2
1,18
62,32
61,16
1,2
53,2
1,2
1,1
5,4
3427,25
1,1
233,25
32,21
128,8
2,84
1,23
26,1
12,1
1,2
1,2
17,1365
2,944
235,23
1,3
2,1
1,1260
8,4
4,17
267,1
1,6
13,18
1,5
4,15
3,3
1,1
2,1
268,205
128,5
5,2
32,65
26,229
13,1
741,151
5,6
14,1
88,17
2,4
1,23
5,1
4,1
32,11
4,524
126,55
3,25
2,4
2,1
1,34
2,26
8,2
7,219
3,1
36,76
1,18
2,1
4586,354
1,1
1,5
9,1
1,1
15,21
1,8
158,1494
13,1
1115,69
8,21
29,1
2,17
1,3
160,263
1,6
21,3
2,10
6,1
4,4
82,26
10,4
32,3
7,4
45,2
4,19
735,4028
2,18
4,2
46,535
36,2
2,1
192,3
8,2
1,1
2,30
2,1
7,2
8,38
2,144
82,2
1,1
2,377
1,44
4,2
18,11
6,179
17,3
1,91
1,103
109,1
30,1
31,13
9,18
3,1
2,47
5,30
2,54
41,1
25,16
5,5
3,5
1,1
15,38
2,1
34,18
3,2
1,5
4,5
1,109
18,1
5,2
3,13
68,2
1,35
15,1
19,5
65,1
11,6
2,18
35,2
4,1
131,8
5,1
3,6
8,84
16,2
2586,127
1,3
32,5
1,2
1,15
116,11
4,1
2,7
4,11
1,107
5,128
142,1
2,63
6,75
1,8
103,1
1,28
73,25
1,1
1,2859
5,2
1,44
37,4
222,19
10,2
15,1
426,7
6,121
2,2
20,7
4,17
29,50
43,589
6,2
155,2
1,1
12,3
1,10
1,3
5,7
4,6
1,7
3,2
20,8
2,24
14,1
8,51
64,4537
3,356
15,84
20,1
45,1
3,6
2,23
3,12
4,7
1,19
1,1
1,2
2,2
11,30
27,3
10,4
1,34
1,1
1,7
1,2
1,18
106,4
13,7
2,23
1190,4
10,199
3,3
52,37
70,1
1,1
3,3
49,1
45,1
7,1
1,1
1,24
1,5
1,2
1,17
16,103
13,2
9,99
1,3
64,3
1,10
3050,253
15,63
1,491
2,22
1,3
359,1647
8,137
3,2
7,1
37,1
353,5
5,2
8,65
5,1
10,14
62,3
229,4
2,43
2,1
3,4
1,1
33,4
1,21
6,1
6,4
247,7
466,86
82,1
1,3474
3,2
1,28
1,122
1,2
1,996
10,2
6,4
1,2
149,1
5,7
5,65
272,2
13,12
16,396
715,4
2,394
775,1
384,8
2428,3
2,1
3,4
245,1
2,17
3,7
16,18
5,21
19,1
2,1203
6,42
26,8
76,48
464,2
2,3
79,11
1,8
9,22
5,14
1,17
1,16
71,35
3,1
1,2
101,2
11,38
37,322
799,7
7,1
1,1
1,1
683,3
9,6
10,29
1,140
30,2
2,3
1,3
3,5
3,1555
1,1
1,1
4,1587
5,3
1,2
15,2
8,8
5,1
2,5
24,2
2,200
212,203
55,119
3,1
122,18
1,9
2,356
2,2
10,1
822,6
9,203
4,27
2,7
30,77
1,2
1,265
3,2
1,1
10,1
29,3
125,90
3,2
6,38
295,2
1,3
245,9
1,1
87,3
7,1
171,7
1,2
1,16
1,3
1,2
6,2
1,65
10,44
102,89
2,8
4,4
2389,24
8,1
2,160
2,4
8,2
6,1
8,1
7,1
365,10
1,261
1,12
50,1
26,1
3,8
4,2
1,34
1435,1
1,4
423,4
3,2
14,1
413,2
16,3
203,4
6,10
137,94
1,1
4,2
1,1
205,7
33,16
6,920
1,910
4,6
2,5
1768,1
1,59
5,2
54,29
3,2
7,1
23,1
29,1
1,1
15,1
39,1
61,892
9,11
7,1
7,1
1,125
4,1
10,2
135,1
17,1
1,4
4,2
41,67
14,1
1,5
25,1
1,19
36,3
1542,2
3,3
19,3
822,1
2,2
1,6
397,25
2,192
695,1
1,1
138,1
256,40
16,1
125,85
1,3
49,1
75,7
1,57
54,155
34,3
75,372
3,1149
25,2
17,945
6,84
211,4
3,4
15,8
2303,221
438,37
1,3
24,7
1,2
2,1
181,2
1,1
22,2
8,241
2,8
3,3
1,4
126,1
1,3
1,2
5,1
1357,1
1,1
29,2
34,8
1,36
764,7
1,2
2,11
25,42
3257,1
2,1
7,15
1,1
17,6
2,14
5,4
86,8
3,2
80,4
1,11
11,1
26,2
16,1
91,7
3,1
2,3
5,6
34,2
421,60
7,2
14,24
2,1
23,1
449,37
11,1
1,5
19,4840
9,12
1,2
12,1
2,88
120,9
1737,11
11,2
49,1
2,2
1,88
57,4
26,23
12,627
10,3
1,27
6,1
6,1
2,148
1,2
6,3
177,1
1,4
2,213
1,2
34,37
9,5
3,1
27,5
2,2
23,4
8,4
3,5
15,1
122,1
1,426
9,1
10,183
93,3
18,35
89,9
7,3
1,1
3,3
278,20
1,1
2,8
2,346
2,355
64,1
2,3
4,6
28,6
134,23
4,8
7,1
359,1
19,34
3314,73
3,1
4,4413
28,64
1,570
1,7
992,756
234,1
1,22
11,2
1,1
4,1
51,48
255,6
1,2
10,5
2229,57
1,486
1,5
370,3
2,1
918,9
6,6
1,3
9,1
1,2
18,4
8,3
1,9
2,1
3,3
7,1
2309,137
2,2
3,2
395,3
2,24
1,3
6,3
3,1
1,134
8,5
1,20
22,3
2,1
5,7
1027,13
191,128
1050,1
24,9
1,6
11,1
4,1
4,1
31,7
1,31
1,14
743,55
362,11
28,14
3,2
1,18
24,608
130,24
5,1
70,2
30,21
1,3
139,2
1,4
7,24
2,9
6,2
1,3
23,5
5,14
188,62
1,1
5,1
2,10
12,3
22,1
1,316
352,6
1,3
6,14
3,16
1,6
210,1955
6,1
4,74
4,4
8,252
6,265
1,274
3,118
2,1
26,15
2,4
4,1
14,10
1,11
18,57
24,3
2,1
1,3
8,1
1,16
1,19
1,2
106,34
22,2
1,7
12,13
36,5
154,8
22,344
11,917
4,32
14,72
7,1
70,14
4,12
18,2
1,2
52,2
1,7
3,3
1,1
305,818
198,1
11,3
4,9
1,10
2,13
420,43
113,28
2,6
310,1
1,16
18,2
1,14
50,7
4,4
6,2
3,1
4,1
1,7
1,418
51,1
75,28
20,1
3,45
17,1
5,1
1,2
1,1
4,28
1,1
86,12
2,1
4,22
1,57
3,72
7,78
15,12
1,39
6,1
1,3
1,2
5,1
3,49
6,3
166,19
1,3
26,3
61,3
45,914
10,3
2,6
6,1
1,2
5,61
9,1
2,35
6,7
86,4
4,6
6,1
6,1
30,1
8,171
91,38
1,1
1,12
5,6
4,2
557,2
3,15
37,6
1,3296
1,20
12,1
1,2
3,3
280,9
199,360
10,5
7,9
3,4
3725,3
797,2
47,16
4,2995
2318,25
1021,1
7,11
2,1689
5,1
1,1
1,22
2,71
1,3593
2,22
1,2
1,11
130,1
13,18
56,10
2,400
1681,219
35,8
1,67
1783,246
2,23
144,1
1,1
1,2642
2,4
4,6
1,10
349,2
46,6
138,6
2,2
1,1228
5,5
1,3
1,2
12,12
8,5
5,25
2,1
4026,98
5,20
3587,7
467,3
266,2
57,4
2,2256
1,1
20,1
4,19
63,1
254,1
1,15
36,3
147,1
38,14
2,29
2,1
1,6
3,4
1,5
169,1
3,12
4,40
10,2
547,1
3,2
1,57
2,261
19,1
7,176
7,26
2055,50
86,7
240,2
2,1
7,31
44,23
4,36
1,1
1043,9
3,2077
1,2
2,1
2,5
5,39
124,1
76,30
12,1
3,105
38,2
4,649
744,5
1,78
2,193
2,2
1,833
2,87
2,1
2,4
5,6
1,1
5,7
1,1
46,531
15,12
192,1
396,1
174,128
6,13
2,7
7,119
5,335
1,2
3,159
1,16
1,3
1,4
247,7
2,30
4,2
26,143
1,1
1,6
3,7
3,2
6,1
1,1
5,19
257,8
1365,19
31,22
18,6
6,1
1,9
2,1
1,2
140,355
164,9
5,70
1,14
2,2
2,581
2412,1
1114,1
1,1
12,1
1,813
434,1
1,1
2,52
2,2
2,58
1,2
1,311
138,370
8,6
2,1
52,621
2,1
14,6
63,8
77,2
1,11
2,2
1,1
1141,1
6,18
61,11
1,10
29,7
1,1
3,20
47,1
264,1
7,1
12,2
3914,7
2,2
22,3150
5,8
1,1
2,3
14,44
3,1
444,2
82,1
6,1
7,36
1,2
8,54
28,32
1,5
2,2
362,4
12,2
39,1
159,5
1,3
1,1
2,22
1,27
6,2
10,1
11,4
1175,2
6,3
46,233
11,3
1,6
280,1
5,85
1,1
11,15
8,26
2,1
17,1
24,1
5,1
14,2
20,12
39,1
1,4
6,3
1,55
252,1
2,2
4,1
146,42
3,1
28,2
1,24
4,2
11,4
1,6
5,159
1285,1
1,10
64,2
2,419
2,5
1,1
9,11
10,1
3,25
1,6
4,1
1,1
530,7
7,22
1,13
1,4
4,2
19,1
1,1
571,1
496,4
16,37
12,3
26,1
1,9
6,1
16,4
3,2
2,8
4,208
1,19
1,3
1,15
2,5
1,1
12,2
7,1
8,24
11,4
4,1
8,10
2,1
47,34
112,3
75,21
1,1
17,6
1,3
1,1
10,18
1,691
2,1
1369,4
8,1
140,1
147,1
1,38
225,1
72,4
4,121
112,1
2,2
2,1948
2,1
4,619
336,24
5,11
1,1
3,1
1,1
1,2
47,1
1,2
25,16
10,20
1110,34
47,4
5,1
2,29
36,2
14,1
1,1
6,1
2,2
1,9
13,7
13,1
12,2
1,1
2,1625
30,6
29,5
2,4
10,55
55,31
55,6
2,4
1,621
9,1
1,40
1,4
1,16
5,12
1,1897
308,2
1,2
38,2
1770,2
1,3
2,1
2,1
2,1
5,7
1,99
55,510
4,1
26,1
5,1
12,2
11,35
139,1
10,17
144,1
1,4
33,2
2,34
5,138
27,1
1,86
2,2
86,21
66,1
299,1
1,3
1,15
2,1
1,3
20,5
132,1
1,2
1,24
27,2
11,1
41,12
24,2
1,1
26,70
924,3
28,4815
141,720
16,4
2,9
13,11
244,1
33,2
1,1
1,1
2,356
2,25
5,13
61,1
3256,117
5,3
11,7
1,3
2594,81
13,36
28,1
4,4
1,120
35,94
16,3
1,3
1,7
1,3
1,4
275,30
4,44
131,2
20,44
1,2
8,45
19,45
1,1373
782,10
89,2
1,1
6,2
158,5
1,4
18,1
11,581
1,3
2,32
1,1
2,978
521,14
1,6
3,4
1,2
16,2
3,13
28,2
8,3346
5,31
1,32
51,406
1,2
104,3
1,1
3,1
5,15
1,633
7,1
245,2
1,47
19,40
1,7
6,1
1,92
2,7
3,4
334,15
1,112
1,83
15,9
2,6
4,1
651,7
78,1
45,6
577,2
11,151
1,7
43,1
89,335
1,23
23,3
2,8
12,1
5,204
1,2
1,449
707,5
35,3
121,29
3,7
75,1
1,219
10,28
3,3
45,4
6,3
6,4
6,1
9,8
8,19
99,1
2,4
7,3
8,2
8,3
2,1
43,6
1,34
4,261
73,4
1,16
23,8
1,1
2,14
1,174
3,27
13,67
3,4
3,1
18,5
6,27
3,7
11,1
3,30
8,2
1,6
959,38
17,3
87,31
1,1
5,1
5,8
1,1
21,1
62,170
1,2
1,15
167,2
7,1
2,2
2,7
66,14
6,85
2,6
3,1
1,60
1,1
77,5
504,13
1,155
452,15
1,10
6,1
1,1
5,12
8,69
4,17
11,29
1,1
24,3
1,8
525,172
1,1
4,21
34,1
61,3
3477,3176
1963,3
5,42
60,1
1,21
6,26
21,18
73,2
35,2
2,1
2,43
10,2
16,10
5,7
3997,6
10,13
55,2
2,1
27,12
3,2
3,1
51,1
7,1
1,207
13,9
10,4
7,41
1,564
1,1
165,2
1,15
36,79
3,6
2,1
3,16
15,11
1,3
2,1
1488,13
1,1
5,1
2,3
49,1
4,1
9,52
1,194
4,5
1,5
2801,9
27,73
1,2
80,199
22,3
3,35
7,3
1,1
3,3
47,4
11,29
1,1
1,4
4,23
53,3
1,3
1,2
119,1568
9,1
111,1174
2,13
326,6
1,121
54,15
55,4
2,1
3,57
12,190
18,30
2,4
8,3
9,3
39,11
6,1
909,1
20,5
4,14
238,43
9,1504
117,162
1,350
22,21
48,1
1,14
2,1
19,3
3,8
153,1
1,1
6,497
1,119
6,1
4,7
2579,4
6,10
944,2
1,1
2,3
12,2
2,4
1,4
15,4
1,5
10,2
70,1
6,2
27,2165
2,122
1,4
1,2
1,4
8,6
1,1
2,1
1,1
4,1
2,5
28,6
13,1
11,2
43,3
31,8
1,9
1,2
746,3
24,1
2,4610
1,8
3,1
1,4
7,68
1,962
78,1
4,18
1,8
9,144
17,1
4,25
2640,2
1,116
5,1
1,2
3,10
7,7
1,1
1,1
1,2
12,618
232,4
34,6
1,1
1,17
2,34
1,3
2,1
1,2
6,3
2,111
20,3
6,1
12,1
2,1
43,2
11,3
7,467
1,2
32,1
4,3
15,4
6,1
79,1
1,1
57,1
1,6
1,2
2,1
1,18
607,3
1,3
6,16
2,123
1,29
4,2
1,4
2,2
10,40
507,51
3,8
1,2
3,2
18,77
6,1
12,2
1,62
5,1
4,5
3,14
67,4
10,21
4,5
1,36
2184,2
4,6
1,2
2,669
2,57
1,17
1,10
12,1
3,4
2,2
2,5
1,168
1,165
2,25
3,11
1,6
116,6
5,1
3,10
9,1
48,3
3,3
645,2
5,1423
16,9
1,1
8,3
2,104
5,3
101,82
7,8
1,129
10,381
2434,2
1,49
196,2
9,70
10,1
56,4
3,1
1,5
3,1
3,35
1,12
1,1
15,1
3,7
17,38
19,6
2,10
4209,5
151,11
6,1
1,1
418,9
1,1
13,5
6,3
32,2
10,2
5,34
35,1
2,11
3,1
11,1
5,1
1,1
4,3
4,11
5,7
3,4
3,71
162,4
1,8
2,9
1,41
20,3
428,2
2,2
10,8
8,1
175,1
6,11
728,17
2,484
3,5
4,3
15,3
234,2
3,3
1,1
3,1
95,4
1,5
1,1
75,1
1,32
101,5
1,2
67,38
39,214
2,72
5,43
4,1
1,2
1,1
1,1
1,136
25,2
6,18
329,55
1,7
16,1
15,13
2,3
2,15
3,3
11,1
1,4
3,12
1,7
15,1031
3,74
1,17
1787,115
1,3
25,80
2,6
15,1923
17,1
195,15
44,1
25,2
1,1
9,24
192,1
90,3753
4,42
35,262
1,6
3,615
1,3
15,2249
9,1
1,6
1,2
11,1
3,186
1,30
1,3
7,5
2,6
879,5
12,1
1,71
5,3
4,1012
6,30
2,10
3,180
10,48
40,2
3,2
2,1463
4,1
2,2
113,1
6,5
47,2
2,1
83,1
2,48
1282,48
502,4254
64,32
13,472
28,414
59,2
1,1
6,16
1,1
10,15
2112,3
149,3
1,8
2,47
1,533
1,26
1,2
3,2
3,1
1,9
1,913
1,152
5,293
5,1
3,1
4,1
1,2
4,8
2,11
2,6
15,613
2,6
3,1
14,3
2,49
49,1
351,29
1,2
2,1
4,1
78,1
1,2
1,153
349,14
3,1
1,1
2,1
1,23
23,16
20,5
5,4
18,244
330,22
8,4
1,7
3,71
2,2
1,2
4,8
3,2
2,43
2,61
1,12
6,1
688,19
69,1
1,2
1,1
1,13
1,3
1,23
26,2
1,1
12,9
1,5
17,11
28,7
3,1
1,2
4,1
18,64
318,3
1,3
1,3
4,6
2,12
1,1
1,6
1,70
1,2
4,2
2,4
3,22
2,44
1241,1
4,1160
1,7
1,4
445,9
2501,1
17,2
1,2
6,4
6,107
1770,2
49,1
2,2
19,4
19,1
1,1
1,3
4,2
2,1
5,1
1,1
2,2
617,3
84,1
7,2
1112,100
1,4
3,13
1,1
1,1
1,1
4,1
6,1
2,22
4,4
9,2
14,6
9,690
2,1
2,4
1,1
2,2
2,2
1,413
21,2
1,8
34,2
2,342
8,2
1,2
2,24
15,4
27,1
1,3
135,1
78,10
5,1
1,129
1,143
16,347
224,1
412,13
2,9
1,4
2928,7
23,6
1,1
1,7
18,1
17,2
1,2
749,1
11,2
2,52
10,9
82,3
1,1
1,2
1,310
2,51
2,1
2,184
6,5
71,1
82,2
23,1
1,5
4,116
1,2
7,1
4,1
1,3
4,111
326,6
3,55
86,7
1,7
114,7
402,79
4,68
10,4
211,20
2,5
1079,11
5,3
822,4
16,8
3,8
1,1
3,3056
1,48
8,1
70,1
550,15
25,1
25,25
3,2
1,277
5,1
3,10
1,26
5,9
1,1
3,32
5,6
38,26
40,30
49,4
19,4
8,8
2,1
15,7
4,16
44,5
4,2
3,3
8,1
9,241
1,708
43,2
6,6
3,90
1,2
1,3
1,1
10,736
8,31
1,2
57,20
3,16
12,1
1,3
5,17
11,14
732,1
1,2
1,2
4,4
1,7
2,24
12,1
6,37
2,3
32,2092
175,1
9,67
1,17
17,1
2,1
1,31
30,5
31,2
2,1
1,5
3,168
6,5
1,4
7,1
22,5
1,14
11,4
4168,1230
214,2
1039,5
3,1
2,4
2,2
1,2
294,1
12,80
1,4
2,1
71,2
9,15
193,1
1,136
4,70
1,19
1,1
1,23
274,1
5,72
68,24
1,27
6,17
279,46
18,897
5,54
1,9
1,4
2,70
1,3
12,3
55,13
1,1728
1,2
2,24
677,4
1,65
50,15
3,2
1,2
35,1
1,1
4,1
50,10
2,70
2,2
8,9
101,74
8,1
6,15
2,6
11,6
47,1
841,1
2,5
33,1
1178,5
5,20
1,1
7,31
17,388
1,1
8,5
8,2
17,1
3,33
3,1
1,124
3,78
1,9
90,159
5,223
324,10
1,1
331,1
43,9
14,25
3,651
1,1
8,3
2,3
1,4
1,27
640,1
2,17
3,2
60,470
2749,1
13,1
1,72
17,1
758,5
1127,1
4,5
1,2
15,21
1,6
138,3
1137,207
28,38
741,2
1,16
3,1
1,975
96,76
5,1
9,1
6,1
1,1
320,9
20,3
815,2
1,1
2,13
1,1
2,1
100,5
5,8
26,32
1,1
226,4
2,3
19,1
2,80
1,53
146,3
1,2
33,10
3,5
48,10
30,4
1,7
69,1
14,2
114,1
70,1
3853,23
1,6
2,2
35,31
2,2894
35,8
1,23
6,2483
23,2
25,25
139,5
4,1
1,91
1,71
9,4
20,2
1,2
7,5
43,1
2,13
2,2
86,2
46,2
2,1
2,201
25,11
1,2
10,1
3,2
1,2
2,2
2,2
2,7
129,4
6,2
827,20
272,2
4,82
706,1
1971,37
12,3
6,2
2181,88
115,1
1,1
1,3
35,3
1,4
197,5
3,1
2,1
1,1382
4,28
1,16
1,6
2,1
149,6
3,1
11,5
1,8
1,1
12,2
37,2
3,63
1,236
120,40
8,2
26,3
1,9
3,1
2,1
5,6
35,2
894,5
78,1666
57,5
49,2
4,2
3,1
11,2382
4,1
3740,1
4,1348
2,1
2,7
1,1
191,6
5,92
113,3
4,2
86,1
4,415
185,4
54,1771
42,1
1,9
1,291
3,3
3,4
106,3
1502,51
5,1
1,1
163,16
1,8
55,6
4,3
923,416
1,9
42,41
1,13
1,1
11,7
5,9
11,1166
3,1
1,126
107,306
1,46
2,6
1,344
1,12
8,20
4,109
506,22
1,4
1,57
329,53
3,63
3,1
1,50
2144,2568
1,19
77,5
9,5
2,6
597,11
3,159
4,1093
1,2
112,8
5,4
16,8
5,128
2,1
1,40
4,14
1,2135
1,3
2,4
178,1
2,2
712,46
11,1
3,83
15,10
1,296
1,34
527,4
15,562
134,1
3,36
5,3
1,94
10,164
10,36
354,42
1,3
3,2
12,6
11,2
291,3
40,9
1,988
2,2
32,1
60,8
2,285
1,1
3,1
1,1
1,2
13,1
29,173
15,112
4,8
9,4
14,1
8,71
26,1
1,6
20,1
77,1
1,1
1,2
2,1
15,1
17,1
7,153
778,4
4,4
1,5
1,171
1,7
1,3
2,15
16,1500
703,2
62,244
1,2
1,103
29,3
3,6
29,2269
9,2
5,4
7,28
1,3
1,1
1,134
18,14
376,18
4194,2952
3,1
45,9
1,1
1,2
3,1
2,12
1,24
5,76
26,11
2,13
1,1385
200,1130
4,1
5,1
839,1
397,2
3,3013
1,6
7,151
3,518
1,1
26,31
31,7
1,6
8,111
3,647
1,52
39,45
1,1
8,1
2,4
1,49
14,2
3,1
2,2
1,4
1,7
309,9
1,30
8,5
296,8
2,62
1,4
8,2696
39,6
8,56
1,8
5,13
1,1
2,28
2,2
147,19
223,13
22,4192
1,73
1,2788
1,157
162,2
2,1
1,2
1,8
3,1
2,3
1,1
2,9
2,1
1,8
6,93
5,4
15,88
3,1
1,98
3,406
1,1
1,1
1,3
5,3
1,9
1,36
14,5
2,2
1,2
910,1
206,2
1,1
17,2
95,455
5,2
6,2
9,2
323,1
883,1
2,2
8,4
1517,2
17,198
9,6
32,3
1,5
70,2
2,38
19,1
461,8
1,1
1,1
3,21
2,5
1,1
2,26
2,1
21,2
75,32
1,6
12,2
7,60
1,12
303,2
6,1
91,1
60,3463
51,1
2,1
1,1
11,1
17,87
1,756
1,1
78,31
58,765
225,1
9,2
12,28
4,74
16,47
11,3
1,73
16,4
6,32
7,33
1,1
7,2
4,3
7,3
3,1
564,1881
1,2
33,13
2,2
5,525
1,4
46,1
2,189
1,3
21,1
1,4
1,14
23,2
2,1
41,1
2654,2
1,4
1,1
3,7
5,3
10,5
1,144
175,3
6,153
1,1
4,5
1207,45
217,1
1,1
82,4
376,4
13,26
179,5
2,1
2629,3
12,116
1,48
392,291
1,5
47,2
5,51
5,1
114,19
15,2
1,1
4,3
6,1
2,2
14,1100
830,64
12,7
1221,213
3,2202
4,3
10,1
29,1
2,2
103,21
869,1
5,855
2,1
44,3
21,3
7,3
13,1
884,1
8,1
6,5
316,2
2,57
2,45
23,180
185,2
2,102
6,1
17,21
11,1
4,17
27,73
2768,27
3,13
90,4
9,1
2,1
1,2
40,2
4,6
12,249
3,14
21,15
1,60
27,4
4,5
11,11
1,8
71,5
1,223
1,85
1,1142
1,11
5,1
8,2
2,1
1,102
1,1
178,1
22,1
3,35
18,1094
8,1
2,2
1,1
23,158
155,71
2,4
3,6
2,262
1,5
1,1
1,8
2,3
3,3
1,12
3,3
93,6
14,36
4,1
8,4
1,6
5,307
167,4
1,27
1,1
2,5
1,210
1,18
2,2
24,1
328,1
36,39
2,5
35,11
2,9
1,1
259,2
5,10
1,139
7,72
8,1
26,7
1,197
7,3
5,1
12,7
522,5
2,1
52,6
3,20
796,4393
46,1648
19,1
1,10
2,4
1,1129
1,1
392,59
2,1
5,2
3,35
8,5
2,6
89,31
5,2
3,2
1,1
1,1
5,2
7,2
257,22
3,12
7,101
4,1
18,2
5,247
1,54
1,8
1,2
28,6
11,5
2,25
67,3
1,7
3,26
49,133
336,1
24,5
1,4
6,2
2,1
203,21
2,2
3,135
54,2
13,36
75,91
65,2
31,2
10,35
2,1
1,18
1,10
1922,5
1,1
3,1
13,1
2,128
1,2
1,1
2,1
2,1
30,1
41,1
1,2
106,40
3,4
3,1
5,35
13,15
50,23
405,1
3299,745
26,56
2,6
4,1
39,11
6,9
14,1
1,29
6,5
1,1
1,6
28,1
1,68
10,7
1666,958
1,1
3,8
177,13
1,2
282,3
1,1
370,3
76,32
2,4
1,7
1,4
81,1
4,1
3,7
8,45
256,14
1,1
27,136
88,5
3,989
2,49
385,5
2,1
2,17
310,3
5,568
13,6
95,3
3,1056
39,1
1,1
4,4
1,1
1,67
1,1
1,17
3,1
8,9
446,2
2,3
94,32
7,1
1,12
303,17
1,1
1,59
6,2
6,4
7,3
1,2
156,2
272,5
2,6
19,276
5,46
1,2
30,2
4,1
9,2
1,377
2,1
61,1
3,4
1,6
13,3
12,1
4,2
3,2
7,24
1,3
1,11
1,16
1,15
2,501
4,110
87,1
2,1
20,2
3,2112
5,21
3,3
4,240
156,26
1,1
3,172
9,1
752,34
1,145
73,13
3,33
5,827
2,4
2645,1
3232,2
7,343
1,2
2,18
9,9
1,1
10,1
22,16
36,19
169,63
1,39
8,4
4,21
1,16
29,23
1,1
1,1
8,24
1,4
17,20
11,2
1,111
1,9
2,145
7,2
32,1
1,1
54,25
11,172
3,1
88,2
200,1
5,1
12,8
5,18
3,1
1,3
1,1
2,8
13,9
2,3
6,1
1,27
3,72
126,6
2,3
81,12
7,5
82,1
226,63
11,11
17,8
784,3
3,2856
1,1
18,43
2,11
5,20
1325,2
6,4
26,2
6,64
7,6
22,3
3,1
1,13
18,31
1,3
13,1
7,13
6,1
55,7
30,6
98,3
26,217
2,7
1,74
2,1
2,3
4,2
4,137
7,24
26,9
7,1
1,1
298,72
6,1
3,15
1,2
5,25
1,14
1,2
367,54
8,2
8,3
1,1
1,9
7,144
1,4
67,3
12,1100
1,4369
2,5
28,12
1,1
4,8
5,3
1,6
1,4
9,3
9,4
1,1857
1,2
10,21
8,4
2,3
2,1
13,18
6,1571
2,4
2,6
1,2
35,3
42,116
6,1
3,2
6,8
1,31
1,2
1,6
1,1
3,133
1,3
1487,1
1,2
22,2
2,1
1,5
1,2
3,14
10,20
1,1
2,1
16,11
381,22
4,4
6,24
10,2
22,5
95,1
6,8
4,2
2,57
10,2
696,39
5,1
1,1
10,1
2,25
108,320
33,13
161,2
1,1
84,1
11,1
4,44
12,1
27,2
15,207
10,2
2,5
338,17
1,1
1,1
6,1
1,6
26,3
25,24
1,2
2,3
92,3
12,2
5,110
108,3
1,4
4,173
9,28
1,49
2,1
1,38
6,3
2,4
3,4
3,1
28,1
259,6
30,1
1,32
8,1
1,7
54,43
528,1
3,1
1,9
1,32
170,1
1,13
1,5
1,50
8,350
1,532
3,6
2,4
11,2
18,2675
1,4
5,16
19,5
3,8
8,1
24,4
4,1
33,2016
4,4
1,1
3,1
1,2
67,1
73,72
171,2105
147,19
16,124
12,34
38,13
1,1
2,1963
1,2984
26,20
3,50
3,74
12,5
1,4
53,1
5,9
21,7
33,496
7,8
25,5
7,4
7,1
3,8
1,1
6,8
7,49
3,2147
7,4
21,7
27,9
361,8
43,4
3,1
4,5
1,53
4,2
36,53
46,2
2,29
5,1
1,12
1,3
12,27
2,7
1,11
77,3
1,16
1,7
5,86
226,2
26,4
2,1
12,6
5,11
40,23
658,2415
1,19
299,4
103,1
176,12
1,5
30,2
18,5
103,3
13,7
7,1
1,1
1,220
1,398
62,1
1,12
1,594
8,2
11,1
1,13
1,1
66,5
51,1
2,10
1,2
17,90
1,3
73,33
1,2
1,194
42,3
2,1
9,2
1,49
17,2
1,3
65,1
1,2
8,3
1,97
12,8
29,2
1,235
1,2
1153,6
12,166
4,10
1,9
44,1
1,2
1,4
7,27
3,4
1,1
1,7
30,6
13,1
209,28
45,1
287,2
7,3
1,12
10,2
28,31
20,24
48,1
1,9
53,6
283,168
1,1
14,8
10,3
4,12
71,1
167,4
6,8
2,17
10,1
1,116
90,9
3,2
7,413
1,1
1,1
4,2
4,1
85,1
9,1
13,363
614,65
210,1
1,42
2,8
162,38
37,22
1,4880
1,2
1,6
6,937
1,2
3,6
1,2
9,2
4,37
1,2
13,2
3,8
48,2
7,1
1,1
94,7
2,135
5,2
31,1
1,7
2,1
1,1
2,1
5,19
112,1
483,2
4,9
12,98
86,3
5,7
20,93
2,2
582,1
2,77
12,41
30,3
23,1971
1,4
4,2
1618,1
1,6
2,2
2,36
207,1
14,1
6,9
1,5
4,3
1,28
14,97
88,3
4,26
1,6
2275,1
4,9
3,179
1,1
2,9
9,1
3,872
89,21
3,1
1,18
1054,8
3,7
1,1
3,412
1,290
35,12
7,2
154,1024
162,7
5,176
8,1
20,204
8,74
1,2
2,95
65,2
2,1
1,28
17,3
8,1414
8,55
6,4
9,13
1,1
293,11
642,4
6,2
2,30
9,15
4,3
1,1
3,4
102,2
4,6
22,41
6,1
2,2
1,1
2,5
64,2
7,324
1,2
2,1
1,3
1,1
4,5
1,4
1,1
203,1
1,11
3,2
64,11
13,1
18,1
2,2
27,2
5,19
214,1
7,6
1,72
79,3
1799,4
5,1
2,1
4,1
5,1
8,2
6,1
31,1
1,1
6,3
3,113
1,1
1730,1
1,2
6,5
313,1
250,12
6,1
1,1
11,24
53,20
1,2
4,1
51,287
62,9
10,2
1,3
23,1
1533,48
11,2163
156,5
477,8
3,4
1,1
5,2
17,154
5,523
1,19
3,6
15,27
9,1
5,3
3,208
321,8
668,2
12,5
76,3
6,6
1,3
1,67
7,5
2,1
5,1
1,3
2,3
2,1
2351,1
2,5
3,3
3,1
42,7
5,6
1,337
1,1
4,1
3,10
27,258
59,38
1,1
3,1
8,3
5,45
7,59
5,939
1,3
2,8
1,2
20,34
1,2
3,2
1,4
11,6
7,4
1,1
4,3
14,22
1,16
5,1
2,1
7,6
2,1
3,15
17,5
23,6
6,137
1,2
1,831
12,6
202,1
2,2
1,1
19,153
34,11
1,3
7,52
1631,116
2,2
3,28
13,2
152,11
2,1
7,20
16,1
2,1
214,14
2,16
1,2
96,8
3,2
4,380
2,217
1,15
1,3
5,49
1,3
311,1
28,2
15,246
1,3668
17,63
2,2
4,6
82,1
5,3
10,3
54,91
125,11
49,180
4,1
3,1
1,124
6,206
2,1
3741,2
13,2
7,70
34,5
2,1
73,3
1,1
3,9
70,153
17,10
50,9
1,2
20,495
2,189
33,1
2,34
21,1
64,581
281,1
53,7
9,29
2,2
20,11
1011,1
49,14
1,7
3,3
2,3
5,3
1,4
1,1
1,2
5,6
9,2026
1,4
10,2
10,5
6,4
12,1
672,15
2,6
13,2
59,1
8,3
8,5
1,6
146,2
1,2
2,67
1,12
308,28
14,2
5,1
4,2
4,1
6,3
1,1
2,3
57,4
8,7
253,140
132,4
4,1
1,2
12,2
27,2
10,102
8,17
2,3
745,176
1,1
37,10
1803,2
1,2
1,12
1,1
1,1
2,3
1,1
1,1
35,155
10,44
3,1
16,48
1,6
1,3
33,4
5,6
6,1624
644,2
1,3
8,1
24,4
6,6
38,4
121,18
138,5
391,1
3056,12
102,29
77,3
20,1374
9,132
60,1
1,1
103,190
1,1
90,1
12,8
5,7
1,20
3,7
192,2
24,53
3,5
6,5
23,7
3,1317
2,1
172,3
54,2
3,7
1,1776
83,1
4,206
8,63
1,14
2,65
1,181
2,99
2,2
1,2
6,8
13,4
2,10
4,224
37,1
1741,1
3,6
6,2
2,88
2,2221
5,1
7,1
7,3392
3,83
2,12
1,7
3,1130
235,3
10,2
2,1
4,55
458,2
1,1
5,10
4,2
3,24
1,1
15,1
1,4
15,1
1,9
1,22
2,86
536,4
2,1034
14,2
122,16
7,8
24,35
48,55
1,3
3,10
1,1
6,1
1,1305
131,1
2,14
1,1
2,1
1,2
3,1
87,19
2,1
31,1
62,3
239,1
130,2
3,1739
6,4
49,616
5,6
2,1
1,1
37,1474
27,4
2,5
330,38
39,1560
308,5
3,12
4,1670
1,1
2,22
61,13
1,1
57,2
1,9
120,12
1,258
2,9
30,10
1,4
3,1
6,2
1168,4
6,20
58,271
1,6
1,7
22,23
23,5
2,1
11,1
22,53
4,10
4,1
1,1
1,68
8,2
4,3
2,9
1,6
92,25
90,1
2,1341
2,4
14,8
1,15
48,1
2577,1
226,1
2,1
42,57
5,14
21,1
5,1
1,2
3,789
4,30
1,72
1,29
190,6
272,8
2,47
1,2
1,23
3,20
1,1
3,48
311,1
5,7
1248,2
12,1
1,2
1,6
1,2
755,1
5,4
8,1
86,2
4,7
1,320
1,2
2,1
52,1
11,9
1,132
29,1
4,1
1,1
3,320
1,1
4,1951
901,91
27,610
1,1
1,94
2,6
4,5
3,3
2,1
20,604
5,3
3,3
55,4
13,29
1,4
6,4
1,3
33,6
1,1
16,2
3,5
2453,3
10,33
5,1
1,4
1,1998
2,11
4,2
1,20
3,1
8,101
30,4
1,3
4,8
125,8
48,1
5,1
28,62
1,16
5,12
4,2
2,316
12,1
2,3
1328,157
1,1
1,1
1,1
1,10
5,37
1,32
26,53
1,11
24,646
1,17
1486,9
2,46
39,8
5,5
21,355
21,73
10,4
2,24
123,15
618,1
1,1
94,8
1,1
5,1
3,1942
1,3
2,1
11,4
1,1
1,6
5,122
2,2
1031,3
7,34
28,1
4,79
23,37
5,2
2971,1
32,1
1,1
27,22
52,11
8,283
1,4
296,1
1,2
310,1
1,17
2,31
1,42
5,1
1,19
23,3
1,30
1,3
1,2
26,13
2,22
6,216
3,17
18,1
2,15
1491,3
1,1
2,4
1334,4
5,2
11,3
37,1
1,2
2,4
1,8
1,28
1,19
2,76
175,4
2,10
2,4
1,1
4,195
50,16
2,5
1551,1
74,30
7,6
3,1
19,1
2,52
2,11
1,2
314,3
1,14
1,4961
1,5
181,1
1,163
12,1
306,11
1,1
3,4
5,1
4,1
2,2
2,4
4,30
7,1
270,4
1,252
111,5
3,9
3,3
31,86
758,18
62,132
63,32
93,2
1,2
2,6
1,9
1,1
1,2
1,1
3,1
2,1
1,9
9,105
6,1
2,4
7,44
6,165
2,1
23,1170
436,2
2,134
2,4
241,463
1,1
15,3
3,97
3,1
53,67
3,224
2613,1
4,1
11,2
5,1
53,2
1,1
2,4
1,51
1,1
13,74
1,6
1,2
10,1
134,2
3050,454
2,3270
2457,2
232,4
15,3
67,1
11,1
1,1
110,7
5,2707
71,45
3,129
4,19
1,1
1,1
2896,11
3030,11
35,1
3,1
2,687
22,2
1,1
1,8
5,3
3,1
5,34
26,6
35,4
1,2
41,1
431,2
4,14
1,15
13,4
6,3
3,1
1,61
13,3
3,60
12,18
45,2
3,1
2,1097
1,2
5,2401
1,1
2,797
1439,128
3,2
510,134
33,14
820,43
29,4
59,4
100,1
1,1
5,8
17,3
13,14
2,1
2,5
1,19
14,4
37,13
23,1
11,10
6,11
175,2
956,3
39,6
13,2
518,6
9,37
5,3
61,1
14,1
11,23
1,4
3,4
2,1
5,3
1,81
24,2
722,2
7,449
1,7
14,3
195,1
15,5
11,14
119,12
32,4
10,1
2,2
6,18
5,1
73,8
8,2
607,5
2830,7
2,2
7,24
1,1
1,82
1,11
1,3
13,2
2,3
2351,1
116,7
2,3337
8,112
2,645
15,228
19,1
38,1
487,8
5,28
10,106
1,33
53,1
4,10
3,23
202,27
11,3
3,3
38,8
307,2
1,195
1,2
3,5
3107,59
2,3282
1,3
21,5
4,9
6,2
162,6
1,1460
3,99
2,2
12,64
1,71
116,7
1,2
7,4
1,9
7,1
1,8
3,1
1,1
12,137
1,11
2,16
2,1
4,54
1,2
1,8
1,287
33,2
467,10
4,33
3,1
2,1
3,18
13,2
3137,5
11,1
27,170
9,24
5,3
27,11
1,61
16,4
11,63
1,2
11,23
44,1
1,5
210,1
16,112
16,21
31,1
4766,3712
3,2
1,1
1,170
10,26
1,1
4,3
6,1
13,2
8,1
1,2
8,2
3,1
1,1
169,3
13,2
187,16
1,50
396,2
1,1
2,6
15,10
894,1
1,3
1,2
15,1
63,79
20,1087
9,1
38,18
1042,6
1,23
107,1
5,26
2,9
1,9
12,1
7,1
3,95
1,1
37,1
5,9
5,11
1,14
1,16
111,1
1,1
1,46
1,30
1,7
37,6
5,1
2,2
8,1674
1,1
1,1
772,3
1,5
1,7
1,37
1,1
4,3
59,9
4,501
3,1
12,1
1795,18
751,9
3269,67
7,1
63,6
632,5
5,3
2,4
8,9
699,12
1,41
8,15
5,1
3,2
2,1
4,3
6,3
17,2
13,2
6,1
8,107
1,5
2,1
423,1
4,3
155,1
1,9
33,2
5,100
1,2
1,4
4693,2362
155,10
15,5
1,37
12,14
3,2
34,16
128,1
1,25
266,1
1,4
1,27
3,2
3,1
1242,2
51,4
854,2
5,8
7,1
2,1
1,33
199,1
54,2
2,358
3,2
1,1
1,1
3,23
1,3
1,1
6,1
19,5
3,1
96,1
1,17
8,1
167,7
20,38
1645,2472
525,1911
1,3
4,9
1,51
3,10
13,3
11,1
1,325
11,1
2,4
33,1
5,1
3,1
32,35
3,13
3,4
1,2
389,24
14,53
7,3
5,2
47,25
4,2
15,1
2,4
5,239
3,1
856,14
5,2
1030,2
4,2
55,1
1,1
161,3
1,1
4,1
1,12
1,16
81,1
16,6
1,3
10,200
1,1
3,56
5,9
4139,1
1,1004
2,4
2,4
1,61
1,2
3,531
4,5
1494,139
1,5
1,32
2,13
1,26
4,1
2,1
891,2
5,1
1,48
104,1
463,1150
68,1
127,1
249,1
1223,1
1,1
94,4
4,1
33,1
102,107
13,3
7,7
99,957
12,1
16,2
3,194
2,42
18,6
30,3
2,14
13,3
1,25
3,1
38,6
1,1
2,1
35,11
1,1
2,13
103,58
3,1
3,19
2,4
14,6
7,1
7,16
117,11
12,1
52,1
1,125
3,3
1,2
8,19
394,4
3,7
7,4
1,1
575,65
30,10
20,46
2,2
3,18
27,35
12,900
15,87
38,14
38,1
2,11
2,34
276,2
2,1
2,4
1,1
43,2
5,2
622,781
2,4
10,1
9,3
13,5
479,2
9,8
1,132
1,3
1,10
5,5
2,1013
80,3
1,3
1,749
500,1
2,7
3,1
70,2
3,22
25,3
10,12
1,39
3,1
6,16
7,152
1,5
1,6
1,9
6,1
2,3
6,2
1,4
15,1
1,1
2,10
1,6
1,1
1,1
1,6
7,1
1,1
152,15
2,6
1,6
5,287
28,1
1,3
4,1
74,68
16,119
52,5
17,1
102,39
19,109
7,114
123,2449
5,703
6,324
17,7
12,31
1,5
7,2
830,2483
33,23
4,11
608,1
1,52
40,4
3,3
3,3
943,3
1,1
1905,9
43,3
2,1
17,1
3,1
51,4
2,4551
2,117
10,50
1,1
3,2
25,2
1,1
58,40
13,42
2,2
1,25
2,35
207,81
3,1
164,12
4,1
339,1
2,12
1,55
2,1
7,14
1,2
12,18
14,12
1,1
34,1
360,31
242,1
1,12
2,7
3,280
449,3
1,4
5,597
315,3
5,13
208,4
1,1
2,1
1,1
3,2
10,4
4,301
67,2
1,1
3,1
6,30
4,8
4085,2
5,5
3,11
577,45
105,42
1,18
112,31
5,4
23,1
2,552
2775,2
3,3
270,718
9,5
20,1
2257,1
1,2
31,58
90,8
20,2
1,2
2,47
31,5
1,19
1,3
62,1
1,11
1,4
1,4
2,2667
1,3
2,10
13,11
3,7
69,1
1512,13
1,67
122,2
14,8
1,3
923,18
1,12
2,2
1,30
1,1
1,7
1,3
2454,1
28,1
386,7
1,157
2,24
41,1
638,169
68,20
7,5
910,3291
2,7
8,31
1048,7
275,2
37,1
1,1
19,17
9,1
5,2
1,8
4,1
18,29
20,3
7,303
1,4
1,1
3,1
269,18
1,64
1,6
20,3
14,2
1,6
1,7
2,1
2,2
1,15
2,3
132,4
1,1
1,1
2,1134
780,1
1,6
40,4
2,11
11,10
9,1
2,6
8,13
5,51
15,1
38,113
11,1
1,1
27,40
302,147
11,5
12,5
3,109
32,15
4,1
6,6
141,12
66,3
1,7
10,30
64,5
12,18
1,5
38,5
598,1482
1,195
98,1
494,1
1,1
1,82
9,1149
2,2
7,5
2,36
434,82
1,15
17,26
1,988
12,3
2,24
18,1
256,2
24,16
2,3
72,3
1,14
1,4
1,9
3,1
7,2
7,2
1,11
1,2
3,61
9,3
496,5
1,4
1,1
1,6
1,43
942,2
1,1
1,2
11,3
1,4
2,2
25,4
3,1
10,1
12,21
1,1
15,5
1,19
1,66
1,1
2,1616
6,4
1,2
10,1
1211,4
1,2
2,2
1,599
86,1
117,669
3,6
32,37
1,1
101,69
297,232
35,7
8,1
17,9
63,24
1,2
24,608
1,1
82,1
1,4
57,2
8,12
318,1
1,1
3,1
151,5
33,1
241,1
45,1
202,1
5,47
10,5
2,4
1,13
6,5
18,6
73,66
165,21
5,10
36,39
41,1
21,118
36,1
1,1
1,95
1,1300
2,13
83,8
5,41
10,5
52,3
2,3
1,1
1,3
5,74
166,8
18,1
5,6
7,7
58,73
1,1
1,5
12,2
1,77
1,2
664,3
2,482
5,10
10,1
1,1
1,122
1,1
3,6
1,1
11,5
9,20
1,1
13,40
1,2
11,1
1016,1
26,654
2,579
6,1
1,1
24,2
1,153
47,1
2,660
4,1
32,5
135,1
2,37
15,1
27,8
1,2
1,6
21,7
1,4
8,782
2,14
15,4
1,1
129,4
661,1
1,1
96,1
51,10
15,1
12,1
3,1
9,1
23,5
1,5
1,1
721,68
4,5
24,1
1603,38
19,1
47,59
4,1
60,975
1,1
841,114
275,8
19,5
52,1
6,131
2,9
22,16
12,3
1297,6
41,27
1,2
1,7
1,1
52,1
422,109
5,1
53,2
4,484
1,1
1,2
30,221
29,30
1,2
70,4
1,1
3,59
8,11
6,1
7,3
1,3169
3,21
5,1
3,4
2,2
8,2
3,3
1,1
3,5
21,2
15,7
2,3
1,1
2,27
5,1
240,465
55,1
20,8
2,1
9,2
8,1111
1,1
5,2
21,155
160,2
73,6
3,5
1,16
152,5
4,25
134,3
30,12
17,12
51,2
3,10
4,2
3,21
1,2
24,1
4,1
1,1
1,2764
3,8
129,40
4,313
1,386
45,22
2,2
2,2
7,1
257,3
1,2
3,8
12,38
6,6
1,79
5,1
4,1
139,6
3,2
2,6
2,2
2,2
42,54
3,4
20,12
5,15
2,1
6,5
1,5
2,3
2,3
1,2
208,1
27,19
1,778
244,349
7,3
39,1
1,3
15,1
544,91
1,4
1,10
4,82
1,1
695,4
1,26
134,1
13,83
3,1
4,3
3,5
6,1
49,4
40,1
1,307
1,1
1,1
1,133
7,2
28,23
22,65
8,1
61,15
1,8
4,61
3,8
1,28
1524,12
1,2
115,1
4,3
46,2
2,10
6,2
2,1
1,2
6,2
1,8
1,2
1,1
1,1
1,2
1,8
2625,2
1,11
2,1
10,111
1,1
8,3
5,1
1,10
12,33
419,47
5,1
1,8
35,1
575,36
1,94
3,1
21,14
1,2
341,10
20,20
36,1
1,312
1,34
2,56
307,3
53,1
2,1
130,17
1,2
109,7
1014,1
3,1
201,2
1,51
110,503
1,5
3,1
1,4
4,5
1,6
8,2
15,2
3,4
1,1
14,1
1,2
2,9
1,31
8,5
331,4
32,14
408,13
44,17
3,2
30,136
29,37
30,2
2,2
19,1
4,2
9,3451
1,1
550,1
1,60
16,146
2,3
84,5
3,1
2,1
1,3
110,20
2,68
18,1
2548,21
6,130
1,4
4,10
49,2
4,167
10,1
602,15
434,4
1,15
1,1
9,1
111,323
70,3
14,19
2,21
13,104
9,24
150,1
7,36
1,475
1264,1
1,101
1,70
38,4
130,10
2,1
1,2
4,786
6,162
20,4
1,4
2,1
1,3
2,1
201,2560
159,1
15,5
9,833
1,1
5,2
41,11
1,2
5,2
3,21
2,7
9,11
5,3
2,401
22,11
2,9
3,2
91,1
1,55
5,4
1,790
12,1
3,9
3,1
3,10
54,38
1,287
23,7
130,3
15,92
1,5
155,788
1,78
73,2
51,2
3,38
238,4
1,18
1,1
1,2
87,200
3,1
4,21
4,2
4,185
4,1
2054,2
25,1
187,1
8,1
52,1
1,4
24,5
1,10
2,1
18,3
107,3
2,2238
241,131
2,2363
12,1
8,4
4,1
5,1
2,4
2,3
2,1
2,4
1,1612
1,1
3,2
1,6
16,3
2,32
19,28
3,1
1,2
17,12
1,3
9,903
4,1
1,3
80,1
5,4
8,1
1,443
5,15
10,6
52,1
273,8
1,5
9,1
2207,2
1,11
147,20
3,4
50,7
1,5
1178,53
6,6
14,10
10,5
1,1101
7,150
1,1
9,1
8,1
1214,465
1,20
56,6
4,18
152,2
5,2
1,13
5,5
2,2
45,7
3,1
25,214
1,4
3,3
33,1
1,155
3,1
1,7
1,26
1,1337
5,1
6,4
3,1
6,3
9,8
7,6
1,1
37,9
20,12
198,2570
2,23
7,1
3,5
35,3
3,1
1,1
2,40
2,11
3,882
1,4
10,4
1,28
157,2
1,1
2,25
14,12
1874,2
20,46
1337,138
728,93
6,263
2,10
8,5
188,144
1,102
1,61
11,75
2,10
3,47
1,7
2,1
5,18
2,12
1,3
20,896
18,83
290,2
1,1
2,4
960,1
7,1
2,2
26,1
1,113
16,3
212,2
1,1
13,4
1,1
4,11
2744,745
9,204
370,2
2,1
3,12
3,1
1,1
4,5
6,209
1,1
2,1
3,2
4,2
225,2
4,809
683,4
1,8
1,2
5,6
1,8
2,40
3,142
1,3
116,1260
1,9
4,1
26,12
7,5
4,14
16,16
13,1
12,24
1,12
22,1
24,20
1,239
14,2819
442,2
122,7
3,1
5,16
88,3
2,21
1,10
43,2
142,2
20,2
9,17
1,2
4,1
16,4
1,1
2,7
6,1
5,69
1,2
5,8
2,5
1,6
4,52
1,2
33,19
5,1
11,980
1,159
8,2
117,21
7,1
4,15
4,1
609,9
2,1
535,6
47,2
767,1
47,111
3,2
2,17
3,135
38,7
2,5
827,1
3,372
86,3
5,20
49,1
80,47
2,2
4,17
19,3
3,25
1,2
28,24
4,3
11,30
18,1
2,3
3,2
90,4
1,4
31,24
167,6
688,2
19,14
1,2328
1,1
4,1
19,3
7,14
1,6
24,12
1,1139
26,3
1,3
30,1
1,1
29,5
11,6
1,2
1,7
2,1
1,33
2,1
4,4
5,1
6,1
1,2
9,46
7,9
2,3
1,7
4,9
2,21
3,1
676,1
126,4
43,2
2,4
3,1
1827,56
3,1
390,2
4,54
9,67
62,143
1,1
5,1
18,2
2,3
1,2
1,3
3,1
290,3488
1,1
1097,525
11,1
652,29
50,1
14,23
188,24
5,89
6,94
204,8
4,3
16,1
1,1
87,3
2,1
54,1
2,7
1,19
1,2
2,96
1354,2
181,1
66,1
29,2
97,15
3,9
4,2
2,6
1,3
1696,25
2,2
13,115
3,8
7,11
31,2
22,1
8,9
133,1
28,3
8,635
1,2
19,6
10,33
1,47
5,5
1,141
1,12
1,1
21,5
3,12
19,7
1,1
6,2
1,7
2,1
11,16
2135,18
47,2
14,1
1,2
32,12
1,23
149,2
3,11
20,1
145,4279
2,1
123,1
147,4
128,6
1,1247
1,2
30,2
43,1
1,12
2,47
61,1
3,5
11,2
1,10
11,20
1399,25
2,3
1,50
37,2
11,1
23,2
1,1
1,2
8,1
8,14
1257,2
2,1
23,1
3,2
2,254
16,137
3,15
1,4
7,3
2,919
655,3
10,1
6,2
57,4
5,123
17,1
1,1
48,12
1,11
3,3
4676,1
1,5
12,10
4,2
113,18
1,10
348,17
1,10
1,3
4,3
2,1
2,1
2,2
1,47
1,11
2,5
37,4221
14,560
1,1254
1,1
3,1
20,3
26,94
5,1
2,2
9,49
3,9
442,16
252,14
3,16
24,182
2,4
1,6
1,46
2,23
19,1
22,5
3325,1
3,541
1,27
68,1
2,3
30,92
17,16
7,2
16,6
3,1
238,52
33,1
1,4
18,2
833,3
30,3
29,4
531,14
3,1
7,6
5,77
14,43
10,1
2,62
1,11
30,27
4,6
2,5
1,12
2,20
2,3
10,2
674,1
2,2
148,1
4,1
2,17
4716,1
5,6
857,4
329,1
2,371
59,18
10,2
9,1
114,59
2,58
687,3
45,4
5,1
1,1
8,1
4,190
197,4
3,1
805,100
57,514
1,3
5,1
12,2
1,1847
1,8
4,1
6,53
3,1
230,3495
6,50
1,1
18,1
32,7
83,91
10,2
1,28
227,7
1,9
3,1
136,9
6,8
8,23
1,177
19,8
4470,2
874,10
1,2
1,20
87,759
5,161
1,42
18,89
3,2
10,1
1,129
4,3
13,60
2,4170
1,4
7,74
4,1
2,47
1,3
6,284
1,1
1,4
1,34
1777,1
31,3
1,32
2,1144
1,1
1,3
2,2
90,60
29,1
5,2
4,3
54,2
2,10
6,4
119,1
1,1
953,1
2,35
1368,23
24,64
2,5
8,1
27,6
187,39
14,3
2,1
1,72
1,43
1,1
12,6
1,1
2,230
5,1
4,32
2,2
1,1
66,1
5,2
5,65
2,3
1,21
9,5
1397,1
63,1
3,2
2035,9
3,4
8,14
1,22
19,4
22,34
1916,1
1,39
137,22
3,15
9,11
18,7
7,1
111,29
10,1
35,6
7,2
1,17
1,1
3494,8
15,12
3,1
1,3
65,1
4,6
67,26
1,62
4,2
8,9
1,4
127,7
296,1
13,34
74,23
33,235
8,20
4,2
22,1
1,10
2,11
11,1
8,28
1,1293
5,12
1,3
2,20
9,49
8,10
8,2683
8,2
16,38
196,4
1,6
1,2361
1,91
10,6
36,2
27,1
2,11
51,6
2,5
3,5
3,643
55,3455
2,1
12,3
38,1
34,2
29,9
2,4
1,2
2,119
1,51
11,4566
2,2
1,1
2,2
2,6
12,5
6,1
1,18
1,6
3,13
4,10
1,9
42,1311
1193,6
3,3
83,1
679,2
4,38
15,1
42,9
9,1
2,2
5,1
7,2
2,29
1,19
2,65
2,2
3,92
12,5
190,3
5,24
4,4
16,2
10,5
19,677
121,21
7,56
462,1
7,1
2,264
1,1
30,10
21,1
15,1
839,12
17,24
7,14
16,2
1,2
4,2
10,611
10,17
2,27
6,101
41,2
12,2
63,3
2,4
1,135
14,19
1,1
1,64
194,1553
1,1
4,250
15,7
8,246
1,161
1,1
6,133
28,20
1,2
3,3
88,6
1363,2
1,198
3,60
1,1
25,8
122,131
6,110
1,3
2,58
5,74
1,1
358,1
40,126
4,2
9,26
4,1
41,15
118,5
13,4
2,1
1,2
31,11
21,28
1,5
99,15
30,13
248,1140
31,784
142,13
1,2
6,4
7,1
117,2
2,1
5,32
1,5
66,1
5,2
1,23
7,1
1,3
5,37
104,33
13,5
1,226
4,7
6,2
1,2
11,8
1,16
4,4
1,4
1,1
16,1
3,37
33,236
1,4293
9,7
6,6
46,201
57,4
57,12
1,1
215,8
2,62
3,1
2,15
5,3
4,563
3,1
11,1
186,1
11,9
1,4
59,291
7,7
3,1
3034,1
47,32
4,2
1,23
15,1
15,179
3,2
1,24
18,80
15,21
25,4
271,13
6,5
2,723
1,32
3,1
1,9
181,2
2,288
24,85
3,15
3674,2
1,5
8,1
3,3
1,1
13,1
32,1
1,7
1,45
1,161
3,1
9,328
5,1
9,58
1,2
2,17
2,2
1,21
1,1
3,274
3,3
1204,2
2,121
1,6
141,53
21,1
9,10
13,1
8,1
47,2
25,1
142,2
11,2
10,2
3,2
15,1
16,28
1,1
21,10
1,1
2,1
207,14
1,88
2,2
17,3
2,13
2,2
9,2
6,64
4,1
4,12
34,142
258,8
1,3
1,1
219,6
1,18
3,2
3,1
1,1
1,161
7,2
11,1
1,13
4,2
1,754
89,2
6,2
2,7
7,1
23,5
1,14
14,3
1,3
5,2
1,1
6,1
3,3
1,4
1,3
39,1
8,15
3,1
39,9
11,1
35,93
2,5
124,226
1,32
119,24
2524,1
54,15
160,1
1268,8
2,4
222,1
2,1
12,1
1,5
2,1
23,1
78,3
1,83
32,2
5,9
64,6
4,2
12,43
1,89
4,4
22,52
600,7
55,5
11,2
40,21
2,281
2,1
24,81
57,11
57,3
4,1
2,9
1,2
1,2
1,2
34,1
1,10
4,1
1,4
10,1
175,3
3,1
13,1101
6,5
121,146
226,1
71,11
5,125
1,1
22,1
5,4
19,2
6,2
5,5
1,41
1,4
1,2
1,286
51,15
1,12
1,4
86,1
4,25
17,1
781,1
2,63
1,13
9,158
2,709
7,2517
6,3
94,4
1200,5
1,11
4,1
1,1
7,616
15,1
2,5
1,1
2,33
1,3
2,2
2,1
5,3
1384,23
713,1
12,1
27,1
143,2
2,6
20,1
140,4
3,2
1,9
138,454
1588,1
4,1
357,105
91,2
2,1
1,2
7,5
8,99
3,1
2,47
1,35
8,3
6,4
34,1
37,5
13,1728
2,1
250,6
3,2
3,14
39,2
383,36
5,5
69,2
18,3
13,1
579,3
1,1
90,2880
78,1
1,3
35,7
33,1
4316,86
104,53
76,1
308,192
2,181
3836,91
1026,1
1,2
1,3
412,1
1,60
120,1
1,5
1,5
16,2
2,1
1,3
1197,1
3061,5
1,314
1,76
38,30
1,7
2,19
29,3
292,1
385,12
46,9
11,1
2,7
1,3
145,48
5,223
1,1
31,806
2,2
1,10
2,182
1,1
2,37
1,4
3,69
5,22
26,39
2,2
2,2
11,4
2,1
1,1
8,53
4,1
3,1
3,3
4,12
47,2
36,16
38,2
7,710
14,2
1,1
2,2
14,1
2,4
92,1
18,1
7,1
1,13
81,8
3,4
3,74
18,2704
404,2
5,33
1,22
15,9
4,15
1,45
130,8
2,9
2,1
12,14
1,134
88,1
4,1
2702,1
1,7
138,275
1,3
1,11
6,1
63,1
12,1
1,52
1,2
11,1
161,1
2,46
161,69
14,7
313,1
1,124
5,59
2,8
1,35
25,10
2,347
4,1
59,97
5,1
1,115
2,1
1,1
71,1
13,77
1,5
21,1
35,1
1,18
2,18
2,15
3566,2
2,11
1,9
10,2
79,25
31,5
2,2
4,2
1,1722
23,2
7,3
2,5
6,102
1210,75
3,13
1,1
24,30
6,2
199,52
698,1
1,128
1,2
17,25
2,122
27,1
2,2
5,194
1754,39
1,3488
20,2
10,2
56,318
1,6
2,26
2,18
10,1
63,21
1,13
3,5
4,4845
11,1
1,134
2,9
1,3
2,1
9,1
114,23
706,5
16,45
1,3
2,4
4,1
1,5
9,1
12,1
13,1
21,280
65,1
14,66
1964,2
8,1
4,1
19,44
1,360
1,2
21,42
2,53
1,1
14,8
31,3
13,5
3,1
10,25
4,17
5,3
3,1
1,74
20,51
2,2
2336,186
16,1
4738,20
9,6
213,6
758,1
15,266
19,19
2,2
234,9
1,5
16,1
1,1
5,1
1,202
1,1
2,2
3990,213
2305,3
1,4
1,1
1,3
52,1
100,2
14,1
5,5
15,50
5,17
71,1
219,100
1,6
2,22
2,1
20,25
122,2
427,290
5,24
29,14
3,1
36,1
3,18
5,23
1,2
44,12
2,20
695,1
50,1
2,4
1,8
1,2
2,1
3,22
6,1
11,4
2,2
4,1
5,5
2,7
1,1
3269,3763
75,8
10,2
1060,1
1,4
7,1
424,515
631,3
5,2
1,2
13,1
8,12
7,4
13,158
37,1
35,10
1,2
17,2
4704,1
62,1
3,4
5,48
173,4
2,74
4,187
1,2
16,2
54,3
1,18
1,3
1,1
1,82
7,3
500,4
16,3085
76,112
2,223
34,844
59,14
13,13
18,1
6,27
2,721
133,1
1,678
11,22
1,2
1,226
1,1
1,1
1,13
1,1
3,2
1,3
1,1
1,872
6,83
1,126
4,1
1,2
9,6
1,877
31,9
13,8
3,2
1,2475
2,1
886,800
1,21
2,51
2,6
4,1
60,1
2,7
1,4
1,2
7,5
20,1
1,21
4,73
3,1
145,11
4,1
8,1144
6,318
20,1
233,38
1,1
6,17
2,9
1,21
2,21
2,1884
1540,1
2,1
59,1
16,1
408,1
2,7
243,1
859,28
7,287
1,1
3,2
16,2
1,20
4,3551
1,1
1,366
5,1
30,2
263,1
3,48
29,3
689,7
63,2
9,4
3,2
1,3
38,1
2,7
1,28
5,146
9,1
17,41
7,1
5,23
1,1
3,3336
1,166
1,1
1,1
20,142
358,256
1,35
1,3
5,7
248,1
2,1382
2,3
5,2
3,1
15,2
38,11
1,8
2,70
3,11
13,274
3,19
21,85
1,2
52,1
2,3393
19,1
275,19
3,1
374,7
6,2
75,1
5,8
2,4
120,1
1,1
452,3
39,331
24,1
6,1042
8,1
1,2
8,6
19,1
2,157
2,5
2,32
1,4
1,62
1,17
2,2
10,8
1,4
6,30
4,1512
2,44
135,1
2,6
3,1
7,1
2,11
3,1
1,1
1,1
1,2
4,1
3,22
76,7
1,13
2,2014
128,41
1100,24
1,574
1,3
14,8
2,6
62,1
28,197
58,5
5,4
54,800
480,1
27,4
2,1420
27,1
187,1
172,52
2,37
28,6
2,9
4,3
18,4
15,1
4,2
60,2
14,6
2,14
3,2
23,57
5,4
31,8
2,36
29,3
15,9
2,882
26,1
2,12
7,12
1621,8
57,6
25,1
4,7
4,6
1,2
3,48
2,10
3,7
6,790
3,1
13,8
66,2
5,5
8,11
7,6
14,852
28,25
3,103
224,11
9,21
16,4
2,2
6,7
3,3
10,5
4,2
1,22
32,31
10,232
195,41
1,6
2,14
632,2
52,9
6,1
1,1
5,164
6,7
9,1
5,56
9,4
18,3
1,1
4,735
4,3
8,3
11,2
4,21
9,96
5,1
3,2203
1,118
5,5
148,15
250,131
49,24
1,404
1,190
1,43
1,1
921,8
1,5
4758,2
6,7
6,1
130,15
1,2
4,70
105,4
1622,528
4,11
6,287
1,5
2,1
75,12
1,26
6,10
7,1
1,11
19,2
29,4
5,10
37,12
1816,2
22,1
1,1
3,2
1,329
2,3
394,47
2,1
2,1
5,238
2,2
69,3
5,5
1,8
21,120
15,9
9,20
2292,1
7,3
38,1
8,2
18,3
28,1
7,1
3988,187
14,101
3,1
4,1
4,3848
13,2
1,7
2,2
2,2
75,3
13,1
772,1
1,1
12,8
1,2
5,1
12,45
175,18
12,46
1,4
1,130
2,85
5,7
1,4
1,489
2,272
88,3
75,2
5,1
17,4
1,313
1,45
6,6
8,2
5,7
31,2
56,1
699,3
50,6
13,2
153,21
1,3
6,1
222,22
3,463
51,151
2,2
1,2
12,1
2,23
47,234
1,232
17,5
4179,23
2,6
9,13
24,5
27,1
1,1
1,5
3,214
7,2
93,50
6,1
8,3
2,5
206,17
4,3
14,1
14,1
1,1
330,989
7,3
6,1
1,33
6,60
2,1
4,9
2,1
1,54
2,1
4,3
20,2
70,3
27,217
264,4
14,2
1,3
27,17
6,1
10,7
3,3004
148,197
2,3
38,2
1,28
1,1775
1,452
8,1
1,441
2,15
14,1
4,12
2,5
9,198
20,1
46,47
1,2
20,2
210,3
2,1
1,1
65,1
2,1
1,37
2,43
81,5
1,49
3,11
7,3
1,58
1,25
14,7
6,114
1,1
2,74
1213,2
13,2
34,1
3,49
1,402
2,112
2,1
4,229
59,15
236,1060
114,264
60,3
1,8
21,1
66,20
182,2
5,1
4,1039
2,2
1,7
1,4
976,9
9,1
7,1
14,17
7,120
68,6
1,3
40,115
3,2
62,1
10,6
2,3
2,10
39,42
36,1
17,19
187,58
28,63
2,397
99,13
583,12
39,5
2,2
6,463
13,1
3,7
314,2
3,1
106,2
4,1
3,4
7,3
1,2
68,1
11,29
4,16
3,3
3,53
5,129
14,5
3,2
2,1
3,7
12,8
39,1
273,3
3,31
3,31
49,3
1,1
2,83
1,6
763,2
6,2
32,27
3,1
1,70
14,1
11,1
1,23
1,2
2,1
2,4
1,39
1,1
1,1
174,48
891,33
1,1
1,735
3,2
100,2
445,1
2792,3
1,29
1682,1
6,32
1,1
1,8
3,19
1,13
4,18
2,33
3,2
1,8
3,1
91,4018
11,9
6,42
68,1
414,41
4,59
380,15
4,5
2,5
4,1
608,23
10,9
97,775
2,793
73,1
1,9
1,1
3,9
126,9
3,4
12,483
1,22
60,1
1,1
1,22
3861,12
1,1
13,5
16,950
1,1
2,15
1385,2
1,2
5,3
1365,18
24,618
12,8
2,76
44,4
2,84
2,3
3,5
13,1
4,1
2,33
3,122
1,1405
8,16
85,1
1,2171
3,6
1,2
1,1
2,9
124,43
19,4
1,2
148,6
2,1339
5,1
3,2832
2,1
2,40
125,1
11,1
2,1
1,1
3,810
1,7
13,2
3,7
10,2
8,5
1,1
29,781
227,1
6,4
1,10
3,131
15,79
1,1
1,19
1,1
33,2
1,1015
2,188
1,12
2,84
1,13
2,653
10,1
131,5
2,59
5,178
26,3
21,2
108,4
4,3
1,7
1371,1182
15,1
1,1
1,14
205,178
4,1
39,5
23,204
5,6
205,11
1,1
2,5
2594,3
5,63
4,1
1,6
15,277
12,1
1,20
3,1
374,4
2,2
1,3
3,9
1,4
2,7
1,201
1,5
2,1
2,806
1,39
41,6
159,1
1504,5
4,46
1,148
1796,1
16,1
34,2
34,2
1,4
28,6
4,2
97,1
12,10
1,1
5,14
26,15
22,10
11,26
1,2
13,1
1,6
4,1
2,1
3,73
2,56
1,5
1,2
13,1
3,4
35,10
608,1
1,371
3,3
6,13
4,16
11,1
1,2
11,24
20,1
1042,1
1,4
5,5
3,3
1,4
2,3
1,20
1,1
1,1
2,3
28,18
2,1
6,1
2,13
1,13
5,99
2,67
5,14
1,27
140,6
10,101
1,57
83,7
454,20
15,3
327,2
63,1
1,3
37,2
2,4075
6,6
1,83
1,1
3649,1
14,1
2,1
32,1
16,1
318,8
22,4
4,1
12,15
5,9
1,1
51,1
1,1
1470,1
2,22
2,42
4,1
1,69
1,1
3,3
1,4
1157,17
4138,5
2,858
84,3
2,5
143,4
17,1
1,4
18,7
2,123
19,2251
1,1
1,27
3,8
66,6
6,136
6,1
2,1
4,8
3,1
8,289
224,5
1,1
288,3
14,1
98,2
1,4
22,9
1,4
4,3
12,10
4,3
5,1
2584,2
99,328
1,1
41,3
1,2
1,1
1,8
1,7
3,1
5,856
1,5
1,2
2,462
627,1
4,10
1,11
3,1
7,45
3,5
5,104
30,15
9,3
4,89
50,3
8,1
4,8
3,38
5,5
171,5
1,4
2,2
1414,96
3,11
189,103
18,86
2,1359
11,30
2,1
1,3
23,1
2413,101
1,13
6,1
16,7
1,1
1,1
1,287
87,21
1,2
10,6
38,150
5,3
1,1039
1,1
77,371
3,2
5,572
2,1
34,99
225,5
84,1
38,120
1,1
1,1
3,34
41,4
6,843
1,1
13,232
6,1
17,2
8,3
1420,1
67,6
2,9
2,2
38,1766
3,43
1,3
1,105
1,2
127,2
1,8
6,4
1,6
3,2
183,8
33,1
10,2208
4,2546
6,240
17,28
6,5
1,10
28,53
1,107
2,10
1,1
1,10
5,1
5,116
2,1
2,45
13,1
2,3
1,5
7,5
1,15
4,37
2,2
1,9
2,4
1,4
977,748
1,2
9,2
1,56
1,71
17,6
13,3
2,14
2,6
1,18
9,1
7,2
1,9
2,3
3,5
326,2
8,1
1,5
1,6
207,2
1,1
4,7
6,7
61,23
7,1
9,3
1,2
32,1
30,1
3,1
92,1
2,889
1,1
35,16
5,3
3279,4
98,67
1142,128
3,51
15,2
28,2
1,4
36,39
85,1
2,246
1,1
358,1
744,1
24,2
8,37
3,4
2,165
22,119
5,1
9,1
7,1
12,2
20,1
1,638
10,12
3,3
1,1
65,1
1,2
1,1
231,4
2,3
1,8
6,5
12,2
91,14
1,8
1,2
4,1
1,1
1,75
218,2
1,4
2,1
3,18
84,1
4,64
1,1
2,1427
219,8
5,4
1,16
17,3
29,3
1,97
2,1
499,1
6,1
2,2
2,3
795,1
10,1
276,1378
2,36
21,1
325,4
6,789
8,1
12,3
1,2
1292,14
462,1
1,32
7,5
1,3
3,1
1,1
2,1
3,1
1,3
2,6
3,18
8,2
6,4
3,6
1,3
3,12
2,205
3,1
1,2
5,3
1,4
1,7
20,1
26,12
1,1708
326,2
309,20
91,8
2,1
105,6
3,4
46,1
175,3
18,417
1,4
22,110
1,2
10,2
93,1
1,2
1,3
53,3
1,56
4,1
9,2
2,70
1,25
2,1
5,1
2,1720
4,4
1,67
1,46
132,1
2,1
11,3
162,8
2,7
3,4
35,1
5,366
23,936
1,1
2,72
34,19
13,2
1,18
9,2
6,1
1,1
1,2
29,21
4,1
12,246
14,1
36,154
2,4
1,1
1,6
2,2
1,2
10,31
110,55
2,12
45,9
1,1
6,4
60,6
107,9
624,4
12,20
6,1
3,5
4624,1
5,3
2,1
1,2
2,2
38,2
1,588
18,1
3,1
1,1
26,1
1,2
18,11
4,11
106,18
92,8
4,2
44,3
118,11
8,60
4,5
5,6
11,11
6,1
2,1638
1,2
42,175
5,5
1510,2
4,12
1,1
1,1
3,1
14,85
1,8
47,11
1,2
12,2
5,16
35,2
1,41
29,108
2,1088
1,15
15,3
7,7
1,1
190,3
23,1
42,7
1,5
1,25
1,50
1,4
1,5
2042,388
11,82
18,2
2,844
1,19
4,8
2,1
1,7
32,1
4,1
1,3
526,2
5,4
249,596
12,1
151,81
196,1
5,2
20,4
76,1
12,34
5,169
1,17
10,39
25,1
40,2
1,9
2,141
1,40
26,57
2,4
11,1
1,1
11,285
199,3
1,1
1,22
1,29
4,50
7,2
171,1
5,42
2,50
32,1
3,2
1,19
1,5
3,49
7,4
2,18
2,1
209,51
1,1
37,24
1,22
163,1
2,12
2,33
1,1
1,4
1,1
14,7
97,5
1,34
1,2
34,3475
10,1
41,31
3,13
1,1
34,3704
1,20
2,468
2,2
4,3336
1247,1
3,100
10,2
409,130
9,9
4,1
3,127
3,203
1,57
2116,6
3,1
3,2
2,8
31,69
1,1
1,2
1,105
21,8
1,1
1,25
5,366
717,30
3,1
3,604
414,19
6,1
211,20
96,1
3,13
625,31
15,2
18,7
3,23
2,37
14,1
2,34
1,4
22,14
2,1
4,99
1,8
1,4
46,1
3,673
51,3
1,7
1,1
4,143
2,9
3,6
4,3
2,7
182,16
969,1
40,19
5,1
101,7
96,7
19,3
1,2
1,139
2,3
194,1
16,50
1,1
6,2
1,15
1,1
7,7
2,3
2,1
1,5
14,1
2,1
6,20
2,3
435,2
51,7
1,1
2,5
1,972
1,21
29,72
18,21
22,1
1,45
7,95
10,25
2,1
30,1001
1,217
4,22
92,4
2,1
1,1
1,8
1,11
6,52
2,1
1,6
5,14
6,4
2,4895
6,24
2,2
1,38
1,4
805,1
8,4
44,1259
1,1
1,26
1,374
102,545
145,9
581,1
2,1
6,3
1,2
9,2
6,22
1,8
10,1
5,1
1,1
181,4
1,2
843,52
58,10
1,1
7,4
2,10
1,53
2,133
103,19
2,18
117,8
175,4
1,13
3,1
1,1
2,29
15,990
1,1
11,1
2,2
2,1
11,1
2,77
2,5
428,22
61,1
30,15
15,1
3,182
21,6
13,1
1,1
1,1
1,1
7,3949
2,2
6,3
6,35
2,1
1,7
208,6
66,2
2,2
8,2
1,1
33,8
3445,56
1,3
1,25
1,3
32,5
1,1
21,1
1,1
1,1
2,357
72,1
12,54
6,447
30,12
1,1
1,527
42,9
11,7
1,1
19,30
12,1
30,1
299,1
1,4
943,1
13,1
2,1
19,39
120,1
10,6
4,49
5,2
3,78
1,15
14,4
6,524
80,6
2,9
2,2
1,2
4,1
2,2061
1,1
7,1
341,3
1,185
8,2
3,8
14,2
1,3
25,4
4,123
21,19
857,1
3,36
3,5
12,10
8,17
41,2208
1,11
6,1
2,16
32,554
11,1
241,31
2,2
175,1
1,3
2504,4
3,1
29,5
1,1
13,2
4,9
4,35
1,3627
44,871
27,1
54,1
77,4
448,6
4,2
6,1
1,1
10,191
2,1
15,1
8,2
8,58
2,2
129,2
15,57
1,2
6,48
1,1
1,1
10,226
22,2
23,1
5,115
7,1
18,51
2,26
136,3
5,10
1,5
65,1
22,12
1,8
1,10
3,1
944,1
2,7
1,1
1,1
32,3
1357,1
1,23
2,1200
39,30
29,2
9,17
3,1
1,2
1,1
1,5
1,1
10,2
758,1
310,19
5,1
4,342
55,2
833,1
9,1
30,2
394,6
3564,61
1,2
9,137
64,2
6,1
2,16
2,14
3,9
5,7
1,1
986,7
2,2
12,5
9,7
1,43
5,5
1,10
1,35
5,1
4,112
1,1
1,4833
13,1
1,13
4,3
1,5
13,7
1,1
23,5
103,8
1,3
79,4
222,3990
408,2
2,8
3,39
1,28
2,74
1,2
3157,4380
1,7
30,5
1,2
1,1
13,1
1,9
2,4330
3,1278
190,85
6,1
2,77
1,28
25,27
14,1
2,78
1,1
1,4
2,5
53,19
4,1
62,2
1,4
326,3
4,16
31,73
1,1980
3,9
2401,340
40,1
1,1
7,1
9,69
147,6
1663,4
1,2
4,47
5,89
3,9
20,3
1,520
22,1
1,8
40,1
1,3
26,5
42,11
1,2
5,9
5,1
482,18
158,32
4,6
1,4
5,28
1,2
1,2
2,1
1,6
35,1
52,2
1,13
265,94
5,1831
2,3
1,3
5,1387
3,1
2,836
5,39
14,18
4,16
225,4
4,2363
3,1
63,32
13,87
1,15
3,6
2,4
22,3
117,19
39,3
8,70
11,51
12,3
19,1
28,3
16,3
1,1
17,3
39,2
2,19
695,3
1,1
4,8
1,15
4,9
15,1
63,1
1,1
2,571
3,23
2,2
48,23
130,3
1,2
2,39
4,133
1,3
72,35
8,1
508,1
1,1
3,326
4,56
8,3
2,3
12,1
1,192
4,13
12,43
8,9
2,2
3914,1
4,1
12,2
3,1
44,1
1,1
19,1
4,1
2,75
5,2
4,29
26,14
2,2
10,1
4,1883
2,1
13,3
426,40
2,7
2,1
2,110
26,2
1,5
3,12
20,3
2,5
6,1
4,1
102,1
1,638
1,10
1,12
9,5
19,10
25,6
1,41
1,1
1299,2
3,4
25,5
4,2
28,79
24,1
11,1
1,1
1,335
223,38
167,6
8,2
34,3
2,39
1,28
6,2
1,1
1,2
78,946
9,4
1,5
1,1
10,1
2,5
3,1
1,87
2,1
1,19
2,1
8,169
4,1
1,176
4162,310
4,3
3,1
13,8
3,2
1,13
22,1
42,6
12,2
6,70
2,1
770,4093
1,24
2,2
1,6
5,1
75,6
155,34
1,89
13,1
765,39
182,1
3,1
1,4
4,1105
4,3
337,9
4,1
1,5
1,16
16,2
5,1
3,42
5,48
6,5
59,10
46,5
8,1
4,9
401,26
391,2
1,28
52,5
8,8
1,1
5,9
1,6
1,5
1,2
2,6
13,1
1,30
1,109
2,13
491,5
4,5
29,1
146,1
29,11
4,3
16,469
2,76
2,12
101,2
3,66
4,3
46,2
101,85
47,1
1,2
1,18
59,4
3,3
1,123
44,1
214,1
2,5
12,1
4,7
1,8
4,14
13,108
32,314
5,14
10,1
1,281
3,1
20,5
50,4
6,2
1,3
1,5
1,3
206,13
1831,12
7,102
5,106
122,1
1,1
3,6
6,29
4,1
1316,90
1,11
56,2
212,3
85,16
2,14
828,1
12,1
3,3
72,2
2,8
4,3
17,255
3,1
10,1
6,33
2,238
2297,5
8,3705
3,2
205,16
1,2
17,4
3,377
3,6
5,1
2,1
2,229
2,186
2,2
2,34
1,9
1,13
1,3
35,2
10,2
249,4
1,494
4,3
1,2
2,3
2,1
2,3
1,51
6,7
2,11
8,9
21,147
34,6
97,5
206,4
145,15
4,1
1,4
2,160
33,766
10,1
3,23
1,1
3,1
99,2
3693,30
10,3
6,2
9,2
2,1
24,1
1,6
8,1
1,8
26,4
1,1
171,13
11,10
1,1
1,1
21,3
11,1
1,318
17,1
1,5
9,1
283,1
5,552
260,1
1,1
10,2
2,3
1,4725
1,1020
26,1087
35,53
6,8
8,1
2,13
812,1958
3,1
2,17
1,1
2,60
1,2
49,11
1,2
1,28
96,1
7,11
8,67
6,1
58,279
4,3
329,4
2,23
8,33
2,34
1,23
13,15
5,1
6,7
110,1
1,5
2,4
94,1
12,13
2,62
243,501
12,2
17,1
1,1
3,1
1,3
3,56
21,23
3,3
6,5
43,1
1,9
3,3934
7,8
124,19
18,52
21,1
1,2
3,16
1,1
1,3
1,354
820,49
78,1
30,2
7,1
1,328
3,4
1,7
7,10
1,1
13,88
9,73
1,1
1,18
32,1
18,1
1,4
98,2
629,23
13,1
3,1
80,322
22,1
78,2
1,118
4,7
24,150
48,17
7,7
2,11
2,2
12,1
3,9
63,4
1,2
4,1
8,5
1,94
4,49
2,1
8,291
7,1
4,4
4,3
1,2
1,785
1,60
1,1
13,319
1,5
18,18
7,7
1011,3
4,3
3,10
9,7
1,4
30,7
2,1
2,2
13,3
20,43
4,10
7,1
1,25
376,1
1,16
5,18
9,3
3,8
7,24
126,1
1,6
7,24
3,1
1,3
8,4
139,1
3,1
3,4
15,2
1,3
8,1
2,8
269,56
81,1
4,2829
173,1
151,2527
1,5
15,23
2,3
1,9
3,2
34,1
18,1
2,13
1,17
507,1436
2,12
10,1
32,6
13,2
17,4
55,1
5,1
1,7
3,1
341,4
8,7
1,18
7,1
1,79
1,3
689,80
4,1049
481,6
1,4
6,24
4,7
15,8
8,14
2,1
2,1
147,21
1,3
1,74
2,502
1,5
271,1
1,3
25,23
1,11
33,2
62,211
1,1
2,1
210,2
39,15
472,2
1,43
1,10
69,3
4,1
1,4
1,1
13,152
1,26
10,4164
7,2
1,1
50,8
1,1
28,9
31,14
1,1
1,2
109,1
2,1
1,2
2,1
3,5
3652,52
10,2
3,7
2,1
1,1
8,29
328,7
1,1
1,3
1,4
25,1
898,40
4,4
24,2
7,2
9,54
5,2
26,9
13,49
3,10
12,1
39,5
2,2
12,2
2,50
2,815
1,85
209,7
1,1
21,68
1,8
4,8
1,24
5,3023
1,4
1715,42
1,1
4,2
136,17
4,1
296,1
5,1
6,2
1,2
1,95
7,1
9,1
7,3
113,2
34,52
8,1
18,1
14,2808
661,1
35,14
1,5
1,1
2,534
2,3
3,1
1523,10
4002,39
6,12
3,1
3,2
1285,1
4,1
1,69
25,6
205,6
15,68
10,2423
2,2
1,2
24,3
2,1
1,12
4307,33
1,13
1,1
5,3
3,1
3,9
3,13
1,32
174,189
1,1
1,6
243,2
1214,2
10,1
1,158
1,2
3,3
1,1
4,1
43,38
2,8
2,14
8,46
1,1
4,65
6,91
15,12
1,1
2,2
2,432
42,2
2,2
796,85
1,85
1,8
31,2
40,3
310,2
3,10
1,8
3,1
22,8
11,25
12,6
1,472
1,2
2,1
4,1
4,22
12,1
9,16
1,2
21,2
556,1
35,2
561,40
10,4
14,9
50,1
55,50
66,133
3,2
1267,1
380,43
1,1
1,1
1,298
1,1079
1,2
2,1
25,3
3,1
1,4
1,1
20,9
8,1
1,1
2,1
6,16
167,2
11,69
23,547
1,21
4,178
16,7
115,1
57,13
147,1
15,4
8,571
4,16
1,161
2,167
4,1
1,10
1,1
2,71
9,111
23,2
1467,5
414,763
7,5
1,517
2,3
21,6
2481,5
4,78
9,242
1,1
73,1
4,1
2,3
1,1
2327,1
1,2
48,3
9,5
1,1
8,2
1,2
91,1
3,11
1,1
1,1216
3,4
10,4
8,1
30,1
5,16
3,19
3,1
148,10
1,1
2,6
5,1
1,191
7,14
3621,30
333,2
79,154
7,21
2,2
134,1
11,59
317,660
1745,7
1,3
1,66
16,7
1,20
19,1
1,10
7,1
2,2
1,24
1,1
322,5
12,62
2,17
2,1
7,2
7,1
1,818
1,11
6,8
389,5
1,29
1432,1
1,28
1,1
10,995
7,1450
2,1
125,1
9,223
2,3
7,8
1,2
4,19
232,1
3,1
11,2
9,1
1,9
2,1
17,1
2,1
197,2
1,9
2,23
1,1
13,1
2,4
3,2
36,1
7,1
1,283
339,18
2,11
1,4
2,2
3,5
13,7
3,274
4,2190
4,1
1,59
7,6
1,1395
1,1
1,42
6,4
545,2
1,119
1,365
5,1
9,1
81,10
5,2
1,57
9,2
1,1
4,3
4,150
82,2
17,11
1,1
1,1
5,23
408,1
1,1
14,39
2,5
1,266
2,1114
97,7
5,2
1,11
1,1
3,2
242,1
822,496
24,477
46,1
51,7
1,1
774,4
25,8
2455,18
308,2
8,3
4,79
1,119
1,14
16,30
1,17
485,3
21,2
1,1
1,3
3,3
4,4
126,4
16,1
7,2
1,1
16,5
2,8
2806,4384
2,842
1,6
39,2
2,55
7,8
31,2
1,2009
1,4
22,31
13,1
3,4
57,33
88,162
8,7
2,9
1,2
52,1
107,6
179,13
4,73
91,5
15,32
1,2
2,10
394,1
76,62
1,2
1369,8
2,1
856,32
5,26
1,35
1,4
1,1
4,1
68,1
10,2
64,352
14,1
49,13
356,4
3,13
6,6
1,16
1,9
1,2
25,6
1,4
5,1
1,3
1,6
1,413
2,14
1,1
1056,2
1,6
2,1
2,14
13,1
1,178
2,2
5,7
1,14
5,3
1,9
587,89
318,1173
1,14
12,265
1,5
240,2
14,3
3,87
10,5
4,1
186,15
12,1
7,3
29,9
3,3
21,1
124,316
27,323
313,12
2478,10
1,7
14,5
4,3
1,41
1,2604
1,23
9,18
5,43
13,1
2,4
11,22
2,18
6,23
25,2
1,464
1,1
1,2
9,6
1,2
22,1
1,30
157,5
18,31
456,14
2,1
37,4
16,2
1183,23
1,7
524,1
11,1
546,4
46,1
2,2
16,45
192,10
2,38
12,1
2,1
250,362
20,3677
1,5
1,1
5,7
4,3
20,3
12,17
1,3
397,1
2699,4
4,2
4,6
3,3
17,28
104,1
6,25
9,2
1,2
9,1
1,150
15,1
5,3
1,45
5,1
6,1
6,1
9,1
1843,1
1,112
7,1
87,4
14,565
200,382
2,9
224,2
16,1
1,6
15,13
8,60
23,1
72,1
125,5
32,1
11,6
1,3
6,59
5,6
2,5
1,5
2,4
364,1
4,231
203,1
10,1
1,1
88,2
15,1
1,6
2,3
2,33
40,2
23,1
25,3
1,24
3,487
1,4
886,582
1,324
97,3
3,3
1,4
1,9
22,3
8,1
3,9
1,12
2,2
88,3
1,5
391,10
1,3
1,145
348,1
12,15
6,3
20,186
1,1
262,9
1,2
16,1
6,3
111,87
4,28
7,4
120,15
1,20
29,1
1,4
15,23
12,1
2,49
2,10
2,2
1,1
12,40
63,2
91,238
1,30
2,9
5,3
2,12
1,125
108,1
4,2
79,1
9,2
290,30
13,264
5,1
2,2
5,1
27,274
1,141
1,1
1,1
1,74
61,3
1,2
26,3
2,3
1,1
145,1
1,1
5,6
19,1
561,171
12,1
5,7
2,1
288,192
6,3
3,2
34,24
300,1
3,264
5,1
1,3
1,27
1,3
28,20
1,1
4,10
14,3
28,2
2,1
29,21
23,3
82,15
5,6
60,103
2,1
5,1
896,2545
464,4
589,25
2960,21
18,55
1,70
3,3257
15,2
2,13
27,3
7,12
4,6
50,1206
207,1323
113,1
226,29
9,3
1,312
5,8
39,3
29,20
31,1
2,2
1,1
1,3
2,525
56,3031
4,1
11,1
2,7
14,4
71,3
5,1
1,4
1,2
9,1
1,334
2,1
4,1
248,3
165,25
3,6
1541,39
113,206
4,16
59,1
40,5
7,41
5,6
1,197
7,8
2,6
1,1
7,3
202,2
1,189
1,3122
4,16
11,119
1,7
1,3543
1,1
1,2
1347,2
2,5
1,2
1,29
51,3
7,6
4,5
4,578
2,1
1,7
1,9
2,4
50,3
1909,51
4,2
163,2
314,2
123,3
2,3
1,1
19,3
311,1
8,2
374,39
18,14
2,223
1,1
1,7
1,20
1,1
4,90
2,321
3,19
111,8
94,20
148,53
23,1
1,1
3,1
5,1
8,32
2,13
29,402
28,1
45,7
1,325
6,99
72,12
39,1
1,3
1,187
10,2
7,22
1,145
3,1
976,6
2,11
5,7
791,2
12,1
7,22
1,1
334,11
7,349
1,1
1023,1513
67,7
1,1
4,47
39,1
3,5
15,3
2,116
22,49
32,4
1,1
2,5
2,3
6,4
16,3
2,5
9,1
38,1
1,3
3,1
3092,34
32,1
9,9
5,1
1,160
4,2
2,3
1,13
4,2
1,8
4,2
4,10
2,7
51,5
66,520
1,1
1,2
4,1
2,1
1,1
7,1
3,1
322,17
2,12
1,1
1,9
2,37
119,3
1,1
13,168
2,4
4,2
2,10
1,3
7,8
66,1
2864,79
2,445
9,2
2,297
2,2
3,8
1,337
58,2
2,2
2132,6
1,14
235,300
2,45
1,638
2,2
37,44
1,1
10,1
2522,6
1,1
21,3
5,3
1,20
2,16
53,46
9,41
1,6
3,1
160,5
2,3
4,651
3,6
24,867
1,1
132,5
1056,141
1,1
3,3
1,2
4,2
1,1
1,5
1240,8
6,11
2,3
43,11
9,2
109,3
49,7
59,1
8,26
23,5
2,38
20,3
769,5
1,3353
1,2
5,1
21,88
1,27
3,3
3,1
36,32
31,1
11,1
5,1
9,1
22,1682
10,26
11,2
51,10
17,1
3,1
13,352
4,12
92,24
1,37
8,13
10,3
4,3
1,1490
14,1
4,1
3,1
3,2
1,1
2,9
16,2
892,5
62,3
15,3
15,27
4,2
342,18
114,216
4,10
211,2
3,3
12,9
3,8
67,280
3015,248
10,2
17,26
62,25
20,1
1,2476
1,71
12,4
76,3
1,38
33,15
2,4
1672,36
12,3
136,4
123,9
2,239
1,2
3,3
1,23
2,1
1,4
1,4
2,377
64,6
1,2
45,1
8,1
39,1
8,116
1,2
1,8
6,7
4,7
1,4
1,5
1,8
1,1
279,31
31,5
944,218
1,2
1,33
1,2
6,1
194,121
8,7
5,7
2,1
176,1
2,35
1,108
36,3
1,9
26,3
268,3
1,1
7,2
172,4258
1,1
4,1
1,1
197,1
1,14
21,1
44,1
13,1
2,11
1,4
1,4
3,1
2,6
2,1
25,90
4720,6
25,1
1,23
46,1
1,13
1,48
1,2
482,5
1,11
3,4
1,1169
15,133
58,22
7,32
14,8
1076,3
5,2
3,31
2,1
1,1
3,1
1,12
1,15
1,1
2,1
51,1
1,3
3,2
9,1
196,7
1,1
4028,137
14,91
59,1
38,38
1190,1
1119,2
29,3
3,3
3,252
1,19
22,18
404,4
3328,3
886,1
5,5
2,3
1,358
105,22
10,1325
11,55
184,2
320,477
205,10
1,2
4,9
10,119
1,2
55,1896
2,2
8,5
6,2
2,13
1,52
1,1
33,3
110,15
4,3
5,30
3,231
123,2
2,223
1,1
17,2
2,1
3,4
5,11
1,10
22,2
20,5
2,239
32,5
7,21
14,19
21,1
3,7
3,38
5,2
3,15
3,2
1,13
3,19
4,236
6,30
36,3
6,4716
9,371
16,2523
3,1
16,204
2,24
3,53
5,22
1,6
1,15
2,4
521,1
14,35
1,1
145,1
1,3
8,2
1,2
1,6
35,2
497,312
25,1
77,4
1,2
6,2
17,347
32,17
46,20
62,4
6,23
2,1
101,5
33,2575
82,25
172,9
58,9
3063,1
2805,61
1,36
1,3
2,2
1255,1
59,13
165,15
858,1
4,1
7,2
13,7
4590,1
825,1
8,92
10,2
460,107
2,19
1,1
25,1
58,11
6,2
1,1
1,2622
4,1
3,9
2,1
1,14
1,79
6,562
4,1
75,1
9,1
12,50
1,9
2,684
46,1
1,1
2,1902
2,1528
39,2
93,18
9,5
60,573
8,1
3240,1
9,5
1548,1
2,3
37,14
54,2
2,1
528,3
44,46
5,5
1,1
2,372
6,872
1,7
3,2
3,1
7,1
8,1
2,20
2,1710
3,3
1202,2
1,4
1,47
9,2
1,8
3,2
1,3
53,29
4,75
8,1
1,6
17,1
4,2
1,1
102,155
1,92
72,1526
3,1
3,1
1,7
51,21
1,4
53,32
45,7
30,2
1,1
1,1
2,37
1,2
1693,1
2,3
1,43
8,1
54,1
8,40
67,5
22,2
11,2
1,45
267,2
7,1
17,1
27,26
1,38
3,1
353,30
2,121
33,2
1,291
20,1
11,29
1,4
14,7
164,1
1,11
5,5
180,694
959,72
1,4
24,1
4,1
12,1
2,8
91,1
5,1
255,37
4817,7
1,2
1483,1
6,448
1,3
393,7
4,1
24,13
2,1
5,6
5,5
1,1
28,1
2,48
2,1
19,90
8,2
915,63
1,10
12,7
18,1
1,37
16,4
5,1
2,2
5,3
3,1
54,9
31,1
8,21
1,2079
1,1
231,3
81,1
5,3
1,1
7,1
36,43
1,1
7,17
1,3
1504,5
48,1
6,7
1,2
1,79
1,1
1,9
3,4
3,1
5,1
12,1
1,17
1,2
3,13
3056,1
34,2
1,72
4,207
11,4
1,5
15,6
8,9
17,2
226,437
249,2
1,29
20,10
5,1395
1,31
22,33
3,1
1,11
3,3
4,2
35,23
210,188
1,1
5,883
3,402
2689,1
6,10
1,9
15,200
7,1
2,1710
1131,1
1,1
245,1
3,22
1,1
3,1
81,1
1,6
1,1
94,1
1,2
8,1
1,78
1035,71
2,1
2,1
6,308
2,3
5,7
1,139
3,33
5,1
6,7
15,2
4,12
1,10
4,968
799,14
1,11
1,1
3,69
6,68
10,7
2,1
1,232
7,7
1,11
6,2
42,394
4,16
217,2
1,10
384,3300
5,1
2,1
1,429
3,3
12,1
3,80
1,8
1,5
254,8
3,4
7,1
3,14
21,1
1,2
1,29
1,77
9,30
15,4021
2,16
26,7
131,3
1,55
86,2
990,5
155,1
12,1
2289,2
3649,273
1,24
1,9
1,2
6,86
3,3
1,15
19,2
275,1
2,1
13,2
2,22
1,2
3,23
1,8
1477,1
4,6
2,4
2,1
349,3
83,2
1,2
1,3
1207,57
2,2
42,221
1,1
17,9
45,2
2,22
1,213
3,1
237,4840
5,18
3,1
21,329
319,2
5,1
3,1
12,130
1,5
5,1548
1,48
1,4
138,2
5,2
4,1
1,34
2,52
48,3
1727,4
19,768
5,1
53,933
60,231
5,21
3,25
2,14
32,545
1,2
3,11
211,2
308,5
3,1
2,1
2,1
2767,4
22,2
1,1242
3,32
3,3
46,1533
1546,3
9,22
6,265
56,1
1,12
5,35
1,5
1,3
440,3
2,3
2988,1
11,5
24,4
7,255
2,2
33,4
23,549
1,5
1,1
231,126
11,1
1138,1
210,5
3,8
3,1
281,4
7,9
3,4
15,20
4,2
5,2
1,1
12,2
18,50
106,1860
9,2
3,18
26,8
18,5
141,2
29,1
2,5
14,1
32,1
2,1
5,104
128,10
2,1
7,1
1,2
92,3
53,2
694,4
8,1
4,2442
3,1
109,3
61,1
1,1
5,1
9,8
7,156
88,1
51,6
2,1
2,22
37,4
8,1
1,1
8,1
1,1
2,3
2,3
10,11
2658,5
1482,39
1,306
53,273
4,3
204,41
23,18
14,73
1,211
10,60
125,3
1,1
1,9
301,1
136,41
31,3
1,3
1,5
4,1
1,11
1,9
175,2
1,100
5,95
2,31
2,2
66,2
1,17
1,3
6,4027
11,4
7,1
4,3
1,7
7,20
1,1
1,1
3,18
1,2
1,2
5,60
1,1
20,7
2,2
4,6
1,6
253,2
447,81
24,10
1,18
6,3274
14,5
38,2
116,1
3,2
1,53
1,36
43,3
1,1
1,1
1,6
1,7
1,1
248,2
1,14
1248,4
61,5
442,1747
5,1
2,146
17,29
8,1857
65,1
2,2
2,5
3,13
12,3
2,1
1,2
1,1
3,1
2,44
20,178
2,2
1,1
1,140
2,10
1,11
13,2
1,2
21,323
222,9
1,2
282,3
5,1
1,13
8,12
1,137
21,4
3,53
9,104
113,2
10,44
2,217
1,12
3,27
2,1
1,5
1,11
1,39
68,2
1,5
1,17
1,10
2,34
1,14
394,4
15,19
1,1
1,1813
1048,2
1,1
1,4
1,1577
17,12
2,1
14,1
1,204
5,2
11,5
17,2
309,1
8,1
108,5
3,1
1,2
1,20
1,1451
1,61
2,1002
5,262
606,1
19,5
2,2
32,1
1,1418
30,3
60,1
1,2
1,3
217,37
1,341
1,10
6,25
1,16
1,539
1,2
9,39
5,5
1,56
74,48
27,1
1,69
7,3
7,7
1,80
1,234
463,1
4,1
7,4
521,3
106,134
2,2
2,2
84,2
1,1
10,8
28,1
1,160
1,3
5,31
13,2
1,12
261,1
1,1
38,2
2,1
27,4
703,4
446,42
2,476
4,32
1,1
8,4
9,1
40,1
16,30
1,1
5,13
9,151
9,1756
538,21
289,1
1,1
1905,1
1727,10
27,9
1,3
1,6
1,1
5,3
4,5
1,1
1,2
380,30
1,115
2,28
8,2
12,1
7,1
7,175
4,5
4,72
9,1
1,1
1946,180
1,4
6,1542
6,13
1,24
3,31
52,245
1,3239
8,4
16,11
2,1448
107,17
1,1
2,1
64,324
2,2
84,3
3,7
50,1
11,7
36,38
11,1
1,3
1,1587
1,5
28,23
119,2
3,3
1,1
9,97
1,4
4,19
6,44
14,2
1,3
3,13
6,2
1,1
1,1
25,1
5,3
1,14
2,34
10,2
4,1
5,34
21,1
2,1493
2,102
10,1
1,18
2,28
9,6
2,1
6,8
1317,313
2,4
1,9
1,366
1,206
2,4
2,1
1,15
14,83
6,3
12,2
1,3
1,3
6,1
277,1
3,2
249,1
1,34
900,1
1,1
2,367
1,143
8,2739
53,1
5,19
5,1860
38,1
1849,128
6,18
1177,1
2,19
13,4561
1,429
206,8
91,3
2,2
1,1
19,7
1,14
3,1211
12,2
121,10
3,1
2,137
102,5
1,2
1,3
1,21
25,27
25,1
2,9
1,22
1,4
330,72
48,1
5,2
5,622
2,162
43,1
41,2
1,1
5,41
1,2
2,199
1,42
1,1
5,4
2,24
3,1
9,7
1,1
221,2
96,7
36,3
3,3
1,15
1992,5
288,22
1008,4234
4401,51
82,3
45,2
3,4
2,89
1,2
179,1
9,63
4,1
2,9
3,1
1,10
2,3
3,33
5,5
9,75
24,4
24,483
1,6
767,7
3,31
1,5
196,7
1,5
1,1
301,42
2,1
1,1
14,2
1,1
13,4
1,2
771,2
51,1
8,2
1,6
1,21
9,148
5,5
3,2
109,73
29,23
71,2
21,8
222,6
1,1
168,1
2,4
3,23
3,15
2,1
12,4
1,24
1,17
1,7
1,1
1,13
13,11
2,904
4,11
2,1
1,2
575,104
10,1
2,7
6,6
4,1
49,94
21,11
1,1
2,2800
5,1
7,1
2,2
1,3
1,1
4,15
36,97
1,8
2,25
1,11
1732,2
4,6
4,2
1,13
1,604
1,5
28,2
11,2
1,17
2,20
53,1
2,1
2,4
13,12
20,1
1,2
33,19
18,22
1,9
1,5
2,1
11,3
25,22
20,2
6,1
169,1
1,9
218,3
185,11
4,1
50,2
1,10
4493,1
4,1
80,1
102,1
1,1725
28,7
32,16
232,3
3,9
7,2
1,4
4,63
5,2
1,4
47,2
4,6
2,791
8,289
3,5
5,1
11,1
1,2
3,1
19,1
2,2
159,6
14,31
1,1
1,3
1,544
7,41
1,14
76,1
37,5
1,11
2,71
1,1
1,18
20,7
2,5
6,142
1,1
201,2
109,1
179,2
1,1
6,623
1,1
7,3
8,2
5,234
1,7
6,29
1,20
18,3
1,44
1,68
1,983
2,1
41,4
1,62
2,7
3,6
11,2
3,4
1,13
2,725
4,2
2,20
1,337
162,278
1,7
13,1
80,2
7,32
5,342
1,2
382,1
1,780
3,14
22,4
1,4
1,1
1,1
1,2910
84,68
10,1
20,2
1,2
7,1
9,4
11,1
3883,39
2756,1
5,1
68,6
160,520
1,19
25,40
85,1
2,8
4,4
15,6
2,578
2,20
7,2081
1,8
2,2
1,1
1,1
81,5
1,2
527,1
3,29
4,57
6,150
31,6
51,2
4,1
3,4
683,11
20,9
306,1
7,6
5,3
10,1
1,32
3,8
10,6
1,2
30,402
6,13
1,3
21,1
3,1
1,1
412,234
2,1
4,44
3,33
8,4
306,1
8,24
14,706
2,1
1,3
3,4
18,53
1370,27
3,5
551,39
1,5
2,121
90,1
22,29
2,2
1768,6
24,1
101,3
1,1
1,2
1,4
9,1
18,2
7,1
965,298
4,3
4,12
6,1
21,10
16,31
3,2
2,1
3,9
1,4
40,1
13,1
11,2
2,39
8,4
1,533
2127,2
3,1
1,20
28,4
1,6
27,2
1,61
2,3
1,2
1,5
1,4
2,563
9,1
5,19
6,15
19,5
8,226
3,1
1,47
79,6
5,660
1,3
2,22
319,5
40,37
9,1
1,3
2,47
3,60
5,9
1,5
1,1
99,1
194,153
3557,1
1,87
962,4
23,1
7,7
2,15
1,2
2,423
1,860
5,1
1,10
382,8
13,1
24,3
16,4
6,4
2,7
2,241
1,3
2,7
14,2
227,2
359,4
1,1
32,4
640,2
21,1
3,2
1,4
1,103
83,3
2,2
42,1
1,1
40,52
1,257
20,331
6,51
5,2
2,4
24,2
4,1
784,56
7,2
88,3
161,5
6,1
3,7
2,11
9,13
413,71
523,2
1,4
1,3
1,6
30,1
1,13
3,2
7,62
3,29
1,1
1,27
41,2
4,3
1,1
6,3
2,2
94,4
2,2
1,1894
14,1
46,12
3,8
3,8
1,1
9,165
3,181
810,1
23,1
2,6
4,1
1,1
11,4
935,4
272,3
12,1
2396,363
1,4
402,2
1,23
96,177
356,17
4,1
1,8
335,3
2,1
270,6
4,100
1,159
3368,1
1,5
7,1486
11,1
1,2
3273,3
2,194
7,14
14,73
4,1
15,3
1,117
93,1
18,297
2,2
2,2
1,1807
2,1
6,1
1,27
1,4
153,1
1,1
1,4
1,276
1,1
1,4
38,120
341,391
1,11
1,88
191,9
3,35
64,5
372,3
1,4
92,7
5,61
2,61
1,3
2,1
70,7
5,5
91,164
2,2
2,1
16,30
2,1
78,7
27,40
29,2
73,1
2,31
1,3204
2,2
5,7
6,43
1,1
278,7
27,621
1,2
7,2280
1,1
11,51
12,306
1,2
1,1845
4,2
1,1
1,1
1,186
4,485
4132,1
1,9
4,3
2,2
1,1
386,95
4,27
9,11
257,21
2,1
2,2
1,1
3,1
2,1
17,1
19,3
66,31
1,2
23,1
13,9
1,19
242,4258
15,80
4,1
9,4
2,1
4,10
61,1
7,1
10,3
38,16
4,127
5,1
32,551
3,3637
272,22
55,1
31,1
26,1
1,2
23,1
693,23
1,1
6,1
5,20
3,1
3,1
3,3
4030,112
1,9
2749,33
871,3
1327,29
18,75
3,1
3,2
19,39
1,12
3,1
2,25
1,7
5,10
9,2
1,3
1,63
93,2
1,4
3,22
4,1
36,42
3,5
21,2
1,4
1,1
1,38
1,27
14,10
5,22
1302,22
1,13
14,3
4,3
542,1
3,572
1,676
3,4
6,59
2,7
6,22
2,12
24,5
1,5
2,301
6,1
17,1
4,30
7,2
1,3
15,1
7,14
1,2
104,24
17,9
2,5
1,6
22,12
120,10
3,5
2,1
1,13
3,1
2,16
1,40
1,16
7,6
1,2
1,1
6,799
25,2
6,1
1,2
3,1
245,84
2,14
24,1
8,1
1,1
1,27
6,4
8,47
17,1860
4,1
673,397
43,4
3,308
3,1
7,50
1,1
4,1
1,2401
3,2
6,1
7,3584
3,14
1,42
559,4
1,13
2,2
2,3
1,1
4,1
411,35
1368,1
2564,817
8,12
6,1
394,1595
43,1
6,48
6,134
11,10
2,6
480,2
2,2
570,3
1,1
54,35
2,12
2,3
3,3
3,1
1,4236
165,1
4,18
1,1
1,39
2520,6
3,126
4,16
2,6
2,2
1,5
2,1
157,1638
1,2
1,1404
44,40
15,660
3935,1
2,1
251,8
193,1
16,1
5,2
1,221
4,12
2,30
36,6
9,24
2,1
11,38
1,71
14,1
107,10
1,891
1,67
5,2
1,3
2,129
1,4291
4,2
14,6
18,16
1,1
144,2
208,74
760,2
128,122
13,1
20,55
15,1
11,21
44,10
3,28
3748,16
263,3
1648,2
1,4
58,24
15,2
57,1
5,3
65,13
5,6
5,1
2,1
3,97
7,1
1,5
327,31
1,5
24,1
3,4
3,7
76,81
2,112
413,12
1,7
244,5
6,81
307,1
3,3
13,3
2,67
4,3
2,29
1,8
2,6
1,18
1,130
1,1
1,1
2,31
3920,25
8,139
9,101
4,3
2,2
2,5
10,20
1,15
3,1
5,2
21,1781
29,1
1,1
239,2
7,109
97,2
61,1
1,2
181,2
2294,3
1,72
26,2
1,3
1,3
2,2
197,27
20,46
2,79
1,49
1,57
1,1
3,6
14,1
3,1
16,1663
1,5
3,1
1,44
7,6
6,1
1,76
50,2
470,13
8,1
41,3
122,125
1,1
3,12
42,1012
1,3
1239,159
5,2
30,1
2,4
21,38
2,2
1,1
1,3
13,3
5,4817
4,40
10,3
38,5
5,17
1,95
1,20
17,1360
1,2
147,1
1,3
1,8
82,1
20,70
85,1
50,93
23,1
2,3
94,4
1,7
3,4302
2,1
25,39
5,329
3,37
236,1
10,14
83,1
1,1
1,3
10,1
23,5
62,179
40,10
69,1661
1,25
69,1
1,9
2,34
96,1
25,248
1,1
7,1
1872,1
6,1
3,137
1,1
1,2
25,2
6,2
798,1
2,7
5,3
4,2
536,139
2,138
2,1851
5,15
18,4
8,2
3,4774
1,9
2,7
1649,849
13,1
26,17
1,8
1,1
1,13
5,1
1,2
1,1
3909,3
1,124
1,1
42,155
222,2
1,1
2,19
6,5
1,3
17,1
19,3
2,7
1,1
9,10
1,64
9,2
1,1
1319,3
2,1
2,1
58,1
1,13
17,12
1,2715
1,10
1,2
16,167
46,5
23,3
5,1374
1,7
167,31
2,2
10,15
49,30
10,7
1,12
1,1
2,4
4,26
20,160
6,3
2,32
4,3
698,22
4,1
237,268
138,1
10,32
3,119
60,25
3,1
16,8
48,648
3,2
2930,310
1,22
2,3
1,6
1,10
2,2
2,15
2,2
7,1
3,1
12,2
1,30
2,3
1,2
8,1
1,1
2,3
12,10
23,1
1,4
5,493
1,1
2,21
1,1
50,2
25,56
2,2
21,18
1,100
4,1
4,64
33,676
42,4083
1,2
1,2
39,1
1,6
8,4
6,10
1,2
1,7
2,1
34,11
23,34
1,21
1,1
2,2
1,2
8,7
13,1
168,32
7,5
2,1
13,2
10,1
4,1
4,86
1,299
1,27
24,40
2,1
3,56
15,2
2,1
14,1
59,2
86,1
9,15
1,6
12,1
35,2
398,9
1,2
7,11
1,1
4,67
119,1
413,1
3,3
16,2
4,7
8,12
2075,2
2,110
4,14
14,4
1,2
1,1
541,79
2,5
53,17
3,1
12,1
30,17
773,7
5,287
1,1
10,174
2,119
2,32
12,1168
4,4
66,33
7,6
12,1
8,1
5,2158
95,4
1,21
663,2
1,10
15,1
13,40
1,789
1,2
5,1
58,52
28,2
4,160
16,524
1303,1
3554,5
1,12
6,5
21,5
840,1
1,61
2,15
4,553
2799,2
1,26
4,1
13,1
85,2
43,1
1,36
1,917
1,1
6,1
1,134
1,5
19,3
1,4
1,4
26,2
2,21
1,654
3,4
142,1669
36,316
2,2
88,4
473,8
1,1
1,1
9,1
1,1
3,1
1,2
3,3289
1,41
1,6
2,1
15,2
1,2
1,2
4,1
2,1
189,2
84,65
1,6
5,791
1,1
42,1
15,3
103,5
2,1
2,11
9,1
1,38
1,1
10,362
245,13
129,11
368,6
13,16
4,1
2,52
6,3
7,7
8,6
1,3
2,4253
1,1
3,8
1,3
74,2
2,1
7,179
31,5
3,2
2,1
3,3
3,3
8,21
1,43
118,4
13,4
8,1
2,64
37,1
2,1
14,1
145,1
2,1
3,3
1,449
43,231
2,2
32,3
1,1
18,4
16,3
2,8
2,2
1,4
18,3
1,1
21,1
139,4
36,2
17,8
1,83
2,4586
1,4
4464,1
5,1
1,5
2,3
1,22
85,13
15,8
1,483
1,3
2,1
3,1
17,1
2,1
785,7
1,2
1,9
4,99
2,34
4,6
141,1
48,148
262,3
1,1
108,8
7,4
39,3
2,10
103,1
60,8
5,109
35,22
2,281
3,1
162,6
2981,3
1,5
537,122
32,1
169,2
5,3064
116,1
669,1
3,1
4,3
7,11
21,7
2,1
24,2
44,1187
123,6
1,1
3,8
1,5
23,3
2,5
49,6
2,4
9,6
3858,6
7,1
6,3
3,21
2,2
840,4
1,2
1,6
6,1
1,2
1,22
5,405
1,92
16,143
17,1
1,1
3,4
967,2
689,10
5,4
1,3
1,3
18,2
14,7
1,1
37,3
4,3
15,1
6,2
6,4
2400,10
1,6
2,20
1,71
2,4
112,4
6,32
4,33
17,6
3,21
9,2
36,3
1,7
38,2584
2,1
2,985
45,1216
2,1
203,10
5,356
6,2
117,1
27,168
43,29
12,5
3,5
1,10
2,2
6,2
51,2195
29,235
5,10
12,60
3,3
1,139
36,4
1793,44
8,2
237,1
20,5
1,4
2,1
1,1
778,2
17,10
30,8
17,2
54,8
35,4
2,2
1,144
3,4
2,3
36,4
83,46
6,155
1,3
48,2
1,204
2,1
2483,6
55,423
2787,2
7,4
3,2
2,4
1,21
1,27
33,16
3,8
8,4
5,4
71,1
8,1
13,6
24,2
1,13
1,4
82,1
59,1
13,3
3,1
1544,1
1,7
1,70
3,10
1,4
44,3
6,3
32,12
18,1
6,30
6,17
1,1
2,1
1,7
1,12
30,3
4,2
1,6
875,1
4,1
268,61
69,1
2,14
8,27
1,12
10,17
1,1
1,4
3,8
4,1
1,18
2,136
2161,1
434,1010
11,3784
6,2
2,1
1,5
580,2
4,6
1,102
1,70
2,16
21,3
185,1
7,6
6,2
1,3
140,1
1,1
1,1
147,10
1,3
9,1
1,29
1,491
1,5
21,321
11,1
2,1
64,1308
1,8
6,4
36,14
4,5
31,3
4,2
1,3
1,50
7,1
11,98
1,2
10,1
3,24
2,174
1,5
5,372
4,14
2,1
1,27
899,1
1,20
1,167
277,4
41,15
7,1
1,13
3986,1
10,2239
2,2
213,6
5,4
9,21
1,29
98,7
1,3
301,1
9,2906
204,3
4,1
2,23
101,2
4,1
5,24
1,17
380,55
561,847
4,3
18,3
1,5
27,1
6,654
2,2
2,1
3,7
1,4
669,2
15,2165
112,1
5,705
175,1
1,4
7,1
1,470
20,1
2,1
4,6
494,925
85,8
52,23
2,7
1,26
4,416
1127,482
2,1
82,69
39,14
6,2
13,5
3,1
34,23
6,184
34,1
45,1
2,12
44,3
1,6
57,74
3,1
2,6
15,21
3,16
5,9
2,106
3,5
5,13
847,67
60,25
13,2
15,2
1,6
197,2
5,1
12,41
1,45
2,1
63,1
3,8
1,8
55,2
1,448
8,1
3,1
11,147
7,134
4,1
2,2
15,1
2,2
76,102
4,1
3593,21
1,3
38,94
1,3
33,3
14,95
24,5
1,4
3,1
1,84
2,1
50,1
327,4
3,4
3,20
257,41
3,2518
7,12
3655,2
14,18
1,2
1,43
1,20
4,1
2,6
3,2
1,1
148,3
42,3
35,19
1,1
39,2557
14,11
39,12
5,327
3,2
126,23
15,6
208,4
1,342
1,1967
1541,3841
6,23
1,35
3,1
19,1
274,4
1333,1
1,1156
1,116
14,1
6,62
9,4
66,41
2,1
4,3
4,12
2,1
1,3
2,1
1,2
7,357
69,2
19,1
1,2403
2,3
1,1
2,135
1,3
1,5
3,15
2,1
1,1
1841,2
1,5
1,19
1,3
260,1
1,11
11,2
1,1
3,25
5,29
4,4
84,2
399,1
564,2
4,41
3,5
1,8
27,43
2017,21
1,2079
4,88
860,57
24,2
9,1
566,6
1,4
6,4
2,356
3,92
1,1652
1,49
4,74
1,2638
1,4
11,1
1,6
11,17
181,34
2,3
1,5
20,62
184,9
4,317
2,3
4,3
30,1
57,19
12,6
3,1
2,1
16,644
373,450
4,10
1,56
1,31
1,44
3490,12
35,3
27,700
1,4
12,5
2,2
1,3
59,7
2,1
10,19
7,12
2,28
28,1
794,88
2,3434
9,1
30,38
19,5
112,1597
2,5
1,2
7,1
6,192
17,4
3,1
2,32
129,19
33,5
1,1
1,6
1,3
1,210
92,1
8,1
1,1
197,1638
3,31
1,1
289,4
105,4
3,3
20,4
29,1
3,3
62,12
2,53
66,5
3,28
3,174
12,1
151,49
143,4
1,290
1,16
8,1
20,36
9,1427
19,1
1,3
9,2804
45,269
92,1
53,774
1,9
1,77
2,3
235,7
2,384
1,23
66,1214
1,1
8,3
6,5
111,6
1,8
4,12
110,5
9,1
56,117
18,1
7,524
4,2598
287,1
3,1
16,161
13,15
11,1347
80,10
1,4
4,1
1,182
4116,2
26,1
1,2
11,2
2,441
10,14
1,3334
538,10
92,2
9,5
22,1018
8,2
1,3
4,1
9,5
3,9
332,1
55,11
3,1019
2,1
1,1
5,1
1,14
6,1
25,5
2,111
1,12
1,1
9,14
3,2
7,13
1,196
8,1
2,83
2,2
5,3
26,294
82,1
1,1
6,1
6,1
69,3
36,52
2,32
20,1
9,22
61,1
2,1
22,1
33,27
1,22
21,87
1,1
1,3
6,4
1,11
345,3789
6,2
1,3
33,1
2,1
1,1861
54,2
1816,26
4028,9
2,1
3,4
1,1
1,9
2,9
82,54
195,10
1,5
345,2
3,13
2,16
48,1
15,256
10,1
23,83
15,15
1,2
37,1
1,5
210,271
1,2
23,1
133,20
239,2
1,32
1,1
10,701
2,13
6,11
240,3132
1,3
14,1
276,1
14,5
1,6
1,2
3,1
1,1
28,1
1,2216
1,68
3,10
5,3
209,78
2,22
2,73
12,139
560,851
452,12
2,1913
8,1
1,1
2261,19
2,3
7,1
36,50
3,2
1607,1
2,2
7,24
1,3
323,1
1,1
2,8
6,20
91,54
1,5
2,2
5,1
1,1
2,15
1,2
53,20
7,3
4,1
1,1
28,9
2,2
36,6
42,12
19,9
1,15
1,2
3,1
1,2
4,33
10,1
47,3
251,2833
102,6
2,20
1,1
2,2
2,7
4,2
1329,2
8,6
6,189
7,2
4,41
9,21
1,196
2,3
462,37
1,2
1,26
4,9
78,1
2,2
1,145
15,5
752,11
2,14
14,3
5,2
2,3
128,202
2,8
3,8
1,2
89,421
140,1
1,2
2,4
24,5
11,814
80,1
458,2
21,1
11,181
3,37
1,37
1,1
29,3
1,2
8,1
3,1
1,2404
2,5
26,1
1,211
1,3
1,1
10,2
5,2
3,1
171,1
40,1
1,4
1,7
13,1
1,36
23,4402
915,10
105,2
15,4
37,1
392,1
392,52
16,8
2,4
204,46
5,2
409,1
1,6
2,1
4,2
147,1
4,10
7,11
3,1
1,30
8,147
1,8
23,1
2,1
37,1
2,2
17,1
1,57
2,35
354,10
4,75
2,4
6,1
230,8
2,1
2,1
45,1
1,5
22,2402
4,32
7,3
1,1250
68,5
3,1
3,26
2,3
3,1
12,14
1,8
168,18
191,4
13,2
1,17
1,399
1,1
1,1
84,1
10,1
187,3
3,5
34,43
2,20
1,2270
1,31
2,2
15,76
3910,2
52,5
7,134
11,194
46,1
5,51
2664,131
3,1
2,6
1,1
2509,1
19,3
8,7
1,69
24,2
57,1
1,14
44,3
1,15
3,2
5,54
10,4
2,3
4,38
3,2
2,211
1,7
1,2
3,2
4,2
3,1
92,220
6,2
6,5
16,8
1,280
112,211
1,1237
1,1
2,5
4,11
1,1
34,2
3,1280
56,1
1,15
22,582
1,3
14,34
5,59
1,42
3,28
1,1
4,1
1,548
859,7
9,1
1,8
7,60
38,2
10,5
5,2
5,3
46,6
4,109
1,465
750,1231
2,2
1681,1
1,1
1,20
2,2
2,1
58,1
11,1
50,35
2,2
5,11
443,6
4,84
6,1
22,1
1,1
2,4
29,1
1,1
7,16
1,3
224,2
9,11
10,1
2,1
11,16
1,203
24,3654
1,2
1,2
2,11
35,8
227,1
20,3
24,4
4,2
1,4
725,4
1,1
1,517
1,6
1,1
9,12
4170,3
1,20
1158,2
1,14
4,72
7,2
18,4
1,2
181,12
78,3
2,16
20,66
1,1
161,554
8,1
1,80
14,1
52,1963
3,7
9,1
9,3
1,2
1,7
1,30
20,6
77,2
3,1
2,2
24,2
2,4
4,1
20,2
3,8
10,5
446,3
1,8
3,5
8,1
6,3
20,6
71,1
1,29
9,1
4,1
33,928
1,313
4,2
126,2
2,3
1,14
25,1
1,262
5,1
1,6
9,5
67,1166
4,10
58,313
10,5
731,624
81,3
4,7
1,1
3,42
2,1
34,9
37,1
32,10
5,177
1,13
4,11
1,1
135,2
27,13
4,2
7,1
107,1
3,1
2,2
19,4
39,4
13,5
1,4
4,32
900,1
8,94
48,226
18,318
1,3390
1,95
1,1671
1,4
3,42
1,5
116,7
1,11
3,15
7,38
2,4
1,2
127,3
17,42
484,23
1,2
19,12
49,1
4,397
72,2
1,6
33,2
1,3
288,1
35,1
2,15
4,1
9,1
7,1
18,135
2,1
7,1
74,1
4,7
1,1345
89,2
4,15
1,1
369,1699
1,78
2,13
1,7
2,2
87,2
7,39
8,3
4,268
2,36
6,33
1278,1
9,3
20,91
4,9
16,354
5,3
2,4
25,334
4,46
2,4
1,2
531,3606
83,29
9,17
19,1
1,4
6,18
91,63
3,2
27,1
4,3
366,2
1,2
3,26
1,141
1,348
11,3
76,145
34,22
4,10
6,5
1,1
172,7
1,1767
1,1
39,1
2,8
2,1
5,1
7,7
28,573
1,1
6,5
1,12
1,17
1,1
58,138
1,1
4,7
1,2
2,3
6,1
7,3
2,1
4,111
811,1
1,2
3,2
13,55
3,209
313,4
1,17
14,8
7,72
95,1
4,61
1,1
2,1
1,13
2,3
43,2
59,4
3,1
15,1
1,35
2,3
3,2
1108,1
3,1
4,2258
1,7
1,1
2,109
2,3
31,2
12,5
3442,22
1,5
1,22
2423,4
19,7
3,1
1,3
41,7
1,325
5,15
9,1
1,2
2,1
18,2
1,1
967,3853
1642,72
7,84
1,17
3647,1
5,3
3,3
1,1
1,2
3,4
3,366
2,1
10,6
16,590
6,1
8,160
35,1
1,1
1,5
34,5
1,2
36,29
16,2
84,390
18,480
2,1
2,34
1,1
21,553
3,2
1,2
4,1
4,2
1,2
186,1
1,1
2,4
6,4
4,4
8,6
1,93
1,309
6,1
3367,26
1,2
2,3
17,164
1,1
1,488
11,1
5,4
2,3518
28,1
1,1
2,3
1,20
230,803
2,14
35,23
248,73
2,14
23,3
153,30
3,193
4,1
10,308
3,117
3,2
2370,2
3,1
1,1
25,10
19,2
1,2
4,19
714,1
136,1
3,4
2040,2
474,10
40,29
106,11
3,24
39,138
17,5
3,2
1,1
1,4
1,1
1,1
26,142
1,32
40,30
3837,1
29,9
245,111
2,14
8,7
1,195
1,2
6,16
8,1
60,161
23,7
7,314
3,455
2,6
2,1
1,1
10,3
2,5
9,1
135,17
2,9
20,1
1,13
50,342
12,7
7,6
8,2
7,1
8,1
48,7
1,88
3,56
6,11
11,1675
7,1
3942,1
4,3
40,42
246,1
13,3
1,27
48,3
345,7
103,2
2,3
2,77
1,13
6,1
1,1
18,2
19,15
3021,1
17,3
2,1
35,6
3,1274
13,21
2,311
497,7
301,1
1,22
8,7
1,7
7,6
7,10
7,138
10,44
16,120
2,1
1,1
65,3687
15,1
1,5
7,4
36,741
1,5
12,1
1,6
1,9
1,1
1,1
19,48
1,1
8,374
1,55
2,2
5,1
142,30
1,1
4,1254
2,90
2,111
1,687
3,3711
4,529
16,1
1,1
2,2716
3,376
3,2
42,4
11,19
56,1007
1,20
3,124
263,95
1,3214
12,1
1538,1
1,29
2,9
2,2
1,2
1,578
1,46
381,1
13,7
13,1
7,5
1,2
2,292
3,8
9,3
1,39
9,27
2647,233
11,1
4,21
10,36
3,10
2,1
2,17
3,4
45,3
1,1739
3,2
1,19
1,1
2,1
79,3
1,1
1,1
55,2
2,1
201,7
10,8
1,26
14,2
16,1
2,1
12,1
3,2334
2,1
2,2
2,19
3,1
8,6
7,13
2,3
30,29
12,1
1,1
8,847
13,894
3,470
1,134
2,1
2,2
2,1
3,151
3,1
35,11
104,15
3,1
8,18
195,2
184,1
8,189
1,4
6,342
3,1
3702,4
3,1
26,15
70,2571
1,1
1,1
887,1
19,103
1,3
1,15
2,1197
5,7
16,179
1,2
2,1
4,1
1,1
1,1
1,2557
2,5
13,3
8,1
1,10
1,2
3,20
1,2
60,134
2,142
56,104
3,2
3,6
554,24
1,5
12,1
81,1
5,1
1,3
31,5
1063,1
2,1
1,14
280,1180
2,1
6,1
1,5
1,2
1,1
3,3
3,6
24,3
2,1
23,64
1,17
1,231
1,1
6,30
1,7
18,23
57,5
18,15
498,1
125,1
5,1
13,2
5,3
1,1676
1,2
45,1
1,1
1,4
17,3
37,20
21,2
380,2
1,4
8,2
7,2
5,1
1,2
141,3
21,3658
1,4
1,3
5,1
2,1
858,4
7,1
23,7
20,1
1,2
527,1
8,67
3,187
404,1
1,2
92,25
817,102
3,7
1,1
52,2
586,2
12,3
7,1
3,2623
24,4
319,147
1749,2
1,41
24,3
2,1
1,1
9,3
1,1
1,999
266,117
3,40
1,39
28,4
1,18
3,2
1,1
3,77
6,28
67,113
1,10
80,260
4,1
2,496
1,20
1,2
3,95
2,1
1,2
2,1
1,1
1,1
5,1
1,9
2,2
24,1
13,1
5,4
8,20
1,2
4,3458
21,1936
6,73
1,2
1,24
27,12
15,1
2,2
37,5
170,1
1363,6
8,112
37,2
116,4
5,3
18,7
30,2
92,1
1,6
6,17
2,3
4,3
4,100
54,1
87,5
586,8
6,8
7,5
2,413
151,39
7,1
69,21
21,3
2169,27
1,1
4216,23
2,64
70,32
2,12
39,3
1,4
1,2
3,15
3,1
456,2295
2,55
6,1
4,1
2,3
13,1
1,11
44,2
4,1
3197,1398
2,1
10,30
24,2
5,4
1,2
52,25
13,1
4,23
3,1
3,2
171,223
43,22
2650,1
1,1
2,1
44,16
18,42
4,4
1,5
23,33
22,32
49,1
56,1
70,8
29,8
5,23
1,1794
10,1
40,4
1,1
208,39
1,1
5,7
15,113
5,2
198,3874
3,23
608,371
5,1
3,1
4,3
1,1
1,1
8,3
47,24
1,129
2,1
862,219
22,2
3,7
18,22
16,1
103,16
108,2
44,1767
1,4
1,3
2,18
18,196
42,14
3,56
1472,1
65,1
3,2
8,7
1,1
1,4
4,9
1,24
1,2
12,198
240,1
1,2
5,53
2,1
19,1
139,1
1,7
11,10
11,236
7,2258
102,4
102,2
1,3
30,93
16,15
2,35
345,30
7,31
1,4
1,1
4,24
4,3
54,4
409,13
8,1
7,4
12,3
2,17
160,2
4,51
1,1
1,21
17,7
1,9
18,1
1,12
1,1
1,3
1,3
1,5
16,29
88,1
4,19
7,84
13,1
2,6
471,2
1,1
14,1
44,51
23,1
1,1
12,4
462,2
1283,1
369,5
1,1
2,1
1,248
8,43
1,7
3,39
143,1
1,120
8,2
7,1734
37,52
9,1
72,1194
1,7
3,3
9,8
2,11
7,3
99,16
188,4
1,59
1111,7
1,26
2,3
383,1
9,3
3,2
13,49
117,4
2447,1
56,7
2,19
1,1
1,13
158,11
3,5
48,11
4,2
1,659
1,3
29,1
2,7
1,46
18,5
5,1
213,13
72,41
53,58
2,20
47,5
2,2
5,6
2,100
3,5
8,20
3,154
710,59
1,217
237,635
2,188
4,8
4,18
254,138
1,2
8,2
2,6
8,20
1,16
5,4
176,2
2,1
14,1
1,2
3,2247
31,1
1,9
1,11
2,1
6,17
2,13
4,1
431,81
7,226
28,31
1,24
269,1
3,2
1,2
23,63
8,1
1,2
1,15
1,9
108,1
27,1
1,3
1,41
11,5
1,3
469,2
1,4
2,75
1,2
154,290
1,3
6,3
25,18
5,1
22,7
16,114
2,4
231,16
9,88
1,6
17,38
23,2
6,6
46,2698
1,1
5,5
1,2
1,17
86,26
251,1
80,2
1,1
13,8
4,2
255,590
4,3
1,5
35,4
7,2
1,6
4,1
4,3
3,5
15,1
5,32
2,11
1,29
2,10
2,1
18,1
24,1059
6,6
29,1
1,2
3419,1
1,3
2,3
4,5
2,1
4,54
1,1
15,258
1,5
150,4
2,1
100,77
1,2
6,31
19,22
4,2
72,25
21,4
34,4
2,1
154,2
6,492
3,4
15,540
1,2
83,5
74,1
4,38
2,246
1,73
1,3
1,1
591,27
1,27
6,29
250,242
2,13
730,4
305,13
34,5
1639,4
2,4
17,1
4,29
1,3
100,4
7,1
9,23
18,10
828,1
2,35
1,6
2,7
3,28
3,3
1,17
122,1
79,1
1,37
6,13
2,17
9,1
2,23
9,1
256,13
8,10
1,9
442,1
5,2
2,78
19,35
6,2
1855,5
147,14
513,1
1,36
143,58
1,45
55,1
2,269
224,5
3,40
1,1
545,1
1,10
6,59
4788,4
1400,1
2604,7
17,16
7,10
3,4
1,41
3,14
6,8
1,12
5,1
101,57
16,3
1,108
1,7
3,20
35,4
4,1
184,91
1,6
1,11
2,3
1,8
3,9
18,11
1,99
9,87
1,4
88,2
2,4
939,1
40,221
293,8
598,4705
8,34
2,1
27,8
4,2
7,9
7,9
55,14
3,2
1,4
1558,12
3,1
18,5
241,1
2,9
312,4
5,1
3,14
3,30
284,59
2,1
13,2
4,1
8,3
1730,1
24,1
1,1
1,33
273,1
6,1
402,24
4,9
45,5
108,1
2,2
4,3
1,5
46,196
11,1
24,169
1,2
1,1
64,11
134,8
29,139
6,18
12,6
7,980
2,1
9,2
1,2
6,5
2,14
4,1
1,18
3,18
5,22
5,8
32,82
11,155
356,39
5,19
2,169
17,1
1,105
1,22
5,55
1,612
2,72
10,1
1,36
3,3
3,2
1,10
113,1
11,59
1,179
13,1
7,128
60,2
1,11
3444,27
136,1
2,2091
9,8
301,2
8,3
1,1
1,2
3,254
7,34
35,9
1,260
36,2
852,10
177,2
1,4
1,1
9,18
1,1
3,9
41,22
1,11
513,25
18,1
4,1
47,23
1,27
1,1
3131,3
2,2
4,5
4,14
7,1
4,4
3,3
590,16
1,4
28,1
1,83
3,4
4,44
219,7
8,10
4578,20
1,1
698,4
23,8
74,33
3,106
1,1
3,2
33,1622
15,1
6,57
379,5
13,5
1,19
3,4
1616,3
79,116
13,12
3,8
4,1
7,40
1,3
1,89
6,7
8,4
1,5
42,4
5,19
3,2
297,1
1,1
2,340
16,8
24,9
1,10
14,3549
201,41
12,6
1,4
1,1
2,9
5,1
1,3
10,14
9,30
3,15
114,1
22,14
15,325
1,2
1,1
33,21
8,3
1,2324
2023,48
1,2
3,5
5,1
1,28
2,15
9,6
1,4
100,11
2,15
3,45
3,2
1,1
1,37
1,1
1,4
10,1
2,89
2,251
5,3
1,3
19,1
4,1
70,1
372,1
6,2
24,11
12,5
42,23
23,3
1,2465
1,2
4226,76
6,27
3,1
3,37
1,481
3,3
1451,1
5,1
1,2
440,91
27,153
4788,2
10,42
2,62
10,73
92,56
4,1
6,14
4,2
1,18
2,4
2,338
2,1
39,2
9,2
3,1023
1157,3
17,2
1,1
3,2
2,247
3,7
643,1
1,254
123,1
1,329
147,1
39,268
370,47
11,3
2,2
3,43
1,1
1,1
2,1
5,31
5,10
2,304
3,241
13,1
5,6
191,2
41,363
168,3
5,1
201,5
6,47
1,1
7,1
40,1
1,1
13,8
1,6
317,2
1,24
1,1
72,15
164,36
33,271
8,1
1,5
37,4
81,9
528,3
3,7
3,99
102,1
5,24
1,6
3,2
2,2
116,1476
4,4
372,9
4,41
3,2
9,10
5,2
3278,1
2868,8
2,84
630,1
2,2
1,6
4,1
742,1
3,1
5,63
12,1
4,3
23,1
18,16
1,2
2392,409
88,1
6,17
1,1104
7,1
138,33
2,1082
60,1
1230,4
1,1
1,1
3587,7
5,3
1,2
8,145
1,396
2,2
29,11
30,4
1,2
24,1131
10,14
176,1
72,2
55,2
6,1
3,552
12,3
1,89
12,7
3,1
3,1
3,372
2,66
183,7
4,3
2,1
1,187
33,1
14,174
23,3
1,4
1,126
82,1770
2,7
1,1
230,267
11,200
4,2
156,8
1,2
1,1
3,1
25,29
1,1
5,9
4,2
7,1
2,1
22,7
836,6
3,15
20,2
1,9
1,61
5,2
4,23
1,1
11,4
64,31
156,3
143,43
157,4
120,3
12,17
3,4
2,133
671,14
4,2
52,76
2,1
3,16
16,24
1,1
35,2
1,2
212,233
4,8
8,34
11,1
5,1
2,1
1,5
1,7
2,1
1,2
1,17
2,87
2,6
1,2
7,6
11,1
11,3
142,1
12,17
1,1
8,7
2,49
35,2
70,5
3,42
33,2
3,21
1,5
30,28
1,2
76,2
19,9
15,10
18,1
3,1
2,23
1,4
16,18
45,1
2,3
7,9
6,619
69,5
38,1
4,5
10,4
10,13
1,5
870,1
1,1
8,1
138,27
2,1
43,297
1,30
1,13
8,7
2,12
3,5
8,3
103,2
1,1
7,2
15,1
5,9
2,1
11,4
5,5
1,14
3,17
1,3
1,1
40,62
31,1
37,4
4,3
27,1
7,4
499,1
4,5
44,93
98,44
10,10
2,134
2,6
51,2
4,91
8,1
3,1
2,1
1,4
24,1
1,2
2,8
3,129
9,36
1505,1
3,79
2,500
1,33
27,3
15,1
1,19
1366,2
5,1
52,1
36,1
1,2
2,6
11,23
345,1
5,1
2,2
85,105
4,1
12,1
11,2
56,8
1,1
1232,1
3,4
19,31
4,5
1,3
34,1
2,1
1,1
1,12
2,2
2,2
52,1
15,4
14,1
3,1
1,19
6,55
1,58
114,6
5,275
1,10
4,1
1,209
1,3
2,3
1,19
1,5
2,3
5,4
1,1
7,5
6,3
101,4
10,1
1,3
2,1
1,1
10,46
5,7
1,6
18,1
2,18
54,1
4,1052
1,23
11,1
8,46
35,2
5,8
5,34
1,11
1,10
34,17
18,1
87,2373
4,2
1,11
3,34
1,1
2,1
1,3
3,11
1,1
5,1
17,9
1,2023
305,2
1803,3
1,2792
269,3
3,1592
3,1
2,3
1,1
16,11
26,152
757,2
1,4
27,2
13,2
104,32
9,3
2,17
2737,2
95,2
4,5
3,134
4,177
80,1
18,9
2,71
8,37
119,22
94,3
2,3
3,2
3,9
43,246
7,3
1,16
1,9
2,5
7,1
36,4
1,1
19,29
9,2
2,256
1,18
20,1
23,1
1,2595
2,2801
2,458
25,48
1,10
25,1
1,8
15,4
24,1706
1,32
27,16
4,21
29,3
2,3
1,2
2,62
306,18
5,1
34,1
1,4
78,1
1,49
30,1
5,142
250,4
1,44
20,1
767,7
1,252
1,4
6,5
1,6
1,47
14,4
39,59
22,6
17,4
2,4
4,1
240,151
4,12
11,1109
38,476
6,1
1,8
1,28
3,2
1,277
9,1
12,1
3,16
677,5
86,39
1,1
10,8
17,25
18,19
27,2
23,1
6,20
16,10
1,8
46,4
12,4
2,4
1,4212
1,10
1,3
30,15
24,1
6,2
1,2
3,1
106,546
3,116
2,76
5,9
192,4
1,12
1,7
12,116
5,6
12,27
1,5
1,51
1,2825
5,1
2,2
4,2
1,11
2,3
108,36
4,4
2,1
1,8
2,2
52,5
23,166
1,55
26,3
16,28
9,16
6,3
3293,154
211,1
7,10
2,3
5,34
1,1
2883,1
3,2
1,253
1,3
1,5
4,11
56,6
1,1
6,21
1,1
1,36
2,3
99,35
3,3
1352,2
9,64
2,299
6,6
18,6
1,19
1,1
35,27
2,2
5,1
5,1970
1,584
32,5
2,14
1,1
13,16
29,431
59,44
58,55
3,3
1,1
1,1
1,1
2,23
5,2
8,18
628,3
1,3
3,993
1,1
3,22
5,1
3745,5
1,1
20,14
2,14
4046,25
1,2
10,5
1,1
4,6
61,1
98,117
111,33
1,1
2,1
45,1
2,1
86,5
1,10
1,18
5,1
5,2
1,3487
25,1
9,2
1,1
2,3
1496,1
3400,4
1,2
1,1
15,138
1,1
1027,232
1,1
15,45
2,1
2,3
3,231
1,52
7,2
90,57
1,14
84,3568
235,7
3,455
80,12
3,1417
33,2249
12,1380
1,120
214,117
1,13
4,7
51,3
32,21
8,16
4,3
1,161
4,11
33,32
1,44
431,7
263,9
1,144
20,9
4728,1
1,2
8,6
8,1
1,7
91,1
5,1
21,4
13,10
4,3216
1,531
40,2
170,15
406,5
3,27
28,1
91,154
10,3
1,174
2,22
1,6
7,1
2336,2
3,3
22,165
3,1
1,450
6,1
3,1
42,1
1,3
65,1
32,1
160,1
1,1
1,10
69,433
1,13
5,18
3,21
1,6
1,7
1,8
5,254
798,4
7,1
1,113
3,1
3,2
11,1
2,31
1,1
1092,255
20,1
2,2
6,1
2,8
7,3
1,6
2,2
6,12
1,12
11,16
3,1
3,1
9,1
57,2796
1,13
14,1
1,1
3,2
4,44
4,38
157,1
2,3
21,1
3,3
10,9
28,1
9,1
1,4
11,31
1,23
8,1
1,5
9,37
1,2978
1,166
9,1
3,3
3,1
2,1
7,3
1,1
1,1
35,10
1503,8
1,4
4,19
1,1
61,1
11,1
2,28
75,29
1,3
27,1
1,2
32,2
25,3
10,1
203,3
2,1
3,6
7,4
33,1
2659,1
4,1
39,46
16,1
11,17
1,2
1,4
1,7
5,45
28,2
2,15
3,1
136,2
3,141
6,3
32,2
164,1
1,68
3,9
221,5
2,25
44,1
108,23
4,36
2,22
4,5
3,80
3,109
1,19
2,2
303,1
5,1
29,4
1,3
4,2
2,1
1,1
4,1
3,6
2,708
1,1
28,85
41,2
2,8
2,41
1,25
1,1
1,3
1,2
2,2
2,6
11,6
46,3
1,204
2,5
1,31
1,5
1,5
7,4
1912,5
3,1
1,1565
158,2
10,698
7,980
2,2
21,11
4000,2
4,66
4,1
6,5
2,1
1,363
1,1
216,3
8,9
133,2
1,3
5,4
5,1
6,20
4,6
2006,2
3,23
280,11
32,1
2,1
25,1
7,5
38,3
524,1
35,3
31,1
1746,3
14,27
39,3
9,12
30,18
12,2
11,4
216,4
4,296
495,428
133,60
1,1
10,10
1,17
1,11
1,1
3,4
1,137
5,2
2,1
80,2
1,82
4,2
1,25
20,5
28,2
14,2
8,2
3,3
1,1
16,1
5,1
1,5
58,1
2,14
1,10
6,1
1,1
126,3
7,225
2,129
3,11
1,63
11,9
1,2
228,105
6,1
24,2
2,6
5,5
67,27
1,32
3,373
1,7
118,1
7,8
12,1
1,2
3,8
1,806
26,1
6,6
1428,10
8,4
2,2
521,1
3,20
12,2
1,1
15,1
34,1
2,1
5,1
2,1
1,1
6,16
49,185
662,63
9,1
65,17
1,2
10,11
7,6
120,2
1,71
1,1
2,10
1,7
1,1
1,1
757,1
63,1
14,2
1,2
1,1
232,7
2,2
1,7
1,7
4,300
4,1
1,1924
19,1
16,4
1,61
24,219
254,2
1,1
2,395
3,1
1,4739
10,4
6,83
1049,1676
3,56
6,21
34,1
50,1
44,7
4,76
275,1
1,51
2,1
1,2
32,9
1,28
5,1
1,19
1558,1
3,7
3,58
366,2
896,1
1,1
11,14
68,1
18,2
59,2
310,1
3,1
3,269
1,372
2,2
1,2
63,1969
14,13
18,2
15,2
10,1
4,611
12,3
92,1
7,46
49,16
7,266
12,31
1,6
2,2
3645,3
2,8
525,1167
8,1
1,2
44,5
65,341
1,1
22,93
20,7
36,1
5,677
1,1
4,20
21,6
17,2
1,42
11,46
2,1
21,5
2,585
1,6
5,3
26,1
5,1
7,17
4,2
1,5
114,35
2,1
8,72
3,2
4,1
38,46
2,6
23,4555
12,3
1,1
30,3
66,101
8,28
15,9
1,16
3746,5
21,12
4,2
17,61
7,752
43,1291
121,175
10,2
8,19
41,107
1,2
11,55
345,1
2,1
7,1
1,1
1724,100
2,3
1,2
2,2
5,1
1,295
12,3
19,17
2,315
9,154
1,1
15,1
5,75
10,12
143,2
2,1
3,2
5,2
40,7
2,175
4,17
1,3
1,3
56,1
2,6
16,55
1054,1
18,1
3,6
8,1
36,5
1,22
13,1
2,1
24,1
9,3
1,998
9,6
1,111
3,2
4,2
5,2927
111,15
1,1
14,3
1,105
1,2
33,1
2,2
1,5
15,40
1,2
117,1
14,16
61,1
2,1
543,1
8,3
2,3
20,1
1,1
40,4
326,1
74,52
3,1
218,19
1,1
1,4
179,2
11,2
1,9
1,13
34,2
715,5
41,12
3,109
1,1
3,1
1,6
1,3
1,205
9,1
