id:ID,name,age:int,country
0,person_0,57,CA
1,person_1,63,BR
2,person_2,54,FR
3,person_3,64,GB
4,person_4,67,BR
5,person_5,42,BR
6,person_6,37,NG
7,person_7,62,DE
8,person_8,66,BR
9,person_9,24,NG
10,person_10,70,NG
11,person_11,75,US
12,person_12,50,BR
13,person_13,74,NG
14,person_14,43,SG
15,person_15,60,IN
16,person_16,71,BR
17,person_17,56,US
18,person_18,47,DE
19,person_19,28,BR
20,person_20,61,FR
21,person_21,47,FR
22,person_22,34,DE
23,person_23,53,US
24,person_24,58,CA
25,person_25,57,FR
26,person_26,67,IN
27,person_27,22,NG
28,person_28,59,FR
29,person_29,21,IN
30,person_30,58,DE
31,person_31,30,US
32,person_32,36,DE
33,person_33,46,FR
34,person_34,38,IN
35,person_35,68,FR
36,person_36,39,NG
37,person_37,54,DE
38,person_38,53,IN
39,person_39,67,CA
40,person_40,64,SG
41,person_41,72,DE
42,person_42,57,GB
43,person_43,51,CA
44,person_44,51,GB
45,person_45,67,IN
46,person_46,65,AU
47,person_47,63,FR
48,person_48,47,IN
49,person_49,69,CA
50,person_50,49,CA
51,person_51,66,BR
52,person_52,65,CA
53,person_53,69,FR
54,person_54,59,SG
55,person_55,34,US
56,person_56,63,GB
57,person_57,21,GB
58,person_58,38,US
59,person_59,30,AU
60,person_60,52,SG
61,person_61,74,IN
62,person_62,53,GB
63,person_63,45,BR
64,person_64,56,IN
65,person_65,45,SG
66,person_66,65,GB
67,person_67,21,AU
68,person_68,40,NG
69,person_69,22,DE
70,person_70,40,FR
71,person_71,34,DE
72,person_72,30,GB
73,person_73,48,NG
74,person_74,57,NG
75,person_75,53,SG
76,person_76,28,DE
77,person_77,63,BR
78,person_78,43,FR
79,person_79,30,FR
80,person_80,44,GB
81,person_81,63,AU
82,person_82,57,BR
83,person_83,20,IN
84,person_84,52,FR
85,person_85,30,NG
86,person_86,37,CA
87,person_87,38,NG
88,person_88,73,BR
89,person_89,32,SG
90,person_90,75,AU
91,person_91,55,NG
92,person_92,58,NG
93,person_93,27,FR
94,person_94,70,SG
95,person_95,66,DE
96,person_96,42,US
97,person_97,47,IN
98,person_98,39,US
99,person_99,71,SG
100,person_100,49,CA
101,person_101,70,FR
102,person_102,42,GB
103,person_103,20,CA
104,person_104,55,NG
105,person_105,30,AU
106,person_106,25,DE
107,person_107,37,IN
108,person_108,49,DE
109,person_109,40,CA
110,person_110,39,SG
111,person_111,55,US
112,person_112,61,GB
113,person_113,50,FR
114,person_114,60,IN
115,person_115,59,CA
116,person_116,49,SG
117,person_117,19,GB
118,person_118,27,AU
119,person_119,23,FR
120,person_120,49,AU
121,person_121,65,IN
122,person_122,29,DE
123,person_123,28,DE
124,person_124,66,DE
125,person_125,59,IN
126,person_126,63,AU
127,person_127,47,NG
128,person_128,61,SG
129,person_129,66,BR
130,person_130,19,NG
131,person_131,40,US
132,person_132,68,GB
133,person_133,23,IN
134,person_134,37,DE
135,person_135,28,DE
136,person_136,24,US
137,person_137,28,CA
138,person_138,59,NG
139,person_139,54,FR
140,person_140,33,IN
141,person_141,45,DE
142,person_142,61,NG
143,person_143,39,CA
144,person_144,47,AU
145,person_145,65,DE
146,person_146,22,US
147,person_147,22,GB
148,person_148,41,SG
149,person_149,55,NG
150,person_150,19,IN
151,person_151,69,DE
152,person_152,21,CA
153,person_153,53,US
154,person_154,72,NG
155,person_155,35,CA
156,person_156,53,SG
157,person_157,27,IN
158,person_158,72,NG
159,person_159,37,AU
160,person_160,41,IN
161,person_161,67,BR
162,person_162,18,FR
163,person_163,21,US
164,person_164,66,IN
165,person_165,70,BR
166,person_166,69,NG
167,person_167,57,NG
168,person_168,43,AU
169,person_169,29,IN
170,person_170,49,GB
171,person_171,30,US
172,person_172,45,DE
173,person_173,23,CA
174,person_174,58,CA
175,person_175,68,GB
176,person_176,44,DE
177,person_177,74,FR
178,person_178,71,US
179,person_179,32,CA
180,person_180,29,NG
181,person_181,19,NG
182,person_182,51,CA
183,person_183,66,SG
184,person_184,24,BR
185,person_185,36,IN
186,person_186,63,AU
187,person_187,41,BR
188,person_188,19,BR
189,person_189,55,FR
190,person_190,39,DE
191,person_191,24,CA
192,person_192,19,IN
193,person_193,43,CA
194,person_194,43,IN
195,person_195,69,NG
196,person_196,18,IN
197,person_197,61,FR
198,person_198,45,AU
199,person_199,23,BR
200,person_200,56,CA
201,person_201,57,AU
202,person_202,53,CA
203,person_203,31,US
204,person_204,47,FR
205,person_205,61,BR
206,person_206,65,BR
207,person_207,20,GB
208,person_208,27,US
209,person_209,32,FR
210,person_210,44,GB
211,person_211,26,DE
212,person_212,60,SG
213,person_213,42,AU
214,person_214,39,US
215,person_215,41,FR
216,person_216,31,GB
217,person_217,70,FR
218,person_218,74,AU
219,person_219,35,CA
220,person_220,69,US
221,person_221,61,SG
222,person_222,48,SG
223,person_223,27,US
224,person_224,66,DE
225,person_225,74,GB
226,person_226,63,GB
227,person_227,27,IN
228,person_228,60,IN
229,person_229,21,DE
230,person_230,68,BR
231,person_231,25,SG
232,person_232,30,US
233,person_233,64,CA
234,person_234,45,FR
235,person_235,51,FR
236,person_236,42,NG
237,person_237,23,DE
238,person_238,69,GB
239,person_239,63,BR
240,person_240,63,DE
241,person_241,62,CA
242,person_242,60,IN
243,person_243,64,DE
244,person_244,24,SG
245,person_245,53,BR
246,person_246,36,BR
247,person_247,74,SG
248,person_248,20,SG
249,person_249,44,BR
250,person_250,39,US
251,person_251,59,CA
252,person_252,66,FR
253,person_253,35,CA
254,person_254,35,IN
255,person_255,74,BR
256,person_256,74,IN
257,person_257,26,NG
258,person_258,49,AU
259,person_259,59,FR
260,person_260,39,GB
261,person_261,56,NG
262,person_262,51,IN
263,person_263,46,US
264,person_264,55,DE
265,person_265,74,CA
266,person_266,42,SG
267,person_267,31,CA
268,person_268,49,FR
269,person_269,57,NG
270,person_270,54,AU
271,person_271,63,FR
272,person_272,26,NG
273,person_273,42,NG
274,person_274,29,US
275,person_275,34,BR
276,person_276,26,SG
277,person_277,59,FR
278,person_278,35,CA
279,person_279,34,US
280,person_280,24,FR
281,person_281,29,GB
282,person_282,40,NG
283,person_283,26,CA
284,person_284,25,GB
285,person_285,50,NG
286,person_286,62,BR
287,person_287,60,NG
288,person_288,53,IN
289,person_289,67,SG
290,person_290,23,NG
291,person_291,64,NG
292,person_292,57,CA
293,person_293,47,IN
294,person_294,24,IN
295,person_295,54,DE
296,person_296,67,GB
297,person_297,32,US
298,person_298,63,IN
299,person_299,65,IN
300,person_300,57,IN
301,person_301,55,CA
302,person_302,57,IN
303,person_303,54,BR
304,person_304,67,GB
305,person_305,57,BR
306,person_306,33,SG
307,person_307,56,SG
308,person_308,39,SG
309,person_309,57,NG
310,person_310,69,BR
311,person_311,63,GB
312,person_312,20,CA
313,person_313,57,NG
314,person_314,24,NG
315,person_315,45,NG
316,person_316,32,AU
317,person_317,66,US
318,person_318,32,IN
319,person_319,63,CA
320,person_320,29,NG
321,person_321,35,FR
322,person_322,55,BR
323,person_323,34,AU
324,person_324,29,US
325,person_325,18,CA
326,person_326,58,SG
327,person_327,38,AU
328,person_328,19,SG
329,person_329,54,DE
330,person_330,51,AU
331,person_331,43,US
332,person_332,40,IN
333,person_333,67,IN
334,person_334,67,DE
335,person_335,50,FR
336,person_336,34,FR
337,person_337,47,SG
338,person_338,71,AU
339,person_339,29,CA
340,person_340,61,IN
341,person_341,60,BR
342,person_342,61,AU
343,person_343,43,FR
344,person_344,53,FR
345,person_345,20,DE
346,person_346,58,AU
347,person_347,58,CA
348,person_348,29,AU
349,person_349,72,SG
350,person_350,37,FR
351,person_351,28,AU
352,person_352,52,SG
353,person_353,72,NG
354,person_354,52,AU
355,person_355,55,CA
356,person_356,51,NG
357,person_357,45,IN
358,person_358,27,BR
359,person_359,61,US
360,person_360,57,NG
361,person_361,39,US
362,person_362,72,CA
363,person_363,33,DE
364,person_364,41,SG
365,person_365,28,AU
366,person_366,32,BR
367,person_367,24,AU
368,person_368,37,US
369,person_369,58,IN
370,person_370,53,US
371,person_371,31,DE
372,person_372,30,CA
373,person_373,68,NG
374,person_374,55,NG
375,person_375,61,US
376,person_376,73,IN
377,person_377,69,IN
378,person_378,26,DE
379,person_379,54,IN
380,person_380,40,CA
381,person_381,75,AU
382,person_382,51,FR
383,person_383,21,DE
384,person_384,22,CA
385,person_385,38,CA
386,person_386,26,BR
387,person_387,52,CA
388,person_388,68,SG
389,person_389,38,CA
390,person_390,71,AU
391,person_391,34,US
392,person_392,46,SG
393,person_393,25,IN
394,person_394,20,DE
395,person_395,66,SG
396,person_396,65,SG
397,person_397,23,GB
398,person_398,32,GB
399,person_399,64,GB
400,person_400,24,CA
401,person_401,26,BR
402,person_402,64,SG
403,person_403,66,US
404,person_404,28,SG
405,person_405,51,NG
406,person_406,34,NG
407,person_407,19,NG
408,person_408,62,DE
409,person_409,73,SG
410,person_410,49,SG
411,person_411,62,SG
412,person_412,75,NG
413,person_413,25,FR
414,person_414,53,CA
415,person_415,34,GB
416,person_416,38,CA
417,person_417,51,BR
418,person_418,49,AU
419,person_419,26,NG
420,person_420,65,SG
421,person_421,46,FR
422,person_422,26,CA
423,person_423,36,BR
424,person_424,68,IN
425,person_425,58,FR
426,person_426,57,BR
427,person_427,49,US
428,person_428,35,CA
429,person_429,57,GB
430,person_430,66,SG
431,person_431,71,SG
432,person_432,67,GB
433,person_433,72,SG
434,person_434,42,CA
435,person_435,64,GB
436,person_436,71,BR
437,person_437,33,BR
438,person_438,72,BR
439,person_439,52,FR
440,person_440,18,BR
441,person_441,46,DE
442,person_442,73,CA
443,person_443,39,AU
444,person_444,55,NG
445,person_445,32,GB
446,person_446,65,DE
447,person_447,40,SG
448,person_448,74,DE
449,person_449,27,SG
450,person_450,61,CA
451,person_451,73,AU
452,person_452,60,NG
453,person_453,60,IN
454,person_454,34,SG
455,person_455,61,BR
456,person_456,19,GB
457,person_457,51,BR
458,person_458,67,US
459,person_459,74,BR
460,person_460,63,IN
461,person_461,58,GB
462,person_462,23,CA
463,person_463,31,AU
464,person_464,30,CA
465,person_465,41,NG
466,person_466,28,DE
467,person_467,31,DE
468,person_468,19,FR
469,person_469,52,BR
470,person_470,73,GB
471,person_471,54,AU
472,person_472,68,BR
473,person_473,73,US
474,person_474,63,SG
475,person_475,25,FR
476,person_476,36,NG
477,person_477,71,IN
478,person_478,47,SG
479,person_479,48,NG
480,person_480,38,SG
481,person_481,61,DE
482,person_482,65,GB
483,person_483,48,SG
484,person_484,57,NG
485,person_485,51,IN
486,person_486,46,BR
487,person_487,75,NG
488,person_488,68,NG
489,person_489,40,AU
490,person_490,58,US
491,person_491,49,SG
492,person_492,24,AU
493,person_493,39,CA
494,person_494,40,IN
495,person_495,32,AU
496,person_496,44,US
497,person_497,73,CA
498,person_498,59,US
499,person_499,23,US
500,person_500,57,DE
501,person_501,48,NG
502,person_502,74,AU
503,person_503,73,BR
504,person_504,33,BR
505,person_505,68,SG
506,person_506,69,CA
507,person_507,23,BR
508,person_508,48,DE
509,person_509,56,IN
510,person_510,18,GB
511,person_511,24,BR
512,person_512,30,FR
513,person_513,58,SG
514,person_514,51,BR
515,person_515,58,SG
516,person_516,50,NG
517,person_517,70,CA
518,person_518,27,CA
519,person_519,29,SG
520,person_520,18,DE
521,person_521,66,NG
522,person_522,52,SG
523,person_523,19,US
524,person_524,49,NG
525,person_525,33,BR
526,person_526,53,CA
527,person_527,44,BR
528,person_528,32,CA
529,person_529,38,DE
530,person_530,22,GB
531,person_531,32,BR
532,person_532,52,US
533,person_533,52,US
534,person_534,44,US
535,person_535,26,GB
536,person_536,38,IN
537,person_537,30,DE
538,person_538,44,DE
539,person_539,68,NG
540,person_540,25,DE
541,person_541,53,DE
542,person_542,32,FR
543,person_543,38,BR
544,person_544,37,DE
545,person_545,68,AU
546,person_546,38,US
547,person_547,73,IN
548,person_548,71,US
549,person_549,44,AU
550,person_550,23,IN
551,person_551,50,US
552,person_552,58,CA
553,person_553,73,BR
554,person_554,64,GB
555,person_555,58,AU
556,person_556,53,AU
557,person_557,44,SG
558,person_558,18,IN
559,person_559,31,BR
560,person_560,32,BR
561,person_561,70,FR
562,person_562,74,IN
563,person_563,48,GB
564,person_564,32,SG
565,person_565,23,GB
566,person_566,37,GB
567,person_567,45,SG
568,person_568,44,AU
569,person_569,40,IN
570,person_570,75,US
571,person_571,73,GB
572,person_572,68,DE
573,person_573,18,DE
574,person_574,42,IN
575,person_575,32,GB
576,person_576,63,SG
577,person_577,70,CA
578,person_578,75,GB
579,person_579,61,DE
580,person_580,35,AU
581,person_581,31,CA
582,person_582,21,SG
583,person_583,38,AU
584,person_584,63,AU
585,person_585,19,FR
586,person_586,56,NG
587,person_587,46,BR
588,person_588,63,US
589,person_589,34,SG
590,person_590,59,US
591,person_591,22,SG
592,person_592,64,AU
593,person_593,35,SG
594,person_594,58,IN
595,person_595,42,DE
596,person_596,73,CA
597,person_597,30,DE
598,person_598,60,IN
599,person_599,62,US
600,person_600,33,CA
601,person_601,34,SG
602,person_602,34,BR
603,person_603,29,DE
604,person_604,46,CA
605,person_605,49,GB
606,person_606,23,GB
607,person_607,24,US
608,person_608,45,AU
609,person_609,21,CA
610,person_610,43,US
611,person_611,69,BR
612,person_612,50,IN
613,person_613,75,NG
614,person_614,21,NG
615,person_615,55,IN
616,person_616,42,DE
617,person_617,59,NG
618,person_618,38,CA
619,person_619,34,CA
620,person_620,34,BR
621,person_621,30,AU
622,person_622,20,GB
623,person_623,64,CA
624,person_624,66,FR
625,person_625,27,BR
626,person_626,46,FR
627,person_627,32,IN
628,person_628,22,CA
629,person_629,64,US
630,person_630,55,IN
631,person_631,29,GB
632,person_632,69,NG
633,person_633,69,BR
634,person_634,53,BR
635,person_635,50,US
636,person_636,56,DE
637,person_637,61,AU
638,person_638,66,NG
639,person_639,45,FR
640,person_640,72,SG
641,person_641,42,GB
642,person_642,33,BR
643,person_643,56,GB
644,person_644,41,SG
645,person_645,68,DE
646,person_646,37,DE
647,person_647,39,GB
648,person_648,59,BR
649,person_649,59,CA
650,person_650,47,NG
651,person_651,67,US
652,person_652,50,DE
653,person_653,31,CA
654,person_654,35,GB
655,person_655,43,SG
656,person_656,31,BR
657,person_657,32,GB
658,person_658,44,DE
659,person_659,44,US
660,person_660,45,DE
661,person_661,63,AU
662,person_662,58,GB
663,person_663,47,IN
664,person_664,72,IN
665,person_665,19,FR
666,person_666,56,AU
667,person_667,67,SG
668,person_668,59,NG
669,person_669,26,SG
670,person_670,33,GB
671,person_671,70,FR
672,person_672,39,GB
673,person_673,63,CA
674,person_674,60,FR
675,person_675,38,SG
676,person_676,60,FR
677,person_677,64,SG
678,person_678,49,FR
679,person_679,69,BR
680,person_680,40,SG
681,person_681,19,FR
682,person_682,59,SG
683,person_683,61,FR
684,person_684,40,CA
685,person_685,35,AU
686,person_686,57,FR
687,person_687,63,GB
688,person_688,57,DE
689,person_689,42,GB
690,person_690,26,CA
691,person_691,22,DE
692,person_692,24,DE
693,person_693,38,FR
694,person_694,39,NG
695,person_695,54,BR
696,person_696,28,FR
697,person_697,64,DE
698,person_698,75,SG
699,person_699,18,SG
700,person_700,63,BR
701,person_701,34,AU
702,person_702,20,BR
703,person_703,32,US
704,person_704,55,GB
705,person_705,69,SG
706,person_706,36,GB
707,person_707,33,SG
708,person_708,36,DE
709,person_709,58,US
710,person_710,55,CA
711,person_711,23,SG
712,person_712,21,DE
713,person_713,62,NG
714,person_714,71,US
715,person_715,65,FR
716,person_716,43,IN
717,person_717,50,NG
718,person_718,71,GB
719,person_719,47,IN
720,person_720,74,GB
721,person_721,61,IN
722,person_722,33,BR
723,person_723,28,DE
724,person_724,19,AU
725,person_725,36,GB
726,person_726,52,CA
727,person_727,72,CA
728,person_728,60,GB
729,person_729,58,NG
730,person_730,35,CA
731,person_731,66,BR
732,person_732,67,US
733,person_733,48,GB
734,person_734,48,CA
735,person_735,29,CA
736,person_736,62,GB
737,person_737,55,BR
738,person_738,38,BR
739,person_739,19,SG
740,person_740,22,SG
741,person_741,44,US
742,person_742,24,DE
743,person_743,23,NG
744,person_744,38,FR
745,person_745,71,US
746,person_746,68,BR
747,person_747,69,CA
748,person_748,50,DE
749,person_749,69,AU
750,person_750,58,US
751,person_751,46,CA
752,person_752,43,BR
753,person_753,29,NG
754,person_754,32,US
755,person_755,20,AU
756,person_756,18,GB
757,person_757,20,SG
758,person_758,26,DE
759,person_759,66,IN
760,person_760,18,AU
761,person_761,54,SG
762,person_762,39,FR
763,person_763,55,FR
764,person_764,52,DE
765,person_765,27,GB
766,person_766,26,IN
767,person_767,24,DE
768,person_768,28,US
769,person_769,50,FR
770,person_770,49,US
771,person_771,32,DE
772,person_772,28,NG
773,person_773,22,NG
774,person_774,42,DE
775,person_775,30,GB
776,person_776,38,IN
777,person_777,54,GB
778,person_778,58,BR
779,person_779,30,SG
780,person_780,57,NG
781,person_781,28,FR
782,person_782,44,CA
783,person_783,44,NG
784,person_784,24,IN
785,person_785,74,SG
786,person_786,36,CA
787,person_787,62,US
788,person_788,26,AU
789,person_789,65,FR
790,person_790,44,SG
791,person_791,38,GB
792,person_792,71,US
793,person_793,19,US
794,person_794,42,DE
795,person_795,24,US
796,person_796,21,FR
797,person_797,36,DE
798,person_798,51,AU
799,person_799,35,DE
800,person_800,62,US
801,person_801,19,DE
802,person_802,26,BR
803,person_803,22,US
804,person_804,46,IN
805,person_805,49,IN
806,person_806,40,SG
807,person_807,59,BR
808,person_808,68,FR
809,person_809,63,SG
810,person_810,53,GB
811,person_811,28,FR
812,person_812,42,IN
813,person_813,22,AU
814,person_814,28,SG
815,person_815,37,GB
816,person_816,58,GB
817,person_817,25,SG
818,person_818,50,US
819,person_819,37,GB
820,person_820,34,CA
821,person_821,52,CA
822,person_822,32,BR
823,person_823,66,CA
824,person_824,48,AU
825,person_825,72,IN
826,person_826,63,DE
827,person_827,36,FR
828,person_828,31,BR
829,person_829,74,US
830,person_830,35,BR
831,person_831,67,IN
832,person_832,74,FR
833,person_833,19,IN
834,person_834,24,BR
835,person_835,36,BR
836,person_836,46,AU
837,person_837,55,BR
838,person_838,63,CA
839,person_839,52,BR
840,person_840,65,SG
841,person_841,37,GB
842,person_842,55,CA
843,person_843,58,DE
844,person_844,64,GB
845,person_845,66,US
846,person_846,69,US
847,person_847,25,BR
848,person_848,53,IN
849,person_849,38,AU
850,person_850,58,BR
851,person_851,57,AU
852,person_852,53,SG
853,person_853,65,DE
854,person_854,21,FR
855,person_855,63,CA
856,person_856,65,NG
857,person_857,70,AU
858,person_858,66,FR
859,person_859,58,SG
860,person_860,21,US
861,person_861,38,CA
862,person_862,42,NG
863,person_863,63,GB
864,person_864,62,SG
865,person_865,52,CA
866,person_866,20,CA
867,person_867,72,GB
868,person_868,69,DE
869,person_869,66,CA
870,person_870,69,NG
871,person_871,51,DE
872,person_872,60,DE
873,person_873,32,AU
874,person_874,74,BR
875,person_875,27,AU
876,person_876,22,NG
877,person_877,42,DE
878,person_878,20,BR
879,person_879,51,SG
880,person_880,31,FR
881,person_881,45,GB
882,person_882,55,SG
883,person_883,35,CA
884,person_884,19,GB
885,person_885,18,BR
886,person_886,37,IN
887,person_887,62,DE
888,person_888,42,DE
889,person_889,46,DE
890,person_890,40,IN
891,person_891,61,IN
892,person_892,73,AU
893,person_893,53,NG
894,person_894,38,SG
895,person_895,18,US
896,person_896,32,IN
897,person_897,42,NG
898,person_898,61,NG
899,person_899,48,BR
900,person_900,23,CA
901,person_901,64,SG
902,person_902,38,AU
903,person_903,70,US
904,person_904,28,DE
905,person_905,19,CA
906,person_906,24,US
907,person_907,53,SG
908,person_908,64,SG
909,person_909,58,CA
910,person_910,34,BR
911,person_911,60,AU
912,person_912,35,IN
913,person_913,69,SG
914,person_914,41,IN
915,person_915,57,AU
916,person_916,53,GB
917,person_917,60,US
918,person_918,58,US
919,person_919,27,NG
920,person_920,71,AU
921,person_921,23,US
922,person_922,59,NG
923,person_923,52,DE
924,person_924,74,GB
925,person_925,68,BR
926,person_926,53,CA
927,person_927,22,NG
928,person_928,75,US
929,person_929,63,NG
930,person_930,35,SG
931,person_931,23,DE
932,person_932,59,AU
933,person_933,70,BR
934,person_934,35,NG
935,person_935,44,DE
936,person_936,30,AU
937,person_937,42,BR
938,person_938,52,US
939,person_939,22,DE
940,person_940,35,US
941,person_941,29,NG
942,person_942,51,US
943,person_943,34,AU
944,person_944,40,BR
945,person_945,74,CA
946,person_946,62,GB
947,person_947,27,US
948,person_948,24,GB
949,person_949,46,US
950,person_950,28,US
951,person_951,72,AU
952,person_952,41,US
953,person_953,48,IN
954,person_954,62,US
955,person_955,55,US
956,person_956,43,AU
957,person_957,20,DE
958,person_958,39,FR
959,person_959,68,GB
960,person_960,22,SG
961,person_961,62,NG
962,person_962,34,IN
963,person_963,32,US
964,person_964,23,DE
965,person_965,64,DE
966,person_966,51,SG
967,person_967,59,AU
968,person_968,43,GB
969,person_969,21,IN
970,person_970,27,SG
971,person_971,32,AU
972,person_972,27,BR
973,person_973,69,FR
974,person_974,69,GB
975,person_975,24,AU
976,person_976,49,CA
977,person_977,66,AU
978,person_978,66,AU
979,person_979,52,FR
980,person_980,19,SG
981,person_981,47,NG
982,person_982,39,FR
983,person_983,65,US
984,person_984,50,BR
985,person_985,25,AU
986,person_986,23,IN
987,person_987,25,BR
988,person_988,40,SG
989,person_989,54,BR
990,person_990,52,IN
991,person_991,34,CA
992,person_992,29,GB
993,person_993,22,FR
994,person_994,75,US
995,person_995,34,US
996,person_996,48,SG
997,person_997,46,US
998,person_998,75,AU
999,person_999,64,BR
1000,person_1000,53,IN
1001,person_1001,45,IN
1002,person_1002,67,GB
1003,person_1003,68,DE
1004,person_1004,63,IN
1005,person_1005,47,BR
1006,person_1006,21,FR
1007,person_1007,25,NG
1008,person_1008,71,GB
1009,person_1009,60,DE
1010,person_1010,73,DE
1011,person_1011,18,IN
1012,person_1012,51,CA
1013,person_1013,21,AU
1014,person_1014,57,CA
1015,person_1015,62,IN
1016,person_1016,45,DE
1017,person_1017,23,BR
1018,person_1018,46,IN
1019,person_1019,25,NG
1020,person_1020,70,GB
1021,person_1021,39,GB
1022,person_1022,75,DE
1023,person_1023,38,FR
1024,person_1024,28,CA
1025,person_1025,39,SG
1026,person_1026,52,BR
1027,person_1027,38,NG
1028,person_1028,44,CA
1029,person_1029,55,US
1030,person_1030,57,SG
1031,person_1031,18,NG
1032,person_1032,73,AU
1033,person_1033,27,CA
1034,person_1034,58,BR
1035,person_1035,39,FR
1036,person_1036,61,NG
1037,person_1037,64,CA
1038,person_1038,54,SG
1039,person_1039,57,BR
1040,person_1040,70,CA
1041,person_1041,20,BR
1042,person_1042,18,IN
1043,person_1043,31,FR
1044,person_1044,52,SG
1045,person_1045,66,CA
1046,person_1046,19,GB
1047,person_1047,38,GB
1048,person_1048,50,BR
1049,person_1049,70,SG
1050,person_1050,55,DE
1051,person_1051,70,US
1052,person_1052,29,US
1053,person_1053,18,GB
1054,person_1054,36,SG
1055,person_1055,46,SG
1056,person_1056,56,GB
1057,person_1057,59,NG
1058,person_1058,45,CA
1059,person_1059,51,AU
1060,person_1060,57,AU
1061,person_1061,18,SG
1062,person_1062,27,SG
1063,person_1063,24,IN
1064,person_1064,48,IN
1065,person_1065,21,AU
1066,person_1066,22,AU
1067,person_1067,47,NG
1068,person_1068,40,FR
1069,person_1069,46,US
1070,person_1070,48,US
1071,person_1071,41,NG
1072,person_1072,54,AU
1073,person_1073,72,NG
1074,person_1074,38,CA
1075,person_1075,60,GB
1076,person_1076,32,GB
1077,person_1077,63,NG
1078,person_1078,55,IN
1079,person_1079,21,US
1080,person_1080,45,NG
1081,person_1081,60,AU
1082,person_1082,73,FR
1083,person_1083,59,NG
1084,person_1084,27,BR
1085,person_1085,27,US
1086,person_1086,42,CA
1087,person_1087,39,CA
1088,person_1088,75,SG
1089,person_1089,75,AU
1090,person_1090,27,NG
1091,person_1091,61,IN
1092,person_1092,65,US
1093,person_1093,68,FR
1094,person_1094,28,BR
1095,person_1095,54,IN
1096,person_1096,71,FR
1097,person_1097,43,FR
1098,person_1098,22,US
1099,person_1099,63,CA
1100,person_1100,33,US
1101,person_1101,72,AU
1102,person_1102,54,NG
1103,person_1103,49,NG
1104,person_1104,29,DE
1105,person_1105,26,US
1106,person_1106,66,DE
1107,person_1107,20,NG
1108,person_1108,57,NG
1109,person_1109,22,DE
1110,person_1110,58,CA
1111,person_1111,49,GB
1112,person_1112,37,SG
1113,person_1113,23,IN
1114,person_1114,38,US
1115,person_1115,22,GB
1116,person_1116,37,GB
1117,person_1117,57,SG
1118,person_1118,28,IN
1119,person_1119,22,NG
1120,person_1120,74,IN
1121,person_1121,21,US
1122,person_1122,47,IN
1123,person_1123,67,CA
1124,person_1124,38,CA
1125,person_1125,53,FR
1126,person_1126,49,DE
1127,person_1127,74,CA
1128,person_1128,33,US
1129,person_1129,61,AU
1130,person_1130,24,BR
1131,person_1131,28,FR
1132,person_1132,31,NG
1133,person_1133,38,US
1134,person_1134,36,CA
1135,person_1135,32,DE
1136,person_1136,54,DE
1137,person_1137,48,GB
1138,person_1138,45,IN
1139,person_1139,28,FR
1140,person_1140,64,US
1141,person_1141,48,FR
1142,person_1142,53,IN
1143,person_1143,29,CA
1144,person_1144,38,FR
1145,person_1145,46,SG
1146,person_1146,55,FR
1147,person_1147,22,IN
1148,person_1148,20,IN
1149,person_1149,59,NG
1150,person_1150,52,NG
1151,person_1151,54,IN
1152,person_1152,58,GB
1153,person_1153,43,SG
1154,person_1154,56,US
1155,person_1155,58,AU
1156,person_1156,71,US
1157,person_1157,21,AU
1158,person_1158,59,SG
1159,person_1159,29,CA
1160,person_1160,26,GB
1161,person_1161,25,DE
1162,person_1162,20,FR
1163,person_1163,70,DE
1164,person_1164,39,DE
1165,person_1165,51,US
1166,person_1166,22,SG
1167,person_1167,35,CA
1168,person_1168,38,US
1169,person_1169,55,GB
1170,person_1170,72,CA
1171,person_1171,70,US
1172,person_1172,64,SG
1173,person_1173,52,GB
1174,person_1174,31,US
1175,person_1175,30,NG
1176,person_1176,56,FR
1177,person_1177,23,AU
1178,person_1178,44,AU
1179,person_1179,50,NG
1180,person_1180,61,GB
1181,person_1181,51,IN
1182,person_1182,22,IN
1183,person_1183,66,US
1184,person_1184,28,CA
1185,person_1185,41,IN
1186,person_1186,49,AU
1187,person_1187,19,US
1188,person_1188,38,AU
1189,person_1189,19,GB
1190,person_1190,53,BR
1191,person_1191,27,SG
1192,person_1192,67,BR
1193,person_1193,37,US
1194,person_1194,21,SG
1195,person_1195,74,IN
1196,person_1196,36,FR
1197,person_1197,36,FR
1198,person_1198,42,FR
1199,person_1199,59,SG
1200,person_1200,20,US
1201,person_1201,48,US
1202,person_1202,67,US
1203,person_1203,53,SG
1204,person_1204,39,FR
1205,person_1205,33,US
1206,person_1206,39,US
1207,person_1207,69,CA
1208,person_1208,48,GB
1209,person_1209,24,IN
1210,person_1210,36,GB
1211,person_1211,72,DE
1212,person_1212,64,BR
1213,person_1213,36,GB
1214,person_1214,50,AU
1215,person_1215,32,FR
1216,person_1216,45,SG
1217,person_1217,20,AU
1218,person_1218,36,CA
1219,person_1219,45,BR
1220,person_1220,31,SG
1221,person_1221,71,DE
1222,person_1222,26,FR
1223,person_1223,21,GB
1224,person_1224,41,IN
1225,person_1225,66,IN
1226,person_1226,53,NG
1227,person_1227,54,NG
1228,person_1228,59,GB
1229,person_1229,20,FR
1230,person_1230,56,NG
1231,person_1231,50,BR
1232,person_1232,59,NG
1233,person_1233,40,BR
1234,person_1234,18,AU
1235,person_1235,70,SG
1236,person_1236,72,NG
1237,person_1237,61,DE
1238,person_1238,25,FR
1239,person_1239,42,US
1240,person_1240,73,GB
1241,person_1241,54,NG
1242,person_1242,72,FR
1243,person_1243,33,IN
1244,person_1244,55,IN
1245,person_1245,21,GB
1246,person_1246,28,CA
1247,person_1247,55,CA
1248,person_1248,68,FR
1249,person_1249,43,GB
1250,person_1250,55,SG
1251,person_1251,32,NG
1252,person_1252,36,GB
1253,person_1253,24,BR
1254,person_1254,50,DE
1255,person_1255,58,GB
1256,person_1256,30,NG
1257,person_1257,18,NG
1258,person_1258,65,AU
1259,person_1259,34,CA
1260,person_1260,29,IN
1261,person_1261,57,NG
1262,person_1262,49,US
1263,person_1263,35,FR
1264,person_1264,47,BR
1265,person_1265,35,IN
1266,person_1266,58,IN
1267,person_1267,33,FR
1268,person_1268,46,IN
1269,person_1269,21,DE
1270,person_1270,45,CA
1271,person_1271,72,US
1272,person_1272,21,GB
1273,person_1273,40,IN
1274,person_1274,74,AU
1275,person_1275,29,SG
1276,person_1276,37,AU
1277,person_1277,45,DE
1278,person_1278,48,IN
1279,person_1279,54,BR
1280,person_1280,23,CA
1281,person_1281,41,SG
1282,person_1282,36,IN
1283,person_1283,60,BR
1284,person_1284,24,GB
1285,person_1285,49,US
1286,person_1286,18,BR
1287,person_1287,70,US
1288,person_1288,36,US
1289,person_1289,72,DE
1290,person_1290,38,US
1291,person_1291,35,AU
1292,person_1292,22,SG
1293,person_1293,36,GB
1294,person_1294,71,NG
1295,person_1295,54,CA
1296,person_1296,39,CA
1297,person_1297,39,BR
1298,person_1298,45,IN
1299,person_1299,70,US
1300,person_1300,41,BR
1301,person_1301,49,AU
1302,person_1302,39,AU
1303,person_1303,72,CA
1304,person_1304,60,GB
1305,person_1305,61,US
1306,person_1306,42,GB
1307,person_1307,48,US
1308,person_1308,40,NG
1309,person_1309,33,CA
1310,person_1310,25,AU
1311,person_1311,37,US
1312,person_1312,42,FR
1313,person_1313,74,SG
1314,person_1314,70,SG
1315,person_1315,33,DE
1316,person_1316,47,NG
1317,person_1317,35,AU
1318,person_1318,29,NG
1319,person_1319,59,CA
1320,person_1320,32,US
1321,person_1321,64,DE
1322,person_1322,57,NG
1323,person_1323,28,DE
1324,person_1324,59,US
1325,person_1325,34,US
1326,person_1326,47,NG
1327,person_1327,37,NG
1328,person_1328,74,IN
1329,person_1329,55,CA
1330,person_1330,52,AU
1331,person_1331,65,NG
1332,person_1332,66,IN
1333,person_1333,53,SG
1334,person_1334,31,US
1335,person_1335,56,IN
1336,person_1336,22,NG
1337,person_1337,47,NG
1338,person_1338,36,CA
1339,person_1339,61,BR
1340,person_1340,40,BR
1341,person_1341,61,AU
1342,person_1342,37,NG
1343,person_1343,18,DE
1344,person_1344,39,FR
1345,person_1345,50,IN
1346,person_1346,48,NG
1347,person_1347,27,NG
1348,person_1348,30,FR
1349,person_1349,40,DE
1350,person_1350,61,DE
1351,person_1351,52,DE
1352,person_1352,67,IN
1353,person_1353,45,AU
1354,person_1354,33,US
1355,person_1355,67,SG
1356,person_1356,72,IN
1357,person_1357,66,BR
1358,person_1358,34,SG
1359,person_1359,59,GB
1360,person_1360,61,US
1361,person_1361,35,GB
1362,person_1362,21,SG
1363,person_1363,44,CA
1364,person_1364,40,BR
1365,person_1365,52,BR
1366,person_1366,54,FR
1367,person_1367,60,IN
1368,person_1368,27,FR
1369,person_1369,67,NG
1370,person_1370,23,AU
1371,person_1371,40,FR
1372,person_1372,63,SG
1373,person_1373,48,IN
1374,person_1374,59,NG
1375,person_1375,48,SG
1376,person_1376,22,SG
1377,person_1377,75,US
1378,person_1378,32,FR
1379,person_1379,23,DE
1380,person_1380,57,US
1381,person_1381,19,DE
1382,person_1382,63,IN
1383,person_1383,37,BR
1384,person_1384,21,AU
1385,person_1385,39,DE
1386,person_1386,21,AU
1387,person_1387,63,GB
1388,person_1388,74,GB
1389,person_1389,56,US
1390,person_1390,41,SG
1391,person_1391,38,GB
1392,person_1392,24,IN
1393,person_1393,74,BR
1394,person_1394,44,US
1395,person_1395,56,AU
1396,person_1396,43,DE
1397,person_1397,37,FR
1398,person_1398,47,CA
1399,person_1399,31,SG
1400,person_1400,74,CA
1401,person_1401,38,FR
1402,person_1402,58,BR
1403,person_1403,73,CA
1404,person_1404,52,US
1405,person_1405,57,SG
1406,person_1406,58,NG
1407,person_1407,59,SG
1408,person_1408,36,IN
1409,person_1409,35,FR
1410,person_1410,71,DE
1411,person_1411,59,FR
1412,person_1412,56,BR
1413,person_1413,64,US
1414,person_1414,37,GB
1415,person_1415,72,FR
1416,person_1416,39,GB
1417,person_1417,38,US
1418,person_1418,49,NG
1419,person_1419,31,GB
1420,person_1420,45,US
1421,person_1421,43,US
1422,person_1422,34,SG
1423,person_1423,57,CA
1424,person_1424,37,SG
1425,person_1425,40,AU
1426,person_1426,48,GB
1427,person_1427,37,GB
1428,person_1428,68,IN
1429,person_1429,55,CA
1430,person_1430,50,GB
1431,person_1431,30,BR
1432,person_1432,48,FR
1433,person_1433,25,IN
1434,person_1434,20,GB
1435,person_1435,48,FR
1436,person_1436,19,US
1437,person_1437,63,DE
1438,person_1438,24,AU
1439,person_1439,64,NG
1440,person_1440,18,GB
1441,person_1441,29,DE
1442,person_1442,33,CA
1443,person_1443,26,AU
1444,person_1444,19,AU
1445,person_1445,35,US
1446,person_1446,48,FR
1447,person_1447,22,GB
1448,person_1448,37,US
1449,person_1449,38,CA
1450,person_1450,64,US
1451,person_1451,75,GB
1452,person_1452,44,NG
1453,person_1453,58,IN
1454,person_1454,69,DE
1455,person_1455,56,SG
1456,person_1456,34,NG
1457,person_1457,63,CA
1458,person_1458,28,GB
1459,person_1459,50,DE
1460,person_1460,18,DE
1461,person_1461,31,GB
1462,person_1462,19,FR
1463,person_1463,56,SG
1464,person_1464,49,NG
1465,person_1465,28,DE
1466,person_1466,70,GB
1467,person_1467,31,GB
1468,person_1468,44,CA
1469,person_1469,21,BR
1470,person_1470,48,DE
1471,person_1471,51,US
1472,person_1472,69,GB
1473,person_1473,73,DE
1474,person_1474,40,AU
1475,person_1475,51,FR
1476,person_1476,46,SG
1477,person_1477,59,CA
1478,person_1478,44,NG
1479,person_1479,49,US
1480,person_1480,66,DE
1481,person_1481,48,GB
1482,person_1482,71,GB
1483,person_1483,61,FR
1484,person_1484,51,NG
1485,person_1485,62,NG
1486,person_1486,40,AU
1487,person_1487,45,US
1488,person_1488,38,US
1489,person_1489,61,CA
1490,person_1490,39,CA
1491,person_1491,23,SG
1492,person_1492,66,US
1493,person_1493,60,CA
1494,person_1494,19,GB
1495,person_1495,41,SG
1496,person_1496,67,IN
1497,person_1497,62,GB
1498,person_1498,20,SG
1499,person_1499,67,NG
1500,person_1500,69,NG
1501,person_1501,28,SG
1502,person_1502,35,CA
1503,person_1503,27,GB
1504,person_1504,27,DE
1505,person_1505,32,AU
1506,person_1506,65,GB
1507,person_1507,57,DE
1508,person_1508,37,US
1509,person_1509,45,AU
1510,person_1510,74,CA
1511,person_1511,73,CA
1512,person_1512,47,DE
1513,person_1513,42,DE
1514,person_1514,35,US
1515,person_1515,50,IN
1516,person_1516,51,AU
1517,person_1517,70,CA
1518,person_1518,42,BR
1519,person_1519,50,BR
1520,person_1520,23,BR
1521,person_1521,41,FR
1522,person_1522,71,GB
1523,person_1523,48,SG
1524,person_1524,51,CA
1525,person_1525,52,DE
1526,person_1526,48,FR
1527,person_1527,62,SG
1528,person_1528,63,DE
1529,person_1529,57,AU
1530,person_1530,27,US
1531,person_1531,58,CA
1532,person_1532,62,CA
1533,person_1533,27,IN
1534,person_1534,65,DE
1535,person_1535,21,GB
1536,person_1536,22,AU
1537,person_1537,28,NG
1538,person_1538,71,NG
1539,person_1539,67,NG
1540,person_1540,75,NG
1541,person_1541,31,IN
1542,person_1542,57,GB
1543,person_1543,22,GB
1544,person_1544,18,IN
1545,person_1545,47,BR
1546,person_1546,38,IN
1547,person_1547,25,SG
1548,person_1548,40,IN
1549,person_1549,51,NG
1550,person_1550,31,NG
1551,person_1551,75,DE
1552,person_1552,67,US
1553,person_1553,57,AU
1554,person_1554,26,DE
1555,person_1555,68,US
1556,person_1556,65,FR
1557,person_1557,36,SG
1558,person_1558,75,DE
1559,person_1559,27,AU
1560,person_1560,58,GB
1561,person_1561,19,CA
1562,person_1562,43,IN
1563,person_1563,30,AU
1564,person_1564,36,SG
1565,person_1565,75,IN
1566,person_1566,25,IN
1567,person_1567,41,DE
1568,person_1568,46,FR
1569,person_1569,21,IN
1570,person_1570,58,FR
1571,person_1571,75,BR
1572,person_1572,74,FR
1573,person_1573,53,CA
1574,person_1574,18,CA
1575,person_1575,64,BR
1576,person_1576,46,GB
1577,person_1577,42,DE
1578,person_1578,71,FR
1579,person_1579,60,AU
1580,person_1580,29,CA
1581,person_1581,37,AU
1582,person_1582,69,US
1583,person_1583,72,BR
1584,person_1584,34,AU
1585,person_1585,24,GB
1586,person_1586,22,SG
1587,person_1587,61,IN
1588,person_1588,61,CA
1589,person_1589,24,IN
1590,person_1590,50,SG
1591,person_1591,66,NG
1592,person_1592,41,US
1593,person_1593,42,BR
1594,person_1594,44,NG
1595,person_1595,74,US
1596,person_1596,52,BR
1597,person_1597,46,BR
1598,person_1598,21,GB
1599,person_1599,30,NG
1600,person_1600,22,FR
1601,person_1601,44,AU
1602,person_1602,29,US
1603,person_1603,20,IN
1604,person_1604,58,BR
1605,person_1605,30,SG
1606,person_1606,33,CA
1607,person_1607,47,GB
1608,person_1608,20,FR
1609,person_1609,74,BR
1610,person_1610,63,GB
1611,person_1611,32,AU
1612,person_1612,38,SG
1613,person_1613,32,SG
1614,person_1614,64,SG
1615,person_1615,24,IN
1616,person_1616,47,NG
1617,person_1617,68,IN
1618,person_1618,56,FR
1619,person_1619,21,US
1620,person_1620,50,BR
1621,person_1621,41,NG
1622,person_1622,18,NG
1623,person_1623,69,BR
1624,person_1624,36,GB
1625,person_1625,52,FR
1626,person_1626,43,AU
1627,person_1627,64,AU
1628,person_1628,45,IN
1629,person_1629,28,GB
1630,person_1630,22,IN
1631,person_1631,41,BR
1632,person_1632,40,GB
1633,person_1633,27,AU
1634,person_1634,24,NG
1635,person_1635,60,SG
1636,person_1636,23,IN
1637,person_1637,19,US
1638,person_1638,18,BR
1639,person_1639,68,CA
1640,person_1640,67,SG
1641,person_1641,25,BR
1642,person_1642,32,SG
1643,person_1643,70,SG
1644,person_1644,27,US
1645,person_1645,46,SG
1646,person_1646,61,BR
1647,person_1647,62,NG
1648,person_1648,34,FR
1649,person_1649,53,SG
1650,person_1650,18,AU
1651,person_1651,30,BR
1652,person_1652,64,IN
1653,person_1653,69,NG
1654,person_1654,63,US
1655,person_1655,66,GB
1656,person_1656,27,AU
1657,person_1657,36,NG
1658,person_1658,42,IN
1659,person_1659,71,NG
1660,person_1660,46,NG
1661,person_1661,22,GB
1662,person_1662,65,US
1663,person_1663,41,CA
1664,person_1664,53,FR
1665,person_1665,26,IN
1666,person_1666,37,IN
1667,person_1667,29,AU
1668,person_1668,25,SG
1669,person_1669,46,NG
1670,person_1670,70,NG
1671,person_1671,23,SG
1672,person_1672,67,US
1673,person_1673,49,NG
1674,person_1674,52,CA
1675,person_1675,24,CA
1676,person_1676,51,CA
1677,person_1677,61,US
1678,person_1678,58,AU
1679,person_1679,48,CA
1680,person_1680,34,IN
1681,person_1681,24,GB
1682,person_1682,44,NG
1683,person_1683,68,CA
1684,person_1684,74,IN
1685,person_1685,23,AU
1686,person_1686,40,BR
1687,person_1687,42,GB
1688,person_1688,66,FR
1689,person_1689,29,DE
1690,person_1690,20,GB
1691,person_1691,63,AU
1692,person_1692,35,AU
1693,person_1693,22,DE
1694,person_1694,22,SG
1695,person_1695,43,FR
1696,person_1696,40,NG
1697,person_1697,34,GB
1698,person_1698,28,NG
1699,person_1699,49,CA
1700,person_1700,19,US
1701,person_1701,68,FR
1702,person_1702,22,US
1703,person_1703,68,SG
1704,person_1704,32,DE
1705,person_1705,56,BR
1706,person_1706,63,CA
1707,person_1707,39,CA
1708,person_1708,29,IN
1709,person_1709,30,BR
1710,person_1710,75,AU
1711,person_1711,20,US
1712,person_1712,71,DE
1713,person_1713,64,BR
1714,person_1714,58,GB
1715,person_1715,48,AU
1716,person_1716,48,AU
1717,person_1717,27,US
1718,person_1718,69,GB
1719,person_1719,62,GB
1720,person_1720,32,GB
1721,person_1721,64,DE
1722,person_1722,66,GB
1723,person_1723,40,CA
1724,person_1724,74,SG
1725,person_1725,40,SG
1726,person_1726,31,FR
1727,person_1727,45,BR
1728,person_1728,72,IN
1729,person_1729,21,DE
1730,person_1730,48,AU
1731,person_1731,20,NG
1732,person_1732,61,GB
1733,person_1733,36,US
1734,person_1734,29,IN
1735,person_1735,36,CA
1736,person_1736,30,DE
1737,person_1737,74,NG
1738,person_1738,48,DE
1739,person_1739,73,NG
1740,person_1740,67,SG
1741,person_1741,30,IN
1742,person_1742,19,SG
1743,person_1743,28,NG
1744,person_1744,25,CA
1745,person_1745,36,NG
1746,person_1746,59,SG
1747,person_1747,52,NG
1748,person_1748,61,IN
1749,person_1749,35,BR
1750,person_1750,60,DE
1751,person_1751,43,IN
1752,person_1752,58,FR
1753,person_1753,46,IN
1754,person_1754,33,FR
1755,person_1755,31,US
1756,person_1756,52,GB
1757,person_1757,49,US
1758,person_1758,41,SG
1759,person_1759,57,GB
1760,person_1760,42,DE
1761,person_1761,48,NG
1762,person_1762,32,US
1763,person_1763,25,CA
1764,person_1764,48,SG
1765,person_1765,30,IN
1766,person_1766,65,AU
1767,person_1767,35,BR
1768,person_1768,71,GB
1769,person_1769,29,NG
1770,person_1770,34,GB
1771,person_1771,44,AU
1772,person_1772,70,NG
1773,person_1773,30,FR
1774,person_1774,19,BR
1775,person_1775,69,FR
1776,person_1776,34,CA
1777,person_1777,72,CA
1778,person_1778,38,NG
1779,person_1779,47,GB
1780,person_1780,51,US
1781,person_1781,28,GB
1782,person_1782,43,GB
1783,person_1783,28,NG
1784,person_1784,67,GB
1785,person_1785,19,DE
1786,person_1786,40,IN
1787,person_1787,28,BR
1788,person_1788,67,AU
1789,person_1789,36,AU
1790,person_1790,62,IN
1791,person_1791,58,US
1792,person_1792,40,NG
1793,person_1793,75,IN
1794,person_1794,32,AU
1795,person_1795,40,SG
1796,person_1796,21,DE
1797,person_1797,53,SG
1798,person_1798,37,FR
1799,person_1799,38,CA
1800,person_1800,67,NG
1801,person_1801,74,NG
1802,person_1802,39,SG
1803,person_1803,26,CA
1804,person_1804,19,AU
1805,person_1805,28,BR
1806,person_1806,67,US
1807,person_1807,29,GB
1808,person_1808,48,NG
1809,person_1809,22,AU
1810,person_1810,70,DE
1811,person_1811,44,AU
1812,person_1812,75,SG
1813,person_1813,51,CA
1814,person_1814,52,BR
1815,person_1815,29,DE
1816,person_1816,65,DE
1817,person_1817,72,BR
1818,person_1818,33,GB
1819,person_1819,28,BR
1820,person_1820,52,NG
1821,person_1821,42,SG
1822,person_1822,47,DE
1823,person_1823,63,IN
1824,person_1824,57,SG
1825,person_1825,74,US
1826,person_1826,47,BR
1827,person_1827,56,BR
1828,person_1828,66,CA
1829,person_1829,51,IN
1830,person_1830,35,AU
1831,person_1831,30,IN
1832,person_1832,58,DE
1833,person_1833,67,IN
1834,person_1834,50,DE
1835,person_1835,49,BR
1836,person_1836,21,NG
1837,person_1837,48,GB
1838,person_1838,64,BR
1839,person_1839,67,BR
1840,person_1840,27,GB
1841,person_1841,24,FR
1842,person_1842,48,BR
1843,person_1843,31,BR
1844,person_1844,36,FR
1845,person_1845,19,DE
1846,person_1846,56,BR
1847,person_1847,34,SG
1848,person_1848,65,DE
1849,person_1849,69,GB
1850,person_1850,71,SG
1851,person_1851,32,SG
1852,person_1852,69,FR
1853,person_1853,59,BR
1854,person_1854,69,GB
1855,person_1855,27,FR
1856,person_1856,53,NG
1857,person_1857,25,BR
1858,person_1858,51,IN
1859,person_1859,42,SG
1860,person_1860,65,AU
1861,person_1861,63,CA
1862,person_1862,64,SG
1863,person_1863,26,AU
1864,person_1864,29,DE
1865,person_1865,30,NG
1866,person_1866,55,US
1867,person_1867,42,CA
1868,person_1868,33,NG
1869,person_1869,19,US
1870,person_1870,70,US
1871,person_1871,29,SG
1872,person_1872,60,BR
1873,person_1873,67,US
1874,person_1874,33,SG
1875,person_1875,56,BR
1876,person_1876,38,AU
1877,person_1877,71,BR
1878,person_1878,52,NG
1879,person_1879,64,FR
1880,person_1880,49,DE
1881,person_1881,54,FR
1882,person_1882,35,IN
1883,person_1883,64,GB
1884,person_1884,47,NG
1885,person_1885,74,GB
1886,person_1886,37,NG
1887,person_1887,62,DE
1888,person_1888,59,GB
1889,person_1889,45,AU
1890,person_1890,51,GB
1891,person_1891,67,US
1892,person_1892,20,NG
1893,person_1893,50,FR
1894,person_1894,39,FR
1895,person_1895,59,SG
1896,person_1896,39,GB
1897,person_1897,68,AU
1898,person_1898,29,SG
1899,person_1899,54,GB
1900,person_1900,42,CA
1901,person_1901,60,GB
1902,person_1902,19,AU
1903,person_1903,74,NG
1904,person_1904,32,NG
1905,person_1905,47,NG
1906,person_1906,28,CA
1907,person_1907,70,GB
1908,person_1908,67,AU
1909,person_1909,27,AU
1910,person_1910,55,SG
1911,person_1911,48,AU
1912,person_1912,56,DE
1913,person_1913,65,SG
1914,person_1914,45,NG
1915,person_1915,29,AU
1916,person_1916,23,GB
1917,person_1917,45,IN
1918,person_1918,28,IN
1919,person_1919,72,GB
1920,person_1920,45,AU
1921,person_1921,38,IN
1922,person_1922,57,IN
1923,person_1923,67,SG
1924,person_1924,41,BR
1925,person_1925,53,CA
1926,person_1926,27,IN
1927,person_1927,20,SG
1928,person_1928,66,DE
1929,person_1929,41,AU
1930,person_1930,50,GB
1931,person_1931,49,NG
1932,person_1932,24,BR
1933,person_1933,21,AU
1934,person_1934,63,AU
1935,person_1935,26,FR
1936,person_1936,73,GB
1937,person_1937,28,GB
1938,person_1938,37,CA
1939,person_1939,37,SG
1940,person_1940,22,DE
1941,person_1941,71,AU
1942,person_1942,25,US
1943,person_1943,24,CA
1944,person_1944,46,AU
1945,person_1945,26,IN
1946,person_1946,42,FR
1947,person_1947,59,DE
1948,person_1948,32,FR
1949,person_1949,71,GB
1950,person_1950,63,NG
1951,person_1951,46,SG
1952,person_1952,47,DE
1953,person_1953,27,IN
1954,person_1954,18,DE
1955,person_1955,42,FR
1956,person_1956,72,GB
1957,person_1957,18,DE
1958,person_1958,28,AU
1959,person_1959,70,FR
1960,person_1960,19,GB
1961,person_1961,65,AU
1962,person_1962,29,NG
1963,person_1963,42,US
1964,person_1964,56,CA
1965,person_1965,19,AU
1966,person_1966,42,BR
1967,person_1967,75,FR
1968,person_1968,57,DE
1969,person_1969,22,BR
1970,person_1970,49,US
1971,person_1971,48,GB
1972,person_1972,57,AU
1973,person_1973,29,DE
1974,person_1974,31,US
1975,person_1975,46,NG
1976,person_1976,50,US
1977,person_1977,54,IN
1978,person_1978,47,AU
1979,person_1979,65,IN
1980,person_1980,61,AU
1981,person_1981,70,GB
1982,person_1982,75,CA
1983,person_1983,28,BR
1984,person_1984,32,SG
1985,person_1985,20,NG
1986,person_1986,67,US
1987,person_1987,43,AU
1988,person_1988,74,GB
1989,person_1989,58,BR
1990,person_1990,40,SG
1991,person_1991,47,SG
1992,person_1992,28,AU
1993,person_1993,60,DE
1994,person_1994,75,US
1995,person_1995,45,NG
1996,person_1996,35,GB
1997,person_1997,63,IN
1998,person_1998,60,BR
1999,person_1999,48,FR
2000,person_2000,26,AU
2001,person_2001,61,SG
2002,person_2002,51,GB
2003,person_2003,45,US
2004,person_2004,67,GB
2005,person_2005,69,AU
2006,person_2006,57,DE
2007,person_2007,69,BR
2008,person_2008,68,SG
2009,person_2009,55,US
2010,person_2010,33,DE
2011,person_2011,71,AU
2012,person_2012,63,IN
2013,person_2013,56,US
2014,person_2014,20,IN
2015,person_2015,60,US
2016,person_2016,60,FR
2017,person_2017,23,FR
2018,person_2018,56,IN
2019,person_2019,44,NG
2020,person_2020,71,US
2021,person_2021,30,AU
2022,person_2022,70,SG
2023,person_2023,23,SG
2024,person_2024,28,FR
2025,person_2025,66,US
2026,person_2026,63,AU
2027,person_2027,22,IN
2028,person_2028,53,IN
2029,person_2029,31,BR
2030,person_2030,69,NG
2031,person_2031,37,US
2032,person_2032,41,AU
2033,person_2033,32,FR
2034,person_2034,55,FR
2035,person_2035,48,CA
2036,person_2036,37,DE
2037,person_2037,52,FR
2038,person_2038,19,AU
2039,person_2039,43,CA
2040,person_2040,35,CA
2041,person_2041,50,AU
2042,person_2042,47,GB
2043,person_2043,23,DE
2044,person_2044,71,NG
2045,person_2045,70,NG
2046,person_2046,71,FR
2047,person_2047,66,US
2048,person_2048,73,DE
2049,person_2049,60,BR
2050,person_2050,56,BR
2051,person_2051,35,SG
2052,person_2052,54,NG
2053,person_2053,19,BR
2054,person_2054,25,AU
2055,person_2055,20,GB
2056,person_2056,39,GB
2057,person_2057,62,GB
2058,person_2058,68,DE
2059,person_2059,36,BR
2060,person_2060,20,CA
2061,person_2061,24,GB
2062,person_2062,30,US
2063,person_2063,41,GB
2064,person_2064,27,CA
2065,person_2065,73,US
2066,person_2066,66,AU
2067,person_2067,67,CA
2068,person_2068,34,BR
2069,person_2069,38,FR
2070,person_2070,23,FR
2071,person_2071,32,GB
2072,person_2072,48,SG
2073,person_2073,39,GB
2074,person_2074,60,IN
2075,person_2075,67,AU
2076,person_2076,57,SG
2077,person_2077,36,CA
2078,person_2078,31,IN
2079,person_2079,67,GB
2080,person_2080,58,GB
2081,person_2081,41,DE
2082,person_2082,38,DE
2083,person_2083,21,CA
2084,person_2084,48,DE
2085,person_2085,25,NG
2086,person_2086,71,IN
2087,person_2087,72,GB
2088,person_2088,22,IN
2089,person_2089,28,CA
2090,person_2090,72,DE
2091,person_2091,50,SG
2092,person_2092,48,GB
2093,person_2093,40,IN
2094,person_2094,69,GB
2095,person_2095,32,CA
2096,person_2096,29,US
2097,person_2097,20,US
2098,person_2098,51,US
2099,person_2099,48,CA
2100,person_2100,66,FR
2101,person_2101,30,CA
2102,person_2102,44,GB
2103,person_2103,37,DE
2104,person_2104,24,GB
2105,person_2105,24,FR
2106,person_2106,33,GB
2107,person_2107,28,SG
2108,person_2108,70,SG
2109,person_2109,44,GB
2110,person_2110,50,BR
2111,person_2111,27,AU
2112,person_2112,53,DE
2113,person_2113,49,FR
2114,person_2114,65,US
2115,person_2115,52,NG
2116,person_2116,18,GB
2117,person_2117,43,SG
2118,person_2118,57,GB
2119,person_2119,30,US
2120,person_2120,52,AU
2121,person_2121,49,IN
2122,person_2122,71,BR
2123,person_2123,75,AU
2124,person_2124,53,SG
2125,person_2125,24,NG
2126,person_2126,26,IN
2127,person_2127,32,FR
2128,person_2128,43,DE
2129,person_2129,27,DE
2130,person_2130,61,FR
2131,person_2131,45,CA
2132,person_2132,63,FR
2133,person_2133,62,GB
2134,person_2134,46,AU
2135,person_2135,65,FR
2136,person_2136,23,BR
2137,person_2137,54,US
2138,person_2138,46,DE
2139,person_2139,49,GB
2140,person_2140,58,GB
2141,person_2141,36,NG
2142,person_2142,45,DE
2143,person_2143,66,IN
2144,person_2144,72,BR
2145,person_2145,45,SG
2146,person_2146,37,SG
2147,person_2147,67,SG
2148,person_2148,50,FR
2149,person_2149,68,GB
2150,person_2150,18,FR
2151,person_2151,19,IN
2152,person_2152,39,IN
2153,person_2153,67,BR
2154,person_2154,64,AU
2155,person_2155,65,FR
2156,person_2156,46,AU
2157,person_2157,18,IN
2158,person_2158,47,US
2159,person_2159,65,BR
2160,person_2160,57,NG
2161,person_2161,46,SG
2162,person_2162,20,NG
2163,person_2163,30,NG
2164,person_2164,27,AU
2165,person_2165,61,FR
2166,person_2166,46,AU
2167,person_2167,60,DE
2168,person_2168,48,AU
2169,person_2169,48,BR
2170,person_2170,58,BR
2171,person_2171,49,IN
2172,person_2172,71,SG
2173,person_2173,29,GB
2174,person_2174,23,CA
2175,person_2175,37,NG
2176,person_2176,36,BR
2177,person_2177,72,US
2178,person_2178,55,GB
2179,person_2179,53,SG
2180,person_2180,27,FR
2181,person_2181,74,FR
2182,person_2182,33,BR
2183,person_2183,61,AU
2184,person_2184,71,DE
2185,person_2185,61,DE
2186,person_2186,63,NG
2187,person_2187,69,SG
2188,person_2188,68,BR
2189,person_2189,22,AU
2190,person_2190,67,SG
2191,person_2191,49,SG
2192,person_2192,43,IN
2193,person_2193,41,SG
2194,person_2194,26,IN
2195,person_2195,46,CA
2196,person_2196,61,US
2197,person_2197,43,NG
2198,person_2198,48,GB
2199,person_2199,59,US
2200,person_2200,25,NG
2201,person_2201,60,US
2202,person_2202,49,NG
2203,person_2203,60,CA
2204,person_2204,64,DE
2205,person_2205,43,US
2206,person_2206,63,AU
2207,person_2207,40,DE
2208,person_2208,18,GB
2209,person_2209,21,NG
2210,person_2210,33,DE
2211,person_2211,66,NG
2212,person_2212,41,AU
2213,person_2213,49,GB
2214,person_2214,30,US
2215,person_2215,64,FR
2216,person_2216,70,US
2217,person_2217,30,AU
2218,person_2218,49,DE
2219,person_2219,24,SG
2220,person_2220,28,SG
2221,person_2221,42,CA
2222,person_2222,64,FR
2223,person_2223,70,FR
2224,person_2224,34,NG
2225,person_2225,48,US
2226,person_2226,46,DE
2227,person_2227,60,US
2228,person_2228,74,BR
2229,person_2229,36,BR
2230,person_2230,49,GB
2231,person_2231,68,NG
2232,person_2232,33,FR
2233,person_2233,43,AU
2234,person_2234,26,SG
2235,person_2235,55,US
2236,person_2236,54,SG
2237,person_2237,63,NG
2238,person_2238,65,US
2239,person_2239,73,US
2240,person_2240,39,IN
2241,person_2241,20,DE
2242,person_2242,46,CA
2243,person_2243,48,FR
2244,person_2244,40,DE
2245,person_2245,38,IN
2246,person_2246,36,US
2247,person_2247,33,FR
2248,person_2248,67,SG
2249,person_2249,34,FR
2250,person_2250,60,DE
2251,person_2251,66,SG
2252,person_2252,53,AU
2253,person_2253,74,NG
2254,person_2254,61,US
2255,person_2255,29,AU
2256,person_2256,39,DE
2257,person_2257,38,DE
2258,person_2258,64,SG
2259,person_2259,59,CA
2260,person_2260,25,FR
2261,person_2261,52,CA
2262,person_2262,57,DE
2263,person_2263,73,DE
2264,person_2264,41,FR
2265,person_2265,64,IN
2266,person_2266,44,NG
2267,person_2267,44,BR
2268,person_2268,20,SG
2269,person_2269,61,SG
2270,person_2270,58,BR
2271,person_2271,60,SG
2272,person_2272,32,FR
2273,person_2273,71,GB
2274,person_2274,56,SG
2275,person_2275,62,BR
2276,person_2276,47,SG
2277,person_2277,50,US
2278,person_2278,72,SG
2279,person_2279,30,GB
2280,person_2280,27,GB
2281,person_2281,26,FR
2282,person_2282,37,FR
2283,person_2283,67,GB
2284,person_2284,57,NG
2285,person_2285,26,GB
2286,person_2286,19,CA
2287,person_2287,64,FR
2288,person_2288,44,SG
2289,person_2289,62,GB
2290,person_2290,71,FR
2291,person_2291,46,BR
2292,person_2292,51,AU
2293,person_2293,47,AU
2294,person_2294,70,SG
2295,person_2295,55,DE
2296,person_2296,65,SG
2297,person_2297,50,IN
2298,person_2298,64,DE
2299,person_2299,39,DE
2300,person_2300,59,BR
2301,person_2301,57,IN
2302,person_2302,19,US
2303,person_2303,39,IN
2304,person_2304,29,IN
2305,person_2305,66,CA
2306,person_2306,33,IN
2307,person_2307,35,SG
2308,person_2308,53,US
2309,person_2309,70,DE
2310,person_2310,68,IN
2311,person_2311,24,IN
2312,person_2312,19,CA
2313,person_2313,38,AU
2314,person_2314,32,IN
2315,person_2315,52,CA
2316,person_2316,39,BR
2317,person_2317,62,DE
2318,person_2318,40,BR
2319,person_2319,51,US
2320,person_2320,51,AU
2321,person_2321,22,AU
2322,person_2322,54,NG
2323,person_2323,50,SG
2324,person_2324,25,BR
2325,person_2325,25,DE
2326,person_2326,33,BR
2327,person_2327,30,DE
2328,person_2328,46,BR
2329,person_2329,48,BR
2330,person_2330,56,DE
2331,person_2331,42,NG
2332,person_2332,70,NG
2333,person_2333,41,IN
2334,person_2334,54,GB
2335,person_2335,65,DE
2336,person_2336,65,DE
2337,person_2337,23,AU
2338,person_2338,56,US
2339,person_2339,74,BR
2340,person_2340,71,AU
2341,person_2341,56,FR
2342,person_2342,48,GB
2343,person_2343,56,AU
2344,person_2344,62,NG
2345,person_2345,42,SG
2346,person_2346,52,SG
2347,person_2347,59,SG
2348,person_2348,53,US
2349,person_2349,56,DE
2350,person_2350,25,AU
2351,person_2351,33,GB
2352,person_2352,43,FR
2353,person_2353,32,BR
2354,person_2354,22,GB
2355,person_2355,35,AU
2356,person_2356,57,IN
2357,person_2357,47,DE
2358,person_2358,56,SG
2359,person_2359,57,AU
2360,person_2360,66,BR
2361,person_2361,21,DE
2362,person_2362,56,FR
2363,person_2363,44,AU
2364,person_2364,62,SG
2365,person_2365,55,AU
2366,person_2366,29,SG
2367,person_2367,60,NG
2368,person_2368,64,FR
2369,person_2369,27,AU
2370,person_2370,46,DE
2371,person_2371,57,GB
2372,person_2372,57,FR
2373,person_2373,74,AU
2374,person_2374,48,DE
2375,person_2375,67,BR
2376,person_2376,37,AU
2377,person_2377,53,AU
2378,person_2378,35,DE
2379,person_2379,46,US
2380,person_2380,46,BR
2381,person_2381,62,NG
2382,person_2382,58,AU
2383,person_2383,28,IN
2384,person_2384,34,AU
2385,person_2385,21,US
2386,person_2386,54,AU
2387,person_2387,67,GB
2388,person_2388,56,BR
2389,person_2389,22,NG
2390,person_2390,74,US
2391,person_2391,26,BR
2392,person_2392,57,SG
2393,person_2393,52,US
2394,person_2394,72,FR
2395,person_2395,61,BR
2396,person_2396,63,BR
2397,person_2397,25,SG
2398,person_2398,33,IN
2399,person_2399,48,GB
2400,person_2400,43,SG
2401,person_2401,59,DE
2402,person_2402,58,DE
2403,person_2403,62,GB
2404,person_2404,39,SG
2405,person_2405,24,BR
2406,person_2406,39,NG
2407,person_2407,33,FR
2408,person_2408,22,AU
2409,person_2409,23,BR
2410,person_2410,55,FR
2411,person_2411,20,GB
2412,person_2412,25,GB
2413,person_2413,51,CA
2414,person_2414,54,US
2415,person_2415,22,CA
2416,person_2416,43,AU
2417,person_2417,61,SG
2418,person_2418,42,NG
2419,person_2419,41,SG
2420,person_2420,72,NG
2421,person_2421,41,CA
2422,person_2422,53,AU
2423,person_2423,67,IN
2424,person_2424,66,SG
2425,person_2425,55,FR
2426,person_2426,71,NG
2427,person_2427,69,CA
2428,person_2428,73,NG
2429,person_2429,42,US
2430,person_2430,43,SG
2431,person_2431,24,IN
2432,person_2432,57,DE
2433,person_2433,42,BR
2434,person_2434,57,SG
2435,person_2435,68,AU
2436,person_2436,21,AU
2437,person_2437,61,IN
2438,person_2438,67,DE
2439,person_2439,44,IN
2440,person_2440,71,BR
2441,person_2441,47,US
2442,person_2442,74,US
2443,person_2443,63,IN
2444,person_2444,65,GB
2445,person_2445,37,BR
2446,person_2446,45,BR
2447,person_2447,20,CA
2448,person_2448,52,US
2449,person_2449,69,GB
2450,person_2450,64,DE
2451,person_2451,40,NG
2452,person_2452,24,IN
2453,person_2453,48,BR
2454,person_2454,66,FR
2455,person_2455,70,SG
2456,person_2456,31,IN
2457,person_2457,20,BR
2458,person_2458,72,US
2459,person_2459,31,FR
2460,person_2460,49,AU
2461,person_2461,57,GB
2462,person_2462,71,SG
2463,person_2463,48,NG
2464,person_2464,35,SG
2465,person_2465,29,FR
2466,person_2466,74,GB
2467,person_2467,70,BR
2468,person_2468,58,US
2469,person_2469,63,US
2470,person_2470,45,GB
2471,person_2471,25,BR
2472,person_2472,18,DE
2473,person_2473,24,GB
2474,person_2474,45,DE
2475,person_2475,33,US
2476,person_2476,24,SG
2477,person_2477,41,GB
2478,person_2478,48,SG
2479,person_2479,46,SG
2480,person_2480,27,CA
2481,person_2481,45,GB
2482,person_2482,42,NG
2483,person_2483,41,BR
2484,person_2484,22,DE
2485,person_2485,41,US
2486,person_2486,56,BR
2487,person_2487,49,IN
2488,person_2488,41,AU
2489,person_2489,49,AU
2490,person_2490,30,BR
2491,person_2491,19,AU
2492,person_2492,56,BR
2493,person_2493,39,BR
2494,person_2494,75,DE
2495,person_2495,39,CA
2496,person_2496,56,US
2497,person_2497,49,CA
2498,person_2498,63,NG
2499,person_2499,36,DE
2500,person_2500,27,GB
2501,person_2501,36,DE
2502,person_2502,59,CA
2503,person_2503,33,DE
2504,person_2504,48,SG
2505,person_2505,54,IN
2506,person_2506,34,CA
2507,person_2507,28,SG
2508,person_2508,65,US
2509,person_2509,55,SG
2510,person_2510,28,BR
2511,person_2511,40,IN
2512,person_2512,27,DE
2513,person_2513,55,BR
2514,person_2514,48,SG
2515,person_2515,45,NG
2516,person_2516,68,CA
2517,person_2517,65,GB
2518,person_2518,29,DE
2519,person_2519,19,IN
2520,person_2520,58,SG
2521,person_2521,31,GB
2522,person_2522,59,GB
2523,person_2523,72,CA
2524,person_2524,28,IN
2525,person_2525,38,DE
2526,person_2526,53,DE
2527,person_2527,30,AU
2528,person_2528,34,AU
2529,person_2529,36,DE
2530,person_2530,72,BR
2531,person_2531,55,SG
2532,person_2532,26,SG
2533,person_2533,30,FR
2534,person_2534,62,CA
2535,person_2535,66,IN
2536,person_2536,27,FR
2537,person_2537,41,FR
2538,person_2538,30,BR
2539,person_2539,48,NG
2540,person_2540,18,NG
2541,person_2541,26,SG
2542,person_2542,57,FR
2543,person_2543,67,GB
2544,person_2544,39,SG
2545,person_2545,19,SG
2546,person_2546,73,DE
2547,person_2547,25,NG
2548,person_2548,40,BR
2549,person_2549,18,CA
2550,person_2550,37,AU
2551,person_2551,57,CA
2552,person_2552,59,NG
2553,person_2553,39,SG
2554,person_2554,52,AU
2555,person_2555,56,CA
2556,person_2556,18,CA
2557,person_2557,42,IN
2558,person_2558,34,CA
2559,person_2559,69,FR
2560,person_2560,39,NG
2561,person_2561,40,FR
2562,person_2562,23,IN
2563,person_2563,19,IN
2564,person_2564,31,CA
2565,person_2565,46,AU
2566,person_2566,71,BR
2567,person_2567,58,FR
2568,person_2568,62,SG
2569,person_2569,61,NG
2570,person_2570,18,FR
2571,person_2571,19,SG
2572,person_2572,28,DE
2573,person_2573,44,DE
2574,person_2574,59,FR
2575,person_2575,72,SG
2576,person_2576,20,CA
2577,person_2577,70,AU
2578,person_2578,72,AU
2579,person_2579,19,SG
2580,person_2580,44,US
2581,person_2581,19,BR
2582,person_2582,39,FR
2583,person_2583,41,GB
2584,person_2584,64,SG
2585,person_2585,33,US
2586,person_2586,40,BR
2587,person_2587,21,US
2588,person_2588,48,SG
2589,person_2589,75,NG
2590,person_2590,64,FR
2591,person_2591,24,US
2592,person_2592,56,BR
2593,person_2593,26,CA
2594,person_2594,30,BR
2595,person_2595,59,DE
2596,person_2596,46,DE
2597,person_2597,69,BR
2598,person_2598,23,IN
2599,person_2599,58,FR
2600,person_2600,29,US
2601,person_2601,26,IN
2602,person_2602,58,NG
2603,person_2603,22,FR
2604,person_2604,27,DE
2605,person_2605,36,NG
2606,person_2606,34,IN
2607,person_2607,27,GB
2608,person_2608,61,SG
2609,person_2609,63,GB
2610,person_2610,22,IN
2611,person_2611,61,SG
2612,person_2612,56,FR
2613,person_2613,37,GB
2614,person_2614,47,FR
2615,person_2615,23,GB
2616,person_2616,18,BR
2617,person_2617,42,NG
2618,person_2618,30,US
2619,person_2619,74,IN
2620,person_2620,40,DE
2621,person_2621,24,DE
2622,person_2622,74,US
2623,person_2623,31,US
2624,person_2624,58,FR
2625,person_2625,75,CA
2626,person_2626,60,GB
2627,person_2627,38,IN
2628,person_2628,22,DE
2629,person_2629,66,GB
2630,person_2630,33,GB
2631,person_2631,72,BR
2632,person_2632,58,AU
2633,person_2633,63,GB
2634,person_2634,27,IN
2635,person_2635,50,US
2636,person_2636,65,DE
2637,person_2637,66,AU
2638,person_2638,23,CA
2639,person_2639,59,CA
2640,person_2640,24,DE
2641,person_2641,40,GB
2642,person_2642,62,GB
2643,person_2643,55,AU
2644,person_2644,37,GB
2645,person_2645,47,SG
2646,person_2646,61,US
2647,person_2647,70,CA
2648,person_2648,66,SG
2649,person_2649,30,DE
2650,person_2650,67,AU
2651,person_2651,38,AU
2652,person_2652,73,BR
2653,person_2653,53,NG
2654,person_2654,18,NG
2655,person_2655,58,NG
2656,person_2656,50,BR
2657,person_2657,49,BR
2658,person_2658,27,DE
2659,person_2659,49,AU
2660,person_2660,19,FR
2661,person_2661,34,CA
2662,person_2662,23,IN
2663,person_2663,67,DE
2664,person_2664,32,IN
2665,person_2665,26,NG
2666,person_2666,68,NG
2667,person_2667,56,NG
2668,person_2668,75,DE
2669,person_2669,47,IN
2670,person_2670,50,CA
2671,person_2671,71,BR
2672,person_2672,60,NG
2673,person_2673,33,IN
2674,person_2674,38,SG
2675,person_2675,64,NG
2676,person_2676,75,GB
2677,person_2677,29,AU
2678,person_2678,35,GB
2679,person_2679,24,NG
2680,person_2680,32,CA
2681,person_2681,49,IN
2682,person_2682,45,US
2683,person_2683,43,FR
2684,person_2684,64,US
2685,person_2685,57,US
2686,person_2686,56,CA
2687,person_2687,49,DE
2688,person_2688,54,AU
2689,person_2689,72,FR
2690,person_2690,33,SG
2691,person_2691,24,NG
2692,person_2692,29,BR
2693,person_2693,32,BR
2694,person_2694,58,FR
2695,person_2695,38,IN
2696,person_2696,42,AU
2697,person_2697,59,SG
2698,person_2698,29,DE
2699,person_2699,34,DE
2700,person_2700,43,AU
2701,person_2701,36,NG
2702,person_2702,22,BR
2703,person_2703,24,GB
2704,person_2704,33,NG
2705,person_2705,24,DE
2706,person_2706,67,SG
2707,person_2707,55,SG
2708,person_2708,30,IN
2709,person_2709,49,FR
2710,person_2710,46,FR
2711,person_2711,51,CA
2712,person_2712,27,BR
2713,person_2713,65,SG
2714,person_2714,58,CA
2715,person_2715,66,GB
2716,person_2716,45,AU
2717,person_2717,73,DE
2718,person_2718,41,BR
2719,person_2719,23,BR
2720,person_2720,31,FR
2721,person_2721,21,IN
2722,person_2722,41,FR
2723,person_2723,23,DE
2724,person_2724,40,FR
2725,person_2725,52,US
2726,person_2726,21,NG
2727,person_2727,24,US
2728,person_2728,59,SG
2729,person_2729,26,AU
2730,person_2730,44,US
2731,person_2731,62,CA
2732,person_2732,71,SG
2733,person_2733,43,US
2734,person_2734,62,AU
2735,person_2735,66,FR
2736,person_2736,36,BR
2737,person_2737,19,BR
2738,person_2738,34,IN
2739,person_2739,39,FR
2740,person_2740,71,FR
2741,person_2741,60,NG
2742,person_2742,66,CA
2743,person_2743,18,NG
2744,person_2744,56,FR
2745,person_2745,26,DE
2746,person_2746,22,NG
2747,person_2747,34,DE
2748,person_2748,57,BR
2749,person_2749,31,SG
2750,person_2750,52,US
2751,person_2751,42,NG
2752,person_2752,18,US
2753,person_2753,53,FR
2754,person_2754,37,FR
2755,person_2755,19,DE
2756,person_2756,23,IN
2757,person_2757,43,BR
2758,person_2758,49,SG
2759,person_2759,22,DE
2760,person_2760,29,NG
2761,person_2761,40,IN
2762,person_2762,59,DE
2763,person_2763,73,NG
2764,person_2764,59,AU
2765,person_2765,70,CA
2766,person_2766,44,AU
2767,person_2767,25,CA
2768,person_2768,30,CA
2769,person_2769,64,AU
2770,person_2770,46,FR
2771,person_2771,53,NG
2772,person_2772,72,DE
2773,person_2773,52,CA
2774,person_2774,69,AU
2775,person_2775,32,US
2776,person_2776,63,IN
2777,person_2777,49,SG
2778,person_2778,20,FR
2779,person_2779,33,GB
2780,person_2780,43,GB
2781,person_2781,69,US
2782,person_2782,34,AU
2783,person_2783,55,FR
2784,person_2784,51,US
2785,person_2785,51,IN
2786,person_2786,60,IN
2787,person_2787,74,GB
2788,person_2788,53,NG
2789,person_2789,70,GB
2790,person_2790,48,FR
2791,person_2791,71,CA
2792,person_2792,38,SG
2793,person_2793,50,IN
2794,person_2794,56,SG
2795,person_2795,20,GB
2796,person_2796,22,IN
2797,person_2797,69,CA
2798,person_2798,60,AU
2799,person_2799,55,CA
2800,person_2800,48,BR
2801,person_2801,68,SG
2802,person_2802,50,US
2803,person_2803,22,DE
2804,person_2804,18,BR
2805,person_2805,55,NG
2806,person_2806,67,US
2807,person_2807,61,AU
2808,person_2808,75,FR
2809,person_2809,66,FR
2810,person_2810,19,SG
2811,person_2811,34,SG
2812,person_2812,64,SG
2813,person_2813,22,NG
2814,person_2814,18,US
2815,person_2815,31,FR
2816,person_2816,62,US
2817,person_2817,63,AU
2818,person_2818,24,GB
2819,person_2819,51,DE
2820,person_2820,40,BR
2821,person_2821,66,DE
2822,person_2822,64,FR
2823,person_2823,63,DE
2824,person_2824,45,US
2825,person_2825,57,GB
2826,person_2826,61,BR
2827,person_2827,39,NG
2828,person_2828,74,US
2829,person_2829,42,IN
2830,person_2830,65,SG
2831,person_2831,73,FR
2832,person_2832,40,SG
2833,person_2833,22,SG
2834,person_2834,30,GB
2835,person_2835,42,US
2836,person_2836,67,SG
2837,person_2837,56,FR
2838,person_2838,62,SG
2839,person_2839,25,IN
2840,person_2840,60,US
2841,person_2841,33,SG
2842,person_2842,39,IN
2843,person_2843,61,BR
2844,person_2844,24,AU
2845,person_2845,21,FR
2846,person_2846,73,NG
2847,person_2847,22,US
2848,person_2848,19,US
2849,person_2849,45,IN
2850,person_2850,63,AU
2851,person_2851,48,NG
2852,person_2852,26,SG
2853,person_2853,55,AU
2854,person_2854,18,CA
2855,person_2855,41,BR
2856,person_2856,42,BR
2857,person_2857,20,CA
2858,person_2858,26,NG
2859,person_2859,56,SG
2860,person_2860,33,AU
2861,person_2861,55,GB
2862,person_2862,21,BR
2863,person_2863,39,SG
2864,person_2864,29,FR
2865,person_2865,20,NG
2866,person_2866,37,BR
2867,person_2867,65,DE
2868,person_2868,42,FR
2869,person_2869,64,IN
2870,person_2870,70,FR
2871,person_2871,40,BR
2872,person_2872,58,GB
2873,person_2873,41,IN
2874,person_2874,28,IN
2875,person_2875,26,GB
2876,person_2876,24,SG
2877,person_2877,46,CA
2878,person_2878,50,FR
2879,person_2879,36,US
2880,person_2880,48,CA
2881,person_2881,20,DE
2882,person_2882,68,AU
2883,person_2883,61,CA
2884,person_2884,75,SG
2885,person_2885,29,IN
2886,person_2886,54,FR
2887,person_2887,47,CA
2888,person_2888,20,FR
2889,person_2889,38,US
2890,person_2890,31,SG
2891,person_2891,33,GB
2892,person_2892,75,US
2893,person_2893,32,SG
2894,person_2894,52,GB
2895,person_2895,21,AU
2896,person_2896,40,US
2897,person_2897,65,NG
2898,person_2898,68,SG
2899,person_2899,43,IN
2900,person_2900,20,IN
2901,person_2901,50,BR
2902,person_2902,22,FR
2903,person_2903,25,FR
2904,person_2904,21,CA
2905,person_2905,31,SG
2906,person_2906,75,BR
2907,person_2907,62,AU
2908,person_2908,49,IN
2909,person_2909,29,CA
2910,person_2910,25,GB
2911,person_2911,50,SG
2912,person_2912,61,BR
2913,person_2913,22,GB
2914,person_2914,36,GB
2915,person_2915,72,IN
2916,person_2916,61,SG
2917,person_2917,43,US
2918,person_2918,43,GB
2919,person_2919,26,DE
2920,person_2920,58,US
2921,person_2921,73,AU
2922,person_2922,72,FR
2923,person_2923,40,FR
2924,person_2924,29,IN
2925,person_2925,68,AU
2926,person_2926,30,GB
2927,person_2927,36,US
2928,person_2928,41,SG
2929,person_2929,21,DE
2930,person_2930,37,SG
2931,person_2931,63,NG
2932,person_2932,49,SG
2933,person_2933,45,IN
2934,person_2934,62,AU
2935,person_2935,67,NG
2936,person_2936,44,DE
2937,person_2937,44,SG
2938,person_2938,71,CA
2939,person_2939,44,US
2940,person_2940,71,FR
2941,person_2941,61,AU
2942,person_2942,69,NG
2943,person_2943,32,US
2944,person_2944,43,DE
2945,person_2945,40,CA
2946,person_2946,67,NG
2947,person_2947,25,DE
2948,person_2948,68,CA
2949,person_2949,73,IN
2950,person_2950,40,SG
2951,person_2951,56,SG
2952,person_2952,70,DE
2953,person_2953,38,GB
2954,person_2954,62,CA
2955,person_2955,46,IN
2956,person_2956,40,US
2957,person_2957,70,US
2958,person_2958,67,GB
2959,person_2959,74,BR
2960,person_2960,19,NG
2961,person_2961,71,NG
2962,person_2962,37,FR
2963,person_2963,38,US
2964,person_2964,64,BR
2965,person_2965,48,DE
2966,person_2966,59,US
2967,person_2967,67,BR
2968,person_2968,26,CA
2969,person_2969,31,CA
2970,person_2970,59,DE
2971,person_2971,39,BR
2972,person_2972,68,US
2973,person_2973,75,GB
2974,person_2974,38,AU
2975,person_2975,61,CA
2976,person_2976,28,FR
2977,person_2977,35,FR
2978,person_2978,63,BR
2979,person_2979,53,CA
2980,person_2980,27,IN
2981,person_2981,57,SG
2982,person_2982,34,GB
2983,person_2983,47,AU
2984,person_2984,30,NG
2985,person_2985,57,DE
2986,person_2986,48,DE
2987,person_2987,31,BR
2988,person_2988,51,GB
2989,person_2989,72,US
2990,person_2990,28,CA
2991,person_2991,19,DE
2992,person_2992,45,DE
2993,person_2993,67,BR
2994,person_2994,23,FR
2995,person_2995,46,US
2996,person_2996,68,DE
2997,person_2997,55,NG
2998,person_2998,51,CA
2999,person_2999,44,IN
3000,person_3000,56,IN
3001,person_3001,52,BR
3002,person_3002,18,BR
3003,person_3003,32,IN
3004,person_3004,62,AU
3005,person_3005,36,US
3006,person_3006,49,GB
3007,person_3007,24,CA
3008,person_3008,63,DE
3009,person_3009,30,NG
3010,person_3010,42,IN
3011,person_3011,18,NG
3012,person_3012,64,DE
3013,person_3013,48,CA
3014,person_3014,44,DE
3015,person_3015,41,BR
3016,person_3016,45,DE
3017,person_3017,72,BR
3018,person_3018,34,US
3019,person_3019,69,SG
3020,person_3020,61,SG
3021,person_3021,41,NG
3022,person_3022,54,SG
3023,person_3023,44,IN
3024,person_3024,48,GB
3025,person_3025,27,SG
3026,person_3026,55,IN
3027,person_3027,50,NG
3028,person_3028,55,GB
3029,person_3029,20,CA
3030,person_3030,64,GB
3031,person_3031,22,IN
3032,person_3032,28,NG
3033,person_3033,27,GB
3034,person_3034,33,CA
3035,person_3035,54,US
3036,person_3036,74,US
3037,person_3037,59,DE
3038,person_3038,69,SG
3039,person_3039,52,IN
3040,person_3040,44,NG
3041,person_3041,60,SG
3042,person_3042,24,GB
3043,person_3043,62,FR
3044,person_3044,70,FR
3045,person_3045,33,AU
3046,person_3046,42,SG
3047,person_3047,61,DE
3048,person_3048,65,DE
3049,person_3049,30,DE
3050,person_3050,56,US
3051,person_3051,44,NG
3052,person_3052,21,DE
3053,person_3053,54,GB
3054,person_3054,23,BR
3055,person_3055,18,DE
3056,person_3056,46,FR
3057,person_3057,24,CA
3058,person_3058,52,BR
3059,person_3059,43,IN
3060,person_3060,18,AU
3061,person_3061,34,BR
3062,person_3062,27,BR
3063,person_3063,51,NG
3064,person_3064,75,GB
3065,person_3065,61,IN
3066,person_3066,23,DE
3067,person_3067,51,AU
3068,person_3068,34,NG
3069,person_3069,40,AU
3070,person_3070,52,IN
3071,person_3071,26,DE
3072,person_3072,45,BR
3073,person_3073,73,FR
3074,person_3074,65,DE
3075,person_3075,27,GB
3076,person_3076,37,DE
3077,person_3077,26,FR
3078,person_3078,35,CA
3079,person_3079,27,SG
3080,person_3080,36,BR
3081,person_3081,34,BR
3082,person_3082,31,GB
3083,person_3083,55,DE
3084,person_3084,56,AU
3085,person_3085,41,DE
3086,person_3086,59,SG
3087,person_3087,48,BR
3088,person_3088,69,SG
3089,person_3089,65,GB
3090,person_3090,60,US
3091,person_3091,19,BR
3092,person_3092,51,US
3093,person_3093,44,NG
3094,person_3094,71,AU
3095,person_3095,60,CA
3096,person_3096,25,AU
3097,person_3097,30,NG
3098,person_3098,56,US
3099,person_3099,54,US
3100,person_3100,21,NG
3101,person_3101,67,FR
3102,person_3102,75,CA
3103,person_3103,56,US
3104,person_3104,19,SG
3105,person_3105,62,IN
3106,person_3106,53,GB
3107,person_3107,34,NG
3108,person_3108,63,DE
3109,person_3109,26,IN
3110,person_3110,60,FR
3111,person_3111,47,BR
3112,person_3112,66,NG
3113,person_3113,24,CA
3114,person_3114,36,FR
3115,person_3115,24,DE
3116,person_3116,18,DE
3117,person_3117,30,CA
3118,person_3118,27,CA
3119,person_3119,34,CA
3120,person_3120,64,NG
3121,person_3121,27,IN
3122,person_3122,54,CA
3123,person_3123,34,US
3124,person_3124,39,DE
3125,person_3125,61,NG
3126,person_3126,55,AU
3127,person_3127,46,US
3128,person_3128,69,FR
3129,person_3129,28,US
3130,person_3130,34,IN
3131,person_3131,69,DE
3132,person_3132,48,US
3133,person_3133,55,DE
3134,person_3134,51,CA
3135,person_3135,45,IN
3136,person_3136,55,CA
3137,person_3137,75,BR
3138,person_3138,53,GB
3139,person_3139,54,FR
3140,person_3140,50,SG
3141,person_3141,29,IN
3142,person_3142,62,FR
3143,person_3143,29,BR
3144,person_3144,31,GB
3145,person_3145,40,AU
3146,person_3146,28,NG
3147,person_3147,59,SG
3148,person_3148,69,DE
3149,person_3149,19,US
3150,person_3150,70,FR
3151,person_3151,40,AU
3152,person_3152,27,DE
3153,person_3153,19,IN
3154,person_3154,40,NG
3155,person_3155,67,BR
3156,person_3156,69,AU
3157,person_3157,75,NG
3158,person_3158,55,AU
3159,person_3159,37,NG
3160,person_3160,60,DE
3161,person_3161,49,NG
3162,person_3162,59,BR
3163,person_3163,49,AU
3164,person_3164,31,GB
3165,person_3165,29,US
3166,person_3166,30,SG
3167,person_3167,51,NG
3168,person_3168,41,GB
3169,person_3169,68,CA
3170,person_3170,69,CA
3171,person_3171,28,GB
3172,person_3172,34,DE
3173,person_3173,60,NG
3174,person_3174,35,IN
3175,person_3175,31,FR
3176,person_3176,59,US
3177,person_3177,44,AU
3178,person_3178,60,AU
3179,person_3179,60,SG
3180,person_3180,49,DE
3181,person_3181,61,GB
3182,person_3182,64,DE
3183,person_3183,61,CA
3184,person_3184,57,GB
3185,person_3185,29,FR
3186,person_3186,58,BR
3187,person_3187,50,NG
3188,person_3188,24,CA
3189,person_3189,52,NG
3190,person_3190,55,AU
3191,person_3191,54,NG
3192,person_3192,68,CA
3193,person_3193,21,CA
3194,person_3194,57,SG
3195,person_3195,33,IN
3196,person_3196,59,US
3197,person_3197,31,BR
3198,person_3198,23,AU
3199,person_3199,47,IN
3200,person_3200,73,NG
3201,person_3201,18,IN
3202,person_3202,69,AU
3203,person_3203,51,GB
3204,person_3204,73,AU
3205,person_3205,22,AU
3206,person_3206,75,NG
3207,person_3207,37,SG
3208,person_3208,25,AU
3209,person_3209,71,BR
3210,person_3210,19,NG
3211,person_3211,71,IN
3212,person_3212,62,US
3213,person_3213,36,US
3214,person_3214,44,CA
3215,person_3215,25,CA
3216,person_3216,57,IN
3217,person_3217,22,DE
3218,person_3218,30,FR
3219,person_3219,38,US
3220,person_3220,22,US
3221,person_3221,25,US
3222,person_3222,22,CA
3223,person_3223,37,SG
3224,person_3224,73,AU
3225,person_3225,33,BR
3226,person_3226,24,AU
3227,person_3227,60,FR
3228,person_3228,45,BR
3229,person_3229,37,CA
3230,person_3230,24,US
3231,person_3231,22,BR
3232,person_3232,54,IN
3233,person_3233,41,SG
3234,person_3234,56,GB
3235,person_3235,64,SG
3236,person_3236,68,IN
3237,person_3237,54,BR
3238,person_3238,50,FR
3239,person_3239,28,CA
3240,person_3240,31,IN
3241,person_3241,45,CA
3242,person_3242,71,GB
3243,person_3243,39,US
3244,person_3244,21,NG
3245,person_3245,73,CA
3246,person_3246,66,NG
3247,person_3247,72,BR
3248,person_3248,57,IN
3249,person_3249,26,SG
3250,person_3250,74,FR
3251,person_3251,30,CA
3252,person_3252,27,SG
3253,person_3253,71,CA
3254,person_3254,26,DE
3255,person_3255,36,DE
3256,person_3256,52,FR
3257,person_3257,63,GB
3258,person_3258,39,GB
3259,person_3259,18,GB
3260,person_3260,68,NG
3261,person_3261,20,IN
3262,person_3262,70,DE
3263,person_3263,75,DE
3264,person_3264,63,GB
3265,person_3265,35,IN
3266,person_3266,45,FR
3267,person_3267,38,SG
3268,person_3268,54,BR
3269,person_3269,66,FR
3270,person_3270,22,SG
3271,person_3271,56,AU
3272,person_3272,69,AU
3273,person_3273,65,FR
3274,person_3274,56,CA
3275,person_3275,59,AU
3276,person_3276,66,FR
3277,person_3277,41,US
3278,person_3278,55,US
3279,person_3279,63,GB
3280,person_3280,49,NG
3281,person_3281,54,IN
3282,person_3282,26,FR
3283,person_3283,53,FR
3284,person_3284,35,BR
3285,person_3285,62,CA
3286,person_3286,67,AU
3287,person_3287,44,AU
3288,person_3288,24,SG
3289,person_3289,54,AU
3290,person_3290,73,DE
3291,person_3291,65,DE
3292,person_3292,27,AU
3293,person_3293,66,DE
3294,person_3294,42,SG
3295,person_3295,71,CA
3296,person_3296,44,IN
3297,person_3297,69,SG
3298,person_3298,29,DE
3299,person_3299,52,IN
3300,person_3300,32,NG
3301,person_3301,70,IN
3302,person_3302,59,NG
3303,person_3303,55,US
3304,person_3304,22,GB
3305,person_3305,71,SG
3306,person_3306,36,AU
3307,person_3307,44,BR
3308,person_3308,52,DE
3309,person_3309,39,GB
3310,person_3310,29,GB
3311,person_3311,41,US
3312,person_3312,73,SG
3313,person_3313,34,DE
3314,person_3314,62,GB
3315,person_3315,37,CA
3316,person_3316,20,AU
3317,person_3317,27,GB
3318,person_3318,71,CA
3319,person_3319,63,BR
3320,person_3320,26,FR
3321,person_3321,66,SG
3322,person_3322,73,BR
3323,person_3323,24,NG
3324,person_3324,75,IN
3325,person_3325,40,GB
3326,person_3326,67,FR
3327,person_3327,61,US
3328,person_3328,62,GB
3329,person_3329,55,SG
3330,person_3330,61,SG
3331,person_3331,23,SG
3332,person_3332,31,NG
3333,person_3333,21,DE
3334,person_3334,70,CA
3335,person_3335,36,BR
3336,person_3336,73,SG
3337,person_3337,25,AU
3338,person_3338,29,US
3339,person_3339,58,AU
3340,person_3340,25,IN
3341,person_3341,49,FR
3342,person_3342,49,NG
3343,person_3343,51,DE
3344,person_3344,56,IN
3345,person_3345,45,CA
3346,person_3346,60,US
3347,person_3347,48,BR
3348,person_3348,24,CA
3349,person_3349,29,DE
3350,person_3350,59,IN
3351,person_3351,35,AU
3352,person_3352,25,DE
3353,person_3353,28,AU
3354,person_3354,72,CA
3355,person_3355,63,IN
3356,person_3356,36,BR
3357,person_3357,41,US
3358,person_3358,56,CA
3359,person_3359,37,GB
3360,person_3360,41,FR
3361,person_3361,37,AU
3362,person_3362,31,IN
3363,person_3363,67,AU
3364,person_3364,52,NG
3365,person_3365,45,GB
3366,person_3366,54,BR
3367,person_3367,75,BR
3368,person_3368,54,NG
3369,person_3369,23,GB
3370,person_3370,21,CA
3371,person_3371,18,CA
3372,person_3372,72,NG
3373,person_3373,75,AU
3374,person_3374,54,GB
3375,person_3375,20,FR
3376,person_3376,66,AU
3377,person_3377,32,FR
3378,person_3378,74,AU
3379,person_3379,52,CA
3380,person_3380,70,FR
3381,person_3381,37,FR
3382,person_3382,48,BR
3383,person_3383,54,IN
3384,person_3384,35,US
3385,person_3385,73,NG
3386,person_3386,74,AU
3387,person_3387,67,NG
3388,person_3388,64,FR
3389,person_3389,26,FR
3390,person_3390,30,IN
3391,person_3391,47,NG
3392,person_3392,27,NG
3393,person_3393,47,DE
3394,person_3394,69,CA
3395,person_3395,59,DE
3396,person_3396,30,SG
3397,person_3397,47,IN
3398,person_3398,74,SG
3399,person_3399,75,FR
3400,person_3400,75,BR
3401,person_3401,40,US
3402,person_3402,75,FR
3403,person_3403,51,IN
3404,person_3404,39,DE
3405,person_3405,44,NG
3406,person_3406,46,CA
3407,person_3407,25,US
3408,person_3408,41,NG
3409,person_3409,24,FR
3410,person_3410,41,BR
3411,person_3411,49,BR
3412,person_3412,61,DE
3413,person_3413,43,AU
3414,person_3414,25,IN
3415,person_3415,60,NG
3416,person_3416,68,FR
3417,person_3417,73,FR
3418,person_3418,31,CA
3419,person_3419,52,NG
3420,person_3420,37,IN
3421,person_3421,48,NG
3422,person_3422,62,AU
3423,person_3423,63,BR
3424,person_3424,30,IN
3425,person_3425,35,IN
3426,person_3426,23,SG
3427,person_3427,46,SG
3428,person_3428,26,NG
3429,person_3429,55,BR
3430,person_3430,25,NG
3431,person_3431,57,US
3432,person_3432,64,IN
3433,person_3433,64,FR
3434,person_3434,29,CA
3435,person_3435,22,NG
3436,person_3436,38,GB
3437,person_3437,42,AU
3438,person_3438,60,FR
3439,person_3439,47,CA
3440,person_3440,31,IN
3441,person_3441,47,AU
3442,person_3442,53,CA
3443,person_3443,61,IN
3444,person_3444,48,CA
3445,person_3445,31,IN
3446,person_3446,53,SG
3447,person_3447,73,AU
3448,person_3448,61,BR
3449,person_3449,44,NG
3450,person_3450,43,US
3451,person_3451,60,BR
3452,person_3452,55,SG
3453,person_3453,70,FR
3454,person_3454,50,BR
3455,person_3455,49,IN
3456,person_3456,66,SG
3457,person_3457,27,GB
3458,person_3458,51,AU
3459,person_3459,75,US
3460,person_3460,54,AU
3461,person_3461,42,CA
3462,person_3462,26,DE
3463,person_3463,69,DE
3464,person_3464,28,US
3465,person_3465,59,AU
3466,person_3466,71,AU
3467,person_3467,31,BR
3468,person_3468,63,BR
3469,person_3469,61,CA
3470,person_3470,63,NG
3471,person_3471,39,CA
3472,person_3472,42,NG
3473,person_3473,23,CA
3474,person_3474,20,BR
3475,person_3475,41,DE
3476,person_3476,37,NG
3477,person_3477,61,FR
3478,person_3478,41,US
3479,person_3479,71,CA
3480,person_3480,38,GB
3481,person_3481,33,SG
3482,person_3482,29,SG
3483,person_3483,74,SG
3484,person_3484,54,IN
3485,person_3485,27,AU
3486,person_3486,70,DE
3487,person_3487,20,NG
3488,person_3488,32,NG
3489,person_3489,41,SG
3490,person_3490,66,FR
3491,person_3491,35,CA
3492,person_3492,70,NG
3493,person_3493,24,CA
3494,person_3494,66,SG
3495,person_3495,18,AU
3496,person_3496,54,US
3497,person_3497,29,CA
3498,person_3498,59,NG
3499,person_3499,57,NG
3500,person_3500,66,BR
3501,person_3501,67,CA
3502,person_3502,55,IN
3503,person_3503,60,DE
3504,person_3504,18,FR
3505,person_3505,48,DE
3506,person_3506,55,NG
3507,person_3507,52,DE
3508,person_3508,52,IN
3509,person_3509,25,SG
3510,person_3510,32,FR
3511,person_3511,50,AU
3512,person_3512,47,BR
3513,person_3513,37,GB
3514,person_3514,75,CA
3515,person_3515,65,BR
3516,person_3516,22,DE
3517,person_3517,27,DE
3518,person_3518,70,BR
3519,person_3519,26,US
3520,person_3520,47,US
3521,person_3521,27,FR
3522,person_3522,29,NG
3523,person_3523,21,NG
3524,person_3524,71,FR
3525,person_3525,64,BR
3526,person_3526,34,AU
3527,person_3527,38,US
3528,person_3528,23,DE
3529,person_3529,44,GB
3530,person_3530,24,NG
3531,person_3531,66,AU
3532,person_3532,64,IN
3533,person_3533,62,GB
3534,person_3534,25,DE
3535,person_3535,26,NG
3536,person_3536,50,SG
3537,person_3537,75,BR
3538,person_3538,57,AU
3539,person_3539,25,AU
3540,person_3540,67,GB
3541,person_3541,72,IN
3542,person_3542,36,CA
3543,person_3543,68,CA
3544,person_3544,57,DE
3545,person_3545,56,FR
3546,person_3546,59,GB
3547,person_3547,32,GB
3548,person_3548,63,NG
3549,person_3549,41,BR
3550,person_3550,37,DE
3551,person_3551,51,FR
3552,person_3552,19,GB
3553,person_3553,60,FR
3554,person_3554,50,AU
3555,person_3555,54,SG
3556,person_3556,57,FR
3557,person_3557,26,BR
3558,person_3558,57,GB
3559,person_3559,31,BR
3560,person_3560,61,AU
3561,person_3561,28,GB
3562,person_3562,55,US
3563,person_3563,53,AU
3564,person_3564,23,GB
3565,person_3565,36,BR
3566,person_3566,43,FR
3567,person_3567,32,DE
3568,person_3568,51,CA
3569,person_3569,22,GB
3570,person_3570,21,IN
3571,person_3571,74,BR
3572,person_3572,19,BR
3573,person_3573,28,BR
3574,person_3574,67,CA
3575,person_3575,44,BR
3576,person_3576,72,SG
3577,person_3577,59,GB
3578,person_3578,58,AU
3579,person_3579,53,CA
3580,person_3580,65,BR
3581,person_3581,75,DE
3582,person_3582,52,CA
3583,person_3583,22,DE
3584,person_3584,69,GB
3585,person_3585,73,NG
3586,person_3586,34,DE
3587,person_3587,64,GB
3588,person_3588,46,IN
3589,person_3589,56,GB
3590,person_3590,44,BR
3591,person_3591,36,AU
3592,person_3592,69,NG
3593,person_3593,35,IN
3594,person_3594,19,US
3595,person_3595,60,FR
3596,person_3596,34,SG
3597,person_3597,47,CA
3598,person_3598,27,GB
3599,person_3599,27,SG
3600,person_3600,51,BR
3601,person_3601,60,IN
3602,person_3602,45,GB
3603,person_3603,51,NG
3604,person_3604,63,NG
3605,person_3605,66,BR
3606,person_3606,48,CA
3607,person_3607,67,SG
3608,person_3608,41,BR
3609,person_3609,66,SG
3610,person_3610,26,SG
3611,person_3611,72,BR
3612,person_3612,31,US
3613,person_3613,65,FR
3614,person_3614,71,BR
3615,person_3615,73,FR
3616,person_3616,69,AU
3617,person_3617,28,IN
3618,person_3618,25,NG
3619,person_3619,59,US
3620,person_3620,61,NG
3621,person_3621,24,DE
3622,person_3622,73,BR
3623,person_3623,47,FR
3624,person_3624,55,DE
3625,person_3625,42,IN
3626,person_3626,46,FR
3627,person_3627,36,FR
3628,person_3628,33,NG
3629,person_3629,51,DE
3630,person_3630,69,SG
3631,person_3631,25,BR
3632,person_3632,23,SG
3633,person_3633,60,BR
3634,person_3634,59,GB
3635,person_3635,56,NG
3636,person_3636,68,CA
3637,person_3637,61,NG
3638,person_3638,43,NG
3639,person_3639,52,US
3640,person_3640,30,AU
3641,person_3641,66,IN
3642,person_3642,28,NG
3643,person_3643,71,GB
3644,person_3644,50,DE
3645,person_3645,32,IN
3646,person_3646,43,CA
3647,person_3647,74,BR
3648,person_3648,19,DE
3649,person_3649,64,BR
3650,person_3650,38,CA
3651,person_3651,36,DE
3652,person_3652,26,GB
3653,person_3653,46,CA
3654,person_3654,34,US
3655,person_3655,64,SG
3656,person_3656,74,NG
3657,person_3657,54,US
3658,person_3658,65,CA
3659,person_3659,22,CA
3660,person_3660,25,CA
3661,person_3661,26,US
3662,person_3662,20,GB
3663,person_3663,31,IN
3664,person_3664,23,US
3665,person_3665,42,DE
3666,person_3666,22,NG
3667,person_3667,61,DE
3668,person_3668,41,BR
3669,person_3669,45,IN
3670,person_3670,36,FR
3671,person_3671,69,NG
3672,person_3672,69,DE
3673,person_3673,20,US
3674,person_3674,73,FR
3675,person_3675,69,BR
3676,person_3676,40,NG
3677,person_3677,40,IN
3678,person_3678,42,IN
3679,person_3679,67,GB
3680,person_3680,62,DE
3681,person_3681,68,NG
3682,person_3682,19,IN
3683,person_3683,43,GB
3684,person_3684,23,GB
3685,person_3685,32,DE
3686,person_3686,26,CA
3687,person_3687,37,AU
3688,person_3688,61,AU
3689,person_3689,50,IN
3690,person_3690,66,NG
3691,person_3691,44,FR
3692,person_3692,60,BR
3693,person_3693,44,IN
3694,person_3694,71,GB
3695,person_3695,52,BR
3696,person_3696,34,AU
3697,person_3697,47,DE
3698,person_3698,62,CA
3699,person_3699,57,DE
3700,person_3700,30,AU
3701,person_3701,75,CA
3702,person_3702,67,SG
3703,person_3703,65,AU
3704,person_3704,46,DE
3705,person_3705,33,AU
3706,person_3706,21,BR
3707,person_3707,26,US
3708,person_3708,47,IN
3709,person_3709,57,FR
3710,person_3710,66,DE
3711,person_3711,41,GB
3712,person_3712,72,BR
3713,person_3713,31,US
3714,person_3714,36,FR
3715,person_3715,30,AU
3716,person_3716,22,DE
3717,person_3717,20,DE
3718,person_3718,28,AU
3719,person_3719,53,BR
3720,person_3720,38,AU
3721,person_3721,46,NG
3722,person_3722,74,SG
3723,person_3723,48,AU
3724,person_3724,24,AU
3725,person_3725,30,CA
3726,person_3726,64,US
3727,person_3727,58,GB
3728,person_3728,54,AU
3729,person_3729,58,US
3730,person_3730,44,CA
3731,person_3731,28,AU
3732,person_3732,60,IN
3733,person_3733,27,CA
3734,person_3734,44,DE
3735,person_3735,22,US
3736,person_3736,63,CA
3737,person_3737,66,US
3738,person_3738,31,BR
3739,person_3739,48,BR
3740,person_3740,48,BR
3741,person_3741,65,US
3742,person_3742,43,FR
3743,person_3743,30,FR
3744,person_3744,35,AU
3745,person_3745,51,DE
3746,person_3746,28,FR
3747,person_3747,72,NG
3748,person_3748,39,IN
3749,person_3749,24,IN
3750,person_3750,50,BR
3751,person_3751,33,DE
3752,person_3752,65,NG
3753,person_3753,35,GB
3754,person_3754,47,BR
3755,person_3755,47,NG
3756,person_3756,68,FR
3757,person_3757,44,AU
3758,person_3758,36,DE
3759,person_3759,35,DE
3760,person_3760,21,SG
3761,person_3761,53,BR
3762,person_3762,49,SG
3763,person_3763,25,FR
3764,person_3764,32,SG
3765,person_3765,52,US
3766,person_3766,51,SG
3767,person_3767,75,BR
3768,person_3768,47,DE
3769,person_3769,24,FR
3770,person_3770,44,DE
3771,person_3771,25,DE
3772,person_3772,51,DE
3773,person_3773,26,GB
3774,person_3774,67,AU
3775,person_3775,71,FR
3776,person_3776,62,IN
3777,person_3777,25,NG
3778,person_3778,56,FR
3779,person_3779,51,FR
3780,person_3780,23,FR
3781,person_3781,50,US
3782,person_3782,22,IN
3783,person_3783,44,SG
3784,person_3784,26,BR
3785,person_3785,57,FR
3786,person_3786,65,NG
3787,person_3787,60,US
3788,person_3788,48,US
3789,person_3789,39,SG
3790,person_3790,34,SG
3791,person_3791,24,US
3792,person_3792,68,US
3793,person_3793,43,FR
3794,person_3794,19,FR
3795,person_3795,50,US
3796,person_3796,32,DE
3797,person_3797,61,SG
3798,person_3798,62,CA
3799,person_3799,36,AU
3800,person_3800,30,SG
3801,person_3801,37,FR
3802,person_3802,46,FR
3803,person_3803,53,BR
3804,person_3804,54,SG
3805,person_3805,28,BR
3806,person_3806,40,FR
3807,person_3807,72,FR
3808,person_3808,30,BR
3809,person_3809,46,DE
3810,person_3810,52,US
3811,person_3811,64,IN
3812,person_3812,63,AU
3813,person_3813,40,CA
3814,person_3814,24,NG
3815,person_3815,53,GB
3816,person_3816,40,SG
3817,person_3817,47,NG
3818,person_3818,46,US
3819,person_3819,53,IN
3820,person_3820,70,SG
3821,person_3821,53,SG
3822,person_3822,28,FR
3823,person_3823,33,IN
3824,person_3824,27,FR
3825,person_3825,30,IN
3826,person_3826,26,FR
3827,person_3827,24,AU
3828,person_3828,63,IN
3829,person_3829,40,GB
3830,person_3830,43,NG
3831,person_3831,19,US
3832,person_3832,53,DE
3833,person_3833,51,NG
3834,person_3834,43,BR
3835,person_3835,31,NG
3836,person_3836,55,BR
3837,person_3837,56,FR
3838,person_3838,63,IN
3839,person_3839,31,NG
3840,person_3840,55,IN
3841,person_3841,33,CA
3842,person_3842,44,IN
3843,person_3843,67,DE
3844,person_3844,61,CA
3845,person_3845,42,FR
3846,person_3846,19,NG
3847,person_3847,61,DE
3848,person_3848,70,IN
3849,person_3849,73,BR
3850,person_3850,40,FR
3851,person_3851,56,US
3852,person_3852,35,US
3853,person_3853,41,CA
3854,person_3854,29,FR
3855,person_3855,74,US
3856,person_3856,18,NG
3857,person_3857,51,DE
3858,person_3858,49,CA
3859,person_3859,71,NG
3860,person_3860,69,DE
3861,person_3861,41,SG
3862,person_3862,24,FR
3863,person_3863,69,CA
3864,person_3864,63,DE
3865,person_3865,44,FR
3866,person_3866,18,NG
3867,person_3867,56,IN
3868,person_3868,71,IN
3869,person_3869,56,IN
3870,person_3870,51,AU
3871,person_3871,71,FR
3872,person_3872,28,DE
3873,person_3873,52,DE
3874,person_3874,41,GB
3875,person_3875,71,US
3876,person_3876,23,AU
3877,person_3877,47,US
3878,person_3878,51,CA
3879,person_3879,52,AU
3880,person_3880,29,DE
3881,person_3881,69,SG
3882,person_3882,33,AU
3883,person_3883,49,AU
3884,person_3884,46,BR
3885,person_3885,71,AU
3886,person_3886,37,GB
3887,person_3887,41,GB
3888,person_3888,67,DE
3889,person_3889,42,NG
3890,person_3890,51,CA
3891,person_3891,63,BR
3892,person_3892,38,US
3893,person_3893,22,FR
3894,person_3894,65,US
3895,person_3895,74,FR
3896,person_3896,30,GB
3897,person_3897,44,IN
3898,person_3898,44,US
3899,person_3899,24,NG
3900,person_3900,60,SG
3901,person_3901,58,SG
3902,person_3902,28,SG
3903,person_3903,27,FR
3904,person_3904,68,GB
3905,person_3905,58,US
3906,person_3906,24,CA
3907,person_3907,66,AU
3908,person_3908,23,US
3909,person_3909,57,AU
3910,person_3910,19,AU
3911,person_3911,50,DE
3912,person_3912,36,NG
3913,person_3913,18,DE
3914,person_3914,23,IN
3915,person_3915,61,IN
3916,person_3916,74,NG
3917,person_3917,59,AU
3918,person_3918,51,AU
3919,person_3919,23,FR
3920,person_3920,63,DE
3921,person_3921,63,SG
3922,person_3922,18,CA
3923,person_3923,65,CA
3924,person_3924,56,GB
3925,person_3925,75,CA
3926,person_3926,49,US
3927,person_3927,59,DE
3928,person_3928,19,CA
3929,person_3929,24,GB
3930,person_3930,39,US
3931,person_3931,21,BR
3932,person_3932,56,AU
3933,person_3933,74,SG
3934,person_3934,44,IN
3935,person_3935,57,CA
3936,person_3936,56,IN
3937,person_3937,39,SG
3938,person_3938,47,DE
3939,person_3939,36,NG
3940,person_3940,38,BR
3941,person_3941,56,US
3942,person_3942,34,AU
3943,person_3943,64,DE
3944,person_3944,45,BR
3945,person_3945,48,IN
3946,person_3946,40,US
3947,person_3947,20,BR
3948,person_3948,29,CA
3949,person_3949,49,NG
3950,person_3950,33,GB
3951,person_3951,53,US
3952,person_3952,73,GB
3953,person_3953,29,SG
3954,person_3954,28,SG
3955,person_3955,56,DE
3956,person_3956,18,NG
3957,person_3957,46,BR
3958,person_3958,23,DE
3959,person_3959,23,AU
3960,person_3960,60,BR
3961,person_3961,51,NG
3962,person_3962,62,NG
3963,person_3963,59,GB
3964,person_3964,25,SG
3965,person_3965,65,CA
3966,person_3966,21,SG
3967,person_3967,57,BR
3968,person_3968,74,GB
3969,person_3969,33,CA
3970,person_3970,40,AU
3971,person_3971,45,DE
3972,person_3972,49,NG
3973,person_3973,43,CA
3974,person_3974,58,IN
3975,person_3975,45,SG
3976,person_3976,27,NG
3977,person_3977,33,IN
3978,person_3978,75,CA
3979,person_3979,74,BR
3980,person_3980,55,NG
3981,person_3981,46,FR
3982,person_3982,49,AU
3983,person_3983,39,DE
3984,person_3984,70,GB
3985,person_3985,46,GB
3986,person_3986,64,CA
3987,person_3987,66,GB
3988,person_3988,26,NG
3989,person_3989,51,CA
3990,person_3990,51,DE
3991,person_3991,35,GB
3992,person_3992,44,NG
3993,person_3993,37,SG
3994,person_3994,65,BR
3995,person_3995,31,NG
3996,person_3996,50,US
3997,person_3997,18,IN
3998,person_3998,74,FR
3999,person_3999,54,FR
4000,person_4000,27,US
4001,person_4001,63,BR
4002,person_4002,58,IN
4003,person_4003,41,FR
4004,person_4004,33,US
4005,person_4005,61,FR
4006,person_4006,41,FR
4007,person_4007,75,AU
4008,person_4008,70,GB
4009,person_4009,57,GB
4010,person_4010,20,AU
4011,person_4011,34,AU
4012,person_4012,18,FR
4013,person_4013,29,CA
4014,person_4014,43,FR
4015,person_4015,58,DE
4016,person_4016,49,US
4017,person_4017,43,AU
4018,person_4018,57,DE
4019,person_4019,54,NG
4020,person_4020,49,BR
4021,person_4021,74,NG
4022,person_4022,43,FR
4023,person_4023,61,US
4024,person_4024,41,AU
4025,person_4025,51,SG
4026,person_4026,32,US
4027,person_4027,32,BR
4028,person_4028,71,BR
4029,person_4029,53,BR
4030,person_4030,33,NG
4031,person_4031,40,NG
4032,person_4032,25,FR
4033,person_4033,53,SG
4034,person_4034,41,GB
4035,person_4035,32,SG
4036,person_4036,43,NG
4037,person_4037,42,DE
4038,person_4038,70,CA
4039,person_4039,45,FR
4040,person_4040,65,CA
4041,person_4041,33,NG
4042,person_4042,56,DE
4043,person_4043,27,AU
4044,person_4044,55,GB
4045,person_4045,60,BR
4046,person_4046,62,AU
4047,person_4047,60,BR
4048,person_4048,20,GB
4049,person_4049,25,FR
4050,person_4050,32,US
4051,person_4051,45,CA
4052,person_4052,65,DE
4053,person_4053,44,IN
4054,person_4054,45,CA
4055,person_4055,45,CA
4056,person_4056,69,GB
4057,person_4057,35,DE
4058,person_4058,57,DE
4059,person_4059,21,DE
4060,person_4060,30,FR
4061,person_4061,62,NG
4062,person_4062,57,NG
4063,person_4063,68,DE
4064,person_4064,42,DE
4065,person_4065,20,US
4066,person_4066,50,AU
4067,person_4067,26,FR
4068,person_4068,51,DE
4069,person_4069,40,DE
4070,person_4070,35,SG
4071,person_4071,39,NG
4072,person_4072,54,FR
4073,person_4073,36,US
4074,person_4074,72,GB
4075,person_4075,38,FR
4076,person_4076,34,NG
4077,person_4077,30,FR
4078,person_4078,30,IN
4079,person_4079,65,SG
4080,person_4080,51,BR
4081,person_4081,46,BR
4082,person_4082,23,GB
4083,person_4083,18,GB
4084,person_4084,73,NG
4085,person_4085,54,BR
4086,person_4086,24,GB
4087,person_4087,36,FR
4088,person_4088,48,DE
4089,person_4089,70,FR
4090,person_4090,43,IN
4091,person_4091,30,GB
4092,person_4092,31,BR
4093,person_4093,66,AU
4094,person_4094,67,IN
4095,person_4095,71,DE
4096,person_4096,62,FR
4097,person_4097,46,IN
4098,person_4098,41,US
4099,person_4099,18,IN
4100,person_4100,67,BR
4101,person_4101,53,IN
4102,person_4102,39,FR
4103,person_4103,38,GB
4104,person_4104,65,AU
4105,person_4105,34,NG
4106,person_4106,48,US
4107,person_4107,68,FR
4108,person_4108,26,GB
4109,person_4109,33,GB
4110,person_4110,25,BR
4111,person_4111,74,NG
4112,person_4112,47,FR
4113,person_4113,62,US
4114,person_4114,41,SG
4115,person_4115,54,NG
4116,person_4116,67,BR
4117,person_4117,28,GB
4118,person_4118,36,BR
4119,person_4119,30,GB
4120,person_4120,72,BR
4121,person_4121,39,FR
4122,person_4122,20,AU
4123,person_4123,62,AU
4124,person_4124,60,BR
4125,person_4125,45,AU
4126,person_4126,30,BR
4127,person_4127,28,IN
4128,person_4128,56,IN
4129,person_4129,54,FR
4130,person_4130,23,DE
4131,person_4131,67,GB
4132,person_4132,63,IN
4133,person_4133,37,AU
4134,person_4134,66,GB
4135,person_4135,70,IN
4136,person_4136,44,AU
4137,person_4137,64,FR
4138,person_4138,19,GB
4139,person_4139,33,IN
4140,person_4140,39,BR
4141,person_4141,26,AU
4142,person_4142,72,SG
4143,person_4143,66,AU
4144,person_4144,75,SG
4145,person_4145,54,GB
4146,person_4146,55,CA
4147,person_4147,21,CA
4148,person_4148,47,BR
4149,person_4149,75,GB
4150,person_4150,72,US
4151,person_4151,50,CA
4152,person_4152,47,FR
4153,person_4153,34,DE
4154,person_4154,73,NG
4155,person_4155,67,FR
4156,person_4156,60,DE
4157,person_4157,55,CA
4158,person_4158,46,DE
4159,person_4159,69,SG
4160,person_4160,68,DE
4161,person_4161,36,SG
4162,person_4162,50,CA
4163,person_4163,42,IN
4164,person_4164,45,FR
4165,person_4165,67,GB
4166,person_4166,58,BR
4167,person_4167,37,SG
4168,person_4168,75,DE
4169,person_4169,43,FR
4170,person_4170,19,SG
4171,person_4171,43,BR
4172,person_4172,45,BR
4173,person_4173,21,CA
4174,person_4174,63,SG
4175,person_4175,23,SG
4176,person_4176,63,IN
4177,person_4177,69,BR
4178,person_4178,30,NG
4179,person_4179,24,BR
4180,person_4180,72,NG
4181,person_4181,74,SG
4182,person_4182,39,IN
4183,person_4183,42,BR
4184,person_4184,34,FR
4185,person_4185,48,CA
4186,person_4186,43,BR
4187,person_4187,33,GB
4188,person_4188,55,SG
4189,person_4189,71,CA
4190,person_4190,43,GB
4191,person_4191,54,GB
4192,person_4192,62,IN
4193,person_4193,67,CA
4194,person_4194,66,AU
4195,person_4195,30,AU
4196,person_4196,19,FR
4197,person_4197,73,SG
4198,person_4198,53,SG
4199,person_4199,53,FR
4200,person_4200,62,IN
4201,person_4201,59,CA
4202,person_4202,46,SG
4203,person_4203,35,AU
4204,person_4204,65,BR
4205,person_4205,66,US
4206,person_4206,34,BR
4207,person_4207,18,BR
4208,person_4208,20,GB
4209,person_4209,25,DE
4210,person_4210,54,DE
4211,person_4211,47,GB
4212,person_4212,54,BR
4213,person_4213,44,IN
4214,person_4214,53,FR
4215,person_4215,26,IN
4216,person_4216,18,GB
4217,person_4217,20,FR
4218,person_4218,54,SG
4219,person_4219,40,IN
4220,person_4220,27,AU
4221,person_4221,27,SG
4222,person_4222,34,FR
4223,person_4223,22,SG
4224,person_4224,25,FR
4225,person_4225,22,US
4226,person_4226,18,NG
4227,person_4227,70,FR
4228,person_4228,60,AU
4229,person_4229,46,NG
4230,person_4230,62,SG
4231,person_4231,56,BR
4232,person_4232,21,AU
4233,person_4233,61,IN
4234,person_4234,23,US
4235,person_4235,62,US
4236,person_4236,32,GB
4237,person_4237,51,IN
4238,person_4238,53,CA
4239,person_4239,46,IN
4240,person_4240,44,BR
4241,person_4241,41,GB
4242,person_4242,55,NG
4243,person_4243,71,BR
4244,person_4244,42,BR
4245,person_4245,29,BR
4246,person_4246,45,GB
4247,person_4247,26,IN
4248,person_4248,33,BR
4249,person_4249,72,NG
4250,person_4250,67,NG
4251,person_4251,70,FR
4252,person_4252,73,NG
4253,person_4253,29,FR
4254,person_4254,68,GB
4255,person_4255,49,SG
4256,person_4256,38,NG
4257,person_4257,24,CA
4258,person_4258,27,IN
4259,person_4259,71,US
4260,person_4260,57,IN
4261,person_4261,33,NG
4262,person_4262,18,BR
4263,person_4263,49,FR
4264,person_4264,74,DE
4265,person_4265,32,DE
4266,person_4266,33,CA
4267,person_4267,24,US
4268,person_4268,67,NG
4269,person_4269,45,US
4270,person_4270,50,GB
4271,person_4271,47,GB
4272,person_4272,30,BR
4273,person_4273,64,AU
4274,person_4274,21,FR
4275,person_4275,54,FR
4276,person_4276,35,BR
4277,person_4277,35,IN
4278,person_4278,65,BR
4279,person_4279,46,AU
4280,person_4280,60,FR
4281,person_4281,50,IN
4282,person_4282,42,GB
4283,person_4283,68,IN
4284,person_4284,62,AU
4285,person_4285,46,CA
4286,person_4286,47,IN
4287,person_4287,57,SG
4288,person_4288,43,GB
4289,person_4289,19,IN
4290,person_4290,26,DE
4291,person_4291,58,AU
4292,person_4292,18,GB
4293,person_4293,67,AU
4294,person_4294,55,DE
4295,person_4295,71,FR
4296,person_4296,74,NG
4297,person_4297,41,SG
4298,person_4298,54,DE
4299,person_4299,32,IN
4300,person_4300,47,AU
4301,person_4301,36,GB
4302,person_4302,27,FR
4303,person_4303,63,FR
4304,person_4304,21,BR
4305,person_4305,75,SG
4306,person_4306,43,SG
4307,person_4307,61,GB
4308,person_4308,40,IN
4309,person_4309,58,DE
4310,person_4310,74,NG
4311,person_4311,48,FR
4312,person_4312,74,FR
4313,person_4313,37,GB
4314,person_4314,33,NG
4315,person_4315,42,FR
4316,person_4316,53,AU
4317,person_4317,64,GB
4318,person_4318,20,AU
4319,person_4319,42,IN
4320,person_4320,63,GB
4321,person_4321,69,GB
4322,person_4322,52,CA
4323,person_4323,41,AU
4324,person_4324,40,BR
4325,person_4325,47,CA
4326,person_4326,45,DE
4327,person_4327,27,DE
4328,person_4328,57,IN
4329,person_4329,67,GB
4330,person_4330,48,FR
4331,person_4331,61,NG
4332,person_4332,50,AU
4333,person_4333,48,US
4334,person_4334,18,GB
4335,person_4335,47,NG
4336,person_4336,20,DE
4337,person_4337,34,BR
4338,person_4338,37,AU
4339,person_4339,46,FR
4340,person_4340,74,AU
4341,person_4341,27,SG
4342,person_4342,23,GB
4343,person_4343,47,AU
4344,person_4344,43,GB
4345,person_4345,60,CA
4346,person_4346,41,SG
4347,person_4347,26,US
4348,person_4348,21,GB
4349,person_4349,58,IN
4350,person_4350,52,NG
4351,person_4351,58,NG
4352,person_4352,33,SG
4353,person_4353,23,NG
4354,person_4354,48,AU
4355,person_4355,50,SG
4356,person_4356,39,BR
4357,person_4357,61,IN
4358,person_4358,71,CA
4359,person_4359,66,US
4360,person_4360,58,SG
4361,person_4361,58,BR
4362,person_4362,68,AU
4363,person_4363,72,US
4364,person_4364,32,NG
4365,person_4365,47,NG
4366,person_4366,29,SG
4367,person_4367,43,DE
4368,person_4368,53,BR
4369,person_4369,69,NG
4370,person_4370,43,US
4371,person_4371,40,GB
4372,person_4372,72,FR
4373,person_4373,42,GB
4374,person_4374,68,GB
4375,person_4375,59,US
4376,person_4376,51,US
4377,person_4377,56,AU
4378,person_4378,28,GB
4379,person_4379,39,NG
4380,person_4380,25,US
4381,person_4381,68,BR
4382,person_4382,60,AU
4383,person_4383,27,AU
4384,person_4384,43,SG
4385,person_4385,75,NG
4386,person_4386,31,DE
4387,person_4387,73,BR
4388,person_4388,38,CA
4389,person_4389,52,FR
4390,person_4390,73,US
4391,person_4391,59,SG
4392,person_4392,56,IN
4393,person_4393,74,GB
4394,person_4394,59,DE
4395,person_4395,70,IN
4396,person_4396,25,NG
4397,person_4397,55,NG
4398,person_4398,48,SG
4399,person_4399,74,US
4400,person_4400,49,SG
4401,person_4401,45,DE
4402,person_4402,67,AU
4403,person_4403,72,CA
4404,person_4404,60,IN
4405,person_4405,68,US
4406,person_4406,43,CA
4407,person_4407,21,US
4408,person_4408,73,IN
4409,person_4409,66,SG
4410,person_4410,29,DE
4411,person_4411,51,US
4412,person_4412,19,GB
4413,person_4413,51,GB
4414,person_4414,59,NG
4415,person_4415,63,DE
4416,person_4416,66,IN
4417,person_4417,35,SG
4418,person_4418,53,DE
4419,person_4419,23,GB
4420,person_4420,26,CA
4421,person_4421,50,BR
4422,person_4422,70,IN
4423,person_4423,19,US
4424,person_4424,32,AU
4425,person_4425,19,GB
4426,person_4426,38,IN
4427,person_4427,42,DE
4428,person_4428,69,US
4429,person_4429,41,DE
4430,person_4430,67,IN
4431,person_4431,52,CA
4432,person_4432,56,AU
4433,person_4433,34,DE
4434,person_4434,23,GB
4435,person_4435,32,US
4436,person_4436,18,FR
4437,person_4437,49,SG
4438,person_4438,32,GB
4439,person_4439,37,CA
4440,person_4440,36,CA
4441,person_4441,75,GB
4442,person_4442,58,IN
4443,person_4443,18,BR
4444,person_4444,36,CA
4445,person_4445,69,BR
4446,person_4446,38,GB
4447,person_4447,46,DE
4448,person_4448,67,US
4449,person_4449,28,SG
4450,person_4450,72,DE
4451,person_4451,32,DE
4452,person_4452,31,US
4453,person_4453,53,GB
4454,person_4454,18,BR
4455,person_4455,55,SG
4456,person_4456,74,GB
4457,person_4457,41,CA
4458,person_4458,53,IN
4459,person_4459,55,DE
4460,person_4460,48,IN
4461,person_4461,66,GB
4462,person_4462,22,AU
4463,person_4463,58,BR
4464,person_4464,49,SG
4465,person_4465,55,NG
4466,person_4466,23,NG
4467,person_4467,35,GB
4468,person_4468,59,BR
4469,person_4469,71,SG
4470,person_4470,72,NG
4471,person_4471,70,DE
4472,person_4472,37,AU
4473,person_4473,64,IN
4474,person_4474,24,BR
4475,person_4475,28,CA
4476,person_4476,48,DE
4477,person_4477,42,AU
4478,person_4478,58,FR
4479,person_4479,72,NG
4480,person_4480,38,AU
4481,person_4481,25,AU
4482,person_4482,56,GB
4483,person_4483,37,SG
4484,person_4484,54,NG
4485,person_4485,41,NG
4486,person_4486,55,AU
4487,person_4487,50,IN
4488,person_4488,43,CA
4489,person_4489,39,IN
4490,person_4490,29,GB
4491,person_4491,22,SG
4492,person_4492,23,AU
4493,person_4493,59,GB
4494,person_4494,59,IN
4495,person_4495,74,DE
4496,person_4496,49,CA
4497,person_4497,58,US
4498,person_4498,44,BR
4499,person_4499,55,BR
4500,person_4500,18,CA
4501,person_4501,73,AU
4502,person_4502,57,DE
4503,person_4503,43,GB
4504,person_4504,48,CA
4505,person_4505,35,AU
4506,person_4506,63,CA
4507,person_4507,44,GB
4508,person_4508,69,US
4509,person_4509,35,AU
4510,person_4510,42,BR
4511,person_4511,25,SG
4512,person_4512,45,FR
4513,person_4513,43,GB
4514,person_4514,25,AU
4515,person_4515,44,US
4516,person_4516,33,CA
4517,person_4517,42,GB
4518,person_4518,73,IN
4519,person_4519,65,IN
4520,person_4520,44,BR
4521,person_4521,38,GB
4522,person_4522,71,SG
4523,person_4523,65,IN
4524,person_4524,43,US
4525,person_4525,22,US
4526,person_4526,22,AU
4527,person_4527,26,BR
4528,person_4528,63,GB
4529,person_4529,44,AU
4530,person_4530,31,IN
4531,person_4531,59,SG
4532,person_4532,29,IN
4533,person_4533,61,CA
4534,person_4534,63,IN
4535,person_4535,56,AU
4536,person_4536,45,FR
4537,person_4537,69,GB
4538,person_4538,46,AU
4539,person_4539,75,FR
4540,person_4540,24,FR
4541,person_4541,74,BR
4542,person_4542,25,DE
4543,person_4543,29,GB
4544,person_4544,42,FR
4545,person_4545,32,AU
4546,person_4546,35,CA
4547,person_4547,46,DE
4548,person_4548,44,GB
4549,person_4549,45,DE
4550,person_4550,68,DE
4551,person_4551,21,BR
4552,person_4552,34,IN
4553,person_4553,47,BR
4554,person_4554,75,SG
4555,person_4555,39,IN
4556,person_4556,25,US
4557,person_4557,25,GB
4558,person_4558,50,AU
4559,person_4559,62,CA
4560,person_4560,69,DE
4561,person_4561,23,DE
4562,person_4562,20,BR
4563,person_4563,26,AU
4564,person_4564,43,CA
4565,person_4565,18,US
4566,person_4566,66,AU
4567,person_4567,62,AU
4568,person_4568,35,CA
4569,person_4569,21,AU
4570,person_4570,58,DE
4571,person_4571,36,BR
4572,person_4572,49,CA
4573,person_4573,49,US
4574,person_4574,59,US
4575,person_4575,74,CA
4576,person_4576,38,NG
4577,person_4577,29,BR
4578,person_4578,25,AU
4579,person_4579,21,IN
4580,person_4580,29,CA
4581,person_4581,34,DE
4582,person_4582,53,SG
4583,person_4583,68,NG
4584,person_4584,69,DE
4585,person_4585,44,DE
4586,person_4586,40,DE
4587,person_4587,33,SG
4588,person_4588,18,DE
4589,person_4589,75,BR
4590,person_4590,25,US
4591,person_4591,57,GB
4592,person_4592,43,NG
4593,person_4593,20,SG
4594,person_4594,25,AU
4595,person_4595,24,DE
4596,person_4596,18,FR
4597,person_4597,28,US
4598,person_4598,32,DE
4599,person_4599,67,AU
4600,person_4600,64,IN
4601,person_4601,21,US
4602,person_4602,22,AU
4603,person_4603,64,IN
4604,person_4604,26,GB
4605,person_4605,47,US
4606,person_4606,68,SG
4607,person_4607,69,SG
4608,person_4608,37,CA
4609,person_4609,51,SG
4610,person_4610,61,US
4611,person_4611,35,IN
4612,person_4612,61,IN
4613,person_4613,28,FR
4614,person_4614,38,DE
4615,person_4615,56,NG
4616,person_4616,31,SG
4617,person_4617,66,BR
4618,person_4618,54,GB
4619,person_4619,41,DE
4620,person_4620,47,DE
4621,person_4621,58,GB
4622,person_4622,33,AU
4623,person_4623,56,NG
4624,person_4624,21,GB
4625,person_4625,56,DE
4626,person_4626,58,NG
4627,person_4627,66,GB
4628,person_4628,44,CA
4629,person_4629,33,SG
4630,person_4630,24,AU
4631,person_4631,70,IN
4632,person_4632,40,DE
4633,person_4633,36,BR
4634,person_4634,36,FR
4635,person_4635,38,FR
4636,person_4636,24,IN
4637,person_4637,71,BR
4638,person_4638,43,CA
4639,person_4639,62,BR
4640,person_4640,24,GB
4641,person_4641,19,IN
4642,person_4642,50,GB
4643,person_4643,41,NG
4644,person_4644,52,DE
4645,person_4645,52,US
4646,person_4646,62,US
4647,person_4647,42,IN
4648,person_4648,47,US
4649,person_4649,50,NG
4650,person_4650,19,FR
4651,person_4651,60,SG
4652,person_4652,35,AU
4653,person_4653,67,BR
4654,person_4654,65,FR
4655,person_4655,46,AU
4656,person_4656,55,AU
4657,person_4657,63,BR
4658,person_4658,67,GB
4659,person_4659,42,DE
4660,person_4660,51,GB
4661,person_4661,48,FR
4662,person_4662,36,BR
4663,person_4663,24,CA
4664,person_4664,48,DE
4665,person_4665,72,AU
4666,person_4666,63,DE
4667,person_4667,60,DE
4668,person_4668,62,AU
4669,person_4669,49,GB
4670,person_4670,53,AU
4671,person_4671,45,SG
4672,person_4672,42,AU
4673,person_4673,71,US
4674,person_4674,22,GB
4675,person_4675,73,FR
4676,person_4676,69,BR
4677,person_4677,19,NG
4678,person_4678,31,IN
4679,person_4679,21,FR
4680,person_4680,56,IN
4681,person_4681,31,SG
4682,person_4682,26,NG
4683,person_4683,75,AU
4684,person_4684,48,GB
4685,person_4685,75,GB
4686,person_4686,65,NG
4687,person_4687,64,GB
4688,person_4688,25,IN
4689,person_4689,68,FR
4690,person_4690,33,US
4691,person_4691,74,NG
4692,person_4692,59,DE
4693,person_4693,55,NG
4694,person_4694,49,CA
4695,person_4695,55,IN
4696,person_4696,41,CA
4697,person_4697,60,US
4698,person_4698,42,FR
4699,person_4699,28,FR
4700,person_4700,52,AU
4701,person_4701,67,IN
4702,person_4702,19,GB
4703,person_4703,49,FR
4704,person_4704,29,IN
4705,person_4705,19,US
4706,person_4706,31,GB
4707,person_4707,43,CA
4708,person_4708,75,AU
4709,person_4709,38,US
4710,person_4710,33,FR
4711,person_4711,25,AU
4712,person_4712,43,IN
4713,person_4713,70,CA
4714,person_4714,39,DE
4715,person_4715,33,GB
4716,person_4716,71,GB
4717,person_4717,51,SG
4718,person_4718,46,FR
4719,person_4719,62,GB
4720,person_4720,47,SG
4721,person_4721,22,FR
4722,person_4722,53,SG
4723,person_4723,18,US
4724,person_4724,33,DE
4725,person_4725,51,CA
4726,person_4726,33,FR
4727,person_4727,44,DE
4728,person_4728,41,CA
4729,person_4729,22,SG
4730,person_4730,48,US
4731,person_4731,27,SG
4732,person_4732,63,DE
4733,person_4733,49,DE
4734,person_4734,52,BR
4735,person_4735,64,DE
4736,person_4736,68,AU
4737,person_4737,72,US
4738,person_4738,69,IN
4739,person_4739,44,FR
4740,person_4740,27,NG
4741,person_4741,40,SG
4742,person_4742,62,FR
4743,person_4743,22,AU
4744,person_4744,58,CA
4745,person_4745,32,IN
4746,person_4746,47,FR
4747,person_4747,53,AU
4748,person_4748,56,US
4749,person_4749,59,FR
4750,person_4750,74,AU
4751,person_4751,39,DE
4752,person_4752,75,DE
4753,person_4753,63,CA
4754,person_4754,53,BR
4755,person_4755,57,SG
4756,person_4756,51,FR
4757,person_4757,24,CA
4758,person_4758,35,IN
4759,person_4759,44,DE
4760,person_4760,50,BR
4761,person_4761,22,CA
4762,person_4762,37,GB
4763,person_4763,38,GB
4764,person_4764,55,AU
4765,person_4765,53,IN
4766,person_4766,50,AU
4767,person_4767,54,NG
4768,person_4768,40,CA
4769,person_4769,70,NG
4770,person_4770,52,GB
4771,person_4771,36,GB
4772,person_4772,75,GB
4773,person_4773,31,NG
4774,person_4774,37,AU
4775,person_4775,51,AU
4776,person_4776,22,AU
4777,person_4777,75,IN
4778,person_4778,22,FR
4779,person_4779,27,GB
4780,person_4780,29,AU
4781,person_4781,71,CA
4782,person_4782,69,SG
4783,person_4783,65,BR
4784,person_4784,31,SG
4785,person_4785,41,IN
4786,person_4786,44,GB
4787,person_4787,72,GB
4788,person_4788,51,US
4789,person_4789,65,US
4790,person_4790,57,GB
4791,person_4791,52,US
4792,person_4792,43,AU
4793,person_4793,73,GB
4794,person_4794,32,SG
4795,person_4795,44,BR
4796,person_4796,68,GB
4797,person_4797,75,FR
4798,person_4798,45,DE
4799,person_4799,33,GB
4800,person_4800,64,CA
4801,person_4801,72,AU
4802,person_4802,34,CA
4803,person_4803,49,NG
4804,person_4804,56,FR
4805,person_4805,67,CA
4806,person_4806,56,US
4807,person_4807,22,FR
4808,person_4808,45,IN
4809,person_4809,43,GB
4810,person_4810,40,BR
4811,person_4811,50,DE
4812,person_4812,49,BR
4813,person_4813,36,GB
4814,person_4814,75,DE
4815,person_4815,31,CA
4816,person_4816,57,SG
4817,person_4817,49,DE
4818,person_4818,33,GB
4819,person_4819,57,AU
4820,person_4820,19,NG
4821,person_4821,44,SG
4822,person_4822,41,NG
4823,person_4823,52,FR
4824,person_4824,38,BR
4825,person_4825,63,FR
4826,person_4826,53,NG
4827,person_4827,22,IN
4828,person_4828,36,BR
4829,person_4829,68,US
4830,person_4830,27,CA
4831,person_4831,74,DE
4832,person_4832,48,AU
4833,person_4833,53,CA
4834,person_4834,27,AU
4835,person_4835,59,SG
4836,person_4836,74,CA
4837,person_4837,42,AU
4838,person_4838,52,DE
4839,person_4839,40,SG
4840,person_4840,25,NG
4841,person_4841,44,SG
4842,person_4842,24,SG
4843,person_4843,69,GB
4844,person_4844,35,CA
4845,person_4845,56,CA
4846,person_4846,18,IN
4847,person_4847,67,BR
4848,person_4848,28,CA
4849,person_4849,60,IN
4850,person_4850,58,DE
4851,person_4851,59,IN
4852,person_4852,47,GB
4853,person_4853,29,AU
4854,person_4854,19,US
4855,person_4855,73,CA
4856,person_4856,37,SG
4857,person_4857,28,IN
4858,person_4858,29,NG
4859,person_4859,19,IN
4860,person_4860,47,CA
4861,person_4861,30,FR
4862,person_4862,19,SG
4863,person_4863,41,AU
4864,person_4864,61,GB
4865,person_4865,44,GB
4866,person_4866,28,FR
4867,person_4867,37,BR
4868,person_4868,35,US
4869,person_4869,49,FR
4870,person_4870,52,DE
4871,person_4871,20,US
4872,person_4872,38,NG
4873,person_4873,29,BR
4874,person_4874,34,NG
4875,person_4875,25,GB
4876,person_4876,47,NG
4877,person_4877,48,FR
4878,person_4878,18,US
4879,person_4879,29,GB
4880,person_4880,56,US
4881,person_4881,19,SG
4882,person_4882,22,AU
4883,person_4883,18,DE
4884,person_4884,34,SG
4885,person_4885,71,AU
4886,person_4886,69,DE
4887,person_4887,33,DE
4888,person_4888,68,SG
4889,person_4889,54,CA
4890,person_4890,47,FR
4891,person_4891,34,BR
4892,person_4892,50,NG
4893,person_4893,30,IN
4894,person_4894,62,DE
4895,person_4895,70,US
4896,person_4896,67,DE
4897,person_4897,19,NG
4898,person_4898,34,CA
4899,person_4899,72,IN
4900,person_4900,19,US
4901,person_4901,65,SG
4902,person_4902,55,BR
4903,person_4903,32,US
4904,person_4904,65,GB
4905,person_4905,57,US
4906,person_4906,37,IN
4907,person_4907,41,IN
4908,person_4908,64,SG
4909,person_4909,40,US
4910,person_4910,19,SG
4911,person_4911,35,IN
4912,person_4912,53,GB
4913,person_4913,34,BR
4914,person_4914,22,DE
4915,person_4915,25,BR
4916,person_4916,72,SG
4917,person_4917,63,NG
4918,person_4918,39,CA
4919,person_4919,75,FR
4920,person_4920,41,BR
4921,person_4921,40,IN
4922,person_4922,65,BR
4923,person_4923,39,US
4924,person_4924,21,DE
4925,person_4925,47,AU
4926,person_4926,48,DE
4927,person_4927,54,IN
4928,person_4928,30,US
4929,person_4929,57,BR
4930,person_4930,64,DE
4931,person_4931,44,AU
4932,person_4932,23,SG
4933,person_4933,65,DE
4934,person_4934,64,SG
4935,person_4935,33,US
4936,person_4936,64,US
4937,person_4937,29,AU
4938,person_4938,38,BR
4939,person_4939,54,GB
4940,person_4940,44,SG
4941,person_4941,46,AU
4942,person_4942,22,GB
4943,person_4943,69,AU
4944,person_4944,48,US
4945,person_4945,73,FR
4946,person_4946,32,SG
4947,person_4947,28,NG
4948,person_4948,32,AU
4949,person_4949,57,IN
4950,person_4950,43,SG
4951,person_4951,73,GB
4952,person_4952,60,AU
4953,person_4953,58,FR
4954,person_4954,55,GB
4955,person_4955,37,IN
4956,person_4956,62,US
4957,person_4957,34,BR
4958,person_4958,65,DE
4959,person_4959,51,IN
4960,person_4960,70,US
4961,person_4961,69,FR
4962,person_4962,27,FR
4963,person_4963,19,US
4964,person_4964,50,BR
4965,person_4965,40,NG
4966,person_4966,65,BR
4967,person_4967,48,NG
4968,person_4968,31,DE
4969,person_4969,69,GB
4970,person_4970,50,US
4971,person_4971,39,FR
4972,person_4972,26,CA
4973,person_4973,39,NG
4974,person_4974,70,US
4975,person_4975,75,AU
4976,person_4976,67,BR
4977,person_4977,61,SG
4978,person_4978,27,NG
4979,person_4979,33,BR
4980,person_4980,30,GB
4981,person_4981,65,AU
4982,person_4982,58,CA
4983,person_4983,35,SG
4984,person_4984,34,FR
4985,person_4985,66,BR
4986,person_4986,23,US
4987,person_4987,53,FR
4988,person_4988,21,US
4989,person_4989,42,IN
4990,person_4990,72,FR
4991,person_4991,18,FR
4992,person_4992,52,FR
4993,person_4993,45,NG
4994,person_4994,58,AU
4995,person_4995,36,IN
4996,person_4996,28,SG
4997,person_4997,32,AU
4998,person_4998,20,IN
4999,person_4999,47,IN
