:START_ID,:END_ID,ts,amount:float
1,16,2026-04-18,239.03
19,7,2026-02-02,308.32
740,1,2026-05-23,186.77
7,5,2026-02-01,150.11
47,51,2026-06-24,25.25
3,10,2026-03-21,337.66
535,1,2026-03-13,381.56
5,18,2026-01-18,167.56
22,1,2026-02-11,160.57
1,6,2026-01-11,93.0
6,6,2026-01-16,426.54
1,2,2026-05-14,233.29
1,6,2026-04-08,291.79
12,24,2026-01-26,486.71
1,1,2026-05-13,94.35
3,2,2026-02-06,453.13
15,2,2026-01-04,157.73
6,8,2026-04-07,307.26
71,4,2026-05-07,136.24
28,54,2026-01-01,388.37
12,5,2026-02-24,498.9
72,48,2026-06-04,363.15
2,3,2026-04-12,104.33
1,2,2026-08-17,77.43
2,30,2026-03-10,482.69
2,5,2026-05-02,311.69
2468,1,2026-04-15,268.23
1,34,2026-07-03,276.95
2,644,2026-08-06,130.38
623,1,2026-01-24,417.48
13,3,2026-04-26,492.19
7,1,2026-06-12,259.24
1,1,2026-07-06,407.26
1,3,2026-07-05,388.95
5,9,2026-08-25,159.76
1,18,2026-08-12,493.63
5,1,2026-01-05,466.99
1,1,2026-05-02,477.99
7,7,2026-01-07,109.98
1,4,2026-06-11,413.69
5,2,2026-01-18,417.45
1,2,2026-06-19,225.12
4,7,2026-02-22,255.14
1,1,2026-01-03,41.5
6,1,2026-08-22,263.34
1,20,2026-07-06,135.71
8,10,2026-07-16,44.63
67,1,2026-06-25,94.26
5,9,2026-01-08,50.1
3,134,2026-06-26,55.49
35,2,2026-02-26,395.77
4943,30,2026-03-04,103.41
3,4,2026-07-13,269.89
69,632,2026-04-20,128.94
5,10,2026-02-12,206.26
5,2,2026-08-09,401.14
1,4,2026-06-23,50.1
1,1127,2026-04-07,139.31
35,1,2026-03-03,153.26
6,10,2026-04-25,297.03
146,1,2026-08-19,204.32
228,8,2026-04-13,431.56
644,49,2026-08-09,218.53
34,5,2026-01-18,454.16
2,1,2026-07-20,281.94
3,1,2026-04-16,69.68
1,1,2026-01-03,47.25
1,43,2026-06-05,33.01
1,1795,2026-08-08,393.49
285,13,2026-03-04,446.28
1,21,2026-04-11,386.96
58,3,2026-04-01,74.27
3,4,2026-03-06,418.79
241,1,2026-01-20,226.16
1,151,2026-01-27,133.41
1,1,2026-06-11,346.05
1,92,2026-02-21,205.4
1,10,2026-01-04,296.27
1,4,2026-06-04,134.58
3,5,2026-07-02,64.84
1,8,2026-04-08,70.3
40,4,2026-02-04,175.5
37,1,2026-06-21,365.37
8,42,2026-06-27,56.87
4,9,2026-04-16,310.16
1,1,2026-02-03,319.8
2,14,2026-03-25,330.34
1,6,2026-06-10,336.58
120,4,2026-04-22,346.45
51,40,2026-03-21,463.26
1,2,2026-04-23,156.06
29,2,2026-06-07,165.64
1,1,2026-02-12,314.78
1,1066,2026-05-01,57.65
2,17,2026-07-26,450.36
27,9,2026-04-11,410.91
8,1,2026-04-27,132.95
19,3,2026-06-16,38.93
4,47,2026-02-01,499.95
5,10,2026-01-21,219.25
428,75,2026-08-03,436.91
13,1,2026-04-15,270.46
1,13,2026-06-20,399.32
14,1,2026-07-20,165.69
18,11,2026-04-25,159.45
150,1,2026-03-25,491.22
2016,1,2026-06-24,404.47
12,3,2026-07-21,40.53
21,129,2026-03-23,339.38
369,4,2026-03-03,154.13
1,2,2026-02-19,226.74
1256,12,2026-06-22,338.35
8,413,2026-08-12,160.39
84,4,2026-04-21,375.38
48,5,2026-07-26,167.57
3,4,2026-02-12,88.9
1692,43,2026-04-13,240.93
634,441,2026-03-03,440.82
7,2,2026-02-25,174.86
1,10,2026-08-06,140.22
1309,9,2026-05-09,320.23
8,7,2026-06-15,434.77
1,7,2026-05-05,80.16
2,12,2026-08-08,204.74
2,2,2026-06-15,355.69
36,1,2026-07-01,443.15
1,2,2026-04-25,388.95
268,22,2026-02-14,197.95
107,115,2026-02-21,386.09
60,16,2026-02-22,414.06
9,12,2026-05-07,267.62
824,2,2026-02-27,402.65
7,1,2026-04-08,416.7
9,2,2026-03-15,407.69
15,3,2026-08-01,380.27
4,14,2026-02-09,411.21
37,6,2026-01-03,444.28
4,10,2026-08-22,363.28
1,15,2026-06-05,467.61
116,12,2026-05-17,139.64
1,1,2026-01-21,382.01
4,4,2026-01-04,486.44
2216,1,2026-02-13,15.09
1,1352,2026-01-25,23.86
1,11,2026-03-19,130.12
16,418,2026-04-19,394.69
1,265,2026-04-10,473.01
24,2,2026-05-21,169.97
1,1,2026-01-02,64.44
1,6,2026-07-11,10.32
28,1,2026-03-25,319.24
6,117,2026-06-24,46.38
181,629,2026-05-21,271.48
1,56,2026-02-03,422.45
2828,9,2026-02-24,283.76
1,1,2026-05-23,237.49
6,2,2026-01-27,57.14
3,10,2026-03-26,303.26
2,1,2026-03-15,457.83
1,8,2026-04-05,310.05
39,1,2026-08-08,332.92
1,67,2026-07-14,267.73
1,21,2026-05-05,471.59
5,11,2026-06-07,100.1
4,3,2026-06-28,486.73
7,22,2026-04-17,494.98
3,1,2026-07-25,112.01
2,79,2026-05-06,45.21
9,16,2026-01-20,429.52
10,2703,2026-02-01,471.42
1,68,2026-02-17,110.78
50,507,2026-03-10,382.01
1,2,2026-07-11,239.31
1,1,2026-03-12,183.15
1,177,2026-01-03,119.17
2,5,2026-04-19,272.99
1807,33,2026-04-17,83.6
15,5,2026-03-15,300.53
54,2,2026-01-17,284.32
6,378,2026-02-28,234.8
2,1,2026-03-28,397.9
269,5,2026-06-10,237.71
15,2025,2026-03-17,435.45
2627,1,2026-06-04,158.86
6,2,2026-03-05,125.33
6,1,2026-07-07,220.21
1,2,2026-08-11,121.6
1,4,2026-06-04,304.57
2,13,2026-03-15,402.65
10,105,2026-01-06,230.07
2,67,2026-05-18,153.98
2,1141,2026-05-10,78.34
39,1,2026-03-15,73.87
1,12,2026-06-06,104.77
11,16,2026-04-08,253.17
121,3,2026-08-26,489.75
3735,8,2026-01-23,389.99
4,1,2026-07-27,334.82
15,100,2026-05-15,203.89
1,2,2026-02-01,9.88
3,13,2026-07-04,363.97
2,3,2026-05-26,227.83
107,3,2026-01-21,201.89
7,1,2026-04-26,329.61
1,153,2026-06-28,454.86
170,36,2026-01-07,374.05
6,19,2026-04-19,283.68
9,4,2026-08-20,237.11
40,34,2026-07-12,382.16
2,2,2026-07-23,429.56
379,2,2026-01-13,430.78
1,19,2026-04-22,328.59
20,1,2026-04-04,410.13
1,8,2026-01-28,129.84
1,8,2026-03-21,270.54
1,78,2026-04-02,73.71
761,8,2026-06-23,230.53
403,3,2026-04-06,95.25
245,13,2026-04-24,43.57
21,172,2026-01-23,447.74
5,2,2026-01-06,392.0
4,2,2026-03-13,309.05
14,2,2026-08-10,374.12
6,2,2026-05-25,472.38
336,1,2026-01-01,485.55
29,504,2026-08-02,208.29
2,5,2026-02-26,136.98
2,94,2026-03-13,21.24
310,252,2026-08-01,44.52
3,4,2026-05-27,446.11
177,4,2026-06-20,31.7
1,8,2026-01-04,335.86
2,6,2026-04-02,303.07
78,1,2026-03-14,370.82
9,2,2026-06-26,474.56
54,3,2026-01-05,159.36
1,976,2026-01-11,175.2
13,6,2026-07-10,111.17
2,8,2026-02-11,299.35
7,1913,2026-07-13,376.64
299,4,2026-07-08,21.17
483,13,2026-07-17,403.76
2,11,2026-06-08,301.48
1,2,2026-06-21,166.43
6,4,2026-03-02,117.69
10,6,2026-04-27,23.18
6,71,2026-02-04,52.97
23,1169,2026-01-27,324.38
1,256,2026-06-11,189.63
1,1,2026-08-19,169.23
17,2,2026-08-22,248.26
1,2,2026-04-16,233.11
49,1,2026-02-14,188.7
1,61,2026-01-26,492.51
5,1,2026-03-12,161.86
3,5,2026-01-14,445.99
3,188,2026-07-16,230.83
1,8,2026-07-14,286.02
7,2,2026-06-07,375.41
1,3,2026-02-24,52.24
3,6,2026-08-01,192.38
1,6,2026-01-25,471.21
20,79,2026-07-08,408.59
67,1,2026-03-12,458.83
158,12,2026-05-08,200.43
1,2,2026-07-16,282.91
4,2,2026-01-03,488.21
3,58,2026-01-16,27.68
4,1,2026-04-19,371.36
11,2,2026-02-18,368.79
1,3,2026-07-15,56.94
4,27,2026-05-06,475.82
1,1,2026-06-06,436.99
83,8,2026-01-18,328.42
9,2,2026-03-15,99.92
18,88,2026-01-19,47.19
51,26,2026-01-24,433.77
392,18,2026-03-18,342.79
33,5,2026-04-27,158.13
2361,5,2026-08-19,106.55
1,4,2026-03-23,315.9
1,413,2026-05-18,275.23
1,29,2026-03-16,472.67
40,17,2026-07-10,286.92
2,4,2026-04-10,124.23
1,4,2026-05-10,492.31
1,1,2026-01-04,50.26
8,23,2026-02-07,307.26
4,2,2026-08-01,165.78
494,3,2026-04-23,114.79
1,51,2026-04-19,314.17
1,1,2026-05-19,378.76
4376,9,2026-02-08,363.54
5,15,2026-01-06,309.67
2,133,2026-01-10,157.09
4,4,2026-01-28,180.49
5,5,2026-04-21,43.0
10,19,2026-06-14,487.51
56,10,2026-08-22,34.65
5,1,2026-06-06,467.49
161,91,2026-08-17,184.63
24,1,2026-07-22,230.57
9,12,2026-04-10,173.32
55,1,2026-07-06,437.3
219,1,2026-02-12,73.45
43,168,2026-02-18,389.16
1,1,2026-01-19,87.44
9,191,2026-01-15,44.75
1,1,2026-05-16,277.56
2,5,2026-03-22,78.64
34,265,2026-05-14,374.46
13,43,2026-04-01,278.43
28,8,2026-01-06,448.39
2,2,2026-06-16,186.75
6,2,2026-02-06,420.81
1,149,2026-02-19,474.21
5,436,2026-07-06,85.14
3,5,2026-03-27,273.86
3296,21,2026-03-22,495.07
12,1,2026-04-27,486.42
3,1,2026-06-01,145.55
1,67,2026-02-17,470.27
12,100,2026-08-25,316.58
1,1,2026-06-21,419.57
12,7,2026-06-06,306.86
1,1,2026-08-24,455.05
1,9,2026-03-19,227.58
16,2,2026-01-05,257.17
3,1,2026-02-07,315.26
326,145,2026-04-22,140.57
1,2,2026-05-09,337.54
36,6,2026-04-08,388.2
2,2,2026-05-17,102.78
14,2,2026-01-20,483.04
1,1,2026-07-09,408.98
11,2,2026-02-05,401.81
10,3,2026-04-09,288.23
1,13,2026-05-21,367.92
3,12,2026-07-16,335.54
484,8,2026-02-24,436.03
91,13,2026-07-12,472.34
1,8,2026-04-24,288.05
2,5,2026-02-06,176.95
2,6,2026-01-19,215.02
9,3,2026-06-28,316.98
696,33,2026-08-06,9.13
1,91,2026-07-09,419.53
5,2,2026-05-14,342.09
1,4,2026-08-02,42.52
12,12,2026-04-18,112.07
2,1,2026-06-28,153.33
3,6,2026-04-19,52.16
536,1401,2026-06-18,190.76
3,714,2026-07-19,298.68
33,9,2026-01-05,460.44
78,11,2026-02-20,97.59
9,1,2026-01-10,104.32
72,18,2026-08-24,414.05
3,6,2026-05-01,49.03
1,71,2026-03-25,352.38
11,12,2026-04-15,17.01
3,1,2026-02-15,379.12
3,1,2026-07-24,69.67
137,1,2026-01-23,330.66
4,5,2026-02-07,467.47
3,3,2026-02-03,386.49
2,1,2026-05-12,368.26
789,481,2026-06-09,489.29
12,1,2026-08-02,193.0
3,34,2026-08-13,113.85
226,1,2026-04-25,93.7
7,84,2026-07-14,371.36
2,4,2026-06-17,340.75
16,5,2026-03-15,372.39
1,4,2026-07-26,488.8
7,23,2026-02-12,378.14
1,5,2026-05-04,458.68
1,14,2026-04-17,216.37
1,193,2026-08-22,66.07
1,1,2026-01-16,157.64
34,41,2026-05-22,360.84
850,1,2026-01-20,460.91
14,78,2026-02-28,138.42
5,10,2026-03-22,137.55
942,13,2026-06-23,225.87
2,3,2026-07-04,303.55
760,4,2026-02-10,326.19
1,1,2026-02-19,421.56
95,23,2026-05-25,142.89
1,3,2026-01-10,303.2
4,2,2026-02-03,378.83
2,3,2026-04-23,370.5
1,21,2026-06-22,178.04
107,2,2026-04-14,264.26
3,6,2026-01-20,254.2
61,1,2026-02-05,156.85
77,8,2026-03-17,158.97
23,5,2026-04-18,183.33
8,8,2026-03-17,184.37
24,1,2026-08-24,155.0
1,4,2026-03-03,334.82
25,2,2026-05-03,29.73
3,13,2026-06-07,492.38
101,1,2026-03-24,350.66
3,3,2026-05-09,73.43
4,3,2026-06-20,482.28
12,15,2026-01-15,264.64
2,2,2026-05-24,84.77
2,1,2026-06-21,206.11
2,1,2026-02-09,119.93
2,1,2026-03-11,469.64
1,14,2026-05-18,300.51
51,1,2026-08-26,31.6
1,9,2026-08-11,328.11
20,2037,2026-08-27,364.43
1,19,2026-03-13,89.58
43,5,2026-05-03,143.51
6,16,2026-02-14,16.04
9,2,2026-08-12,39.3
4,28,2026-07-22,145.84
3,6,2026-04-18,117.04
14,37,2026-06-26,41.14
154,61,2026-08-19,175.3
1,65,2026-01-09,297.04
49,672,2026-04-17,342.01
2,28,2026-07-15,199.53
3,2323,2026-02-07,313.96
12,1,2026-06-11,264.54
6,112,2026-04-19,120.29
13,2,2026-03-25,241.16
1,9,2026-07-25,36.47
13,1,2026-08-19,80.16
1,45,2026-03-13,43.59
1,13,2026-06-21,169.93
1,74,2026-06-15,496.06
2,1,2026-05-10,469.02
25,1,2026-06-06,248.5
85,1,2026-04-21,11.89
15,47,2026-07-25,356.23
9,1,2026-05-01,48.71
2,1,2026-01-04,222.18
1,1,2026-08-16,418.42
2,29,2026-03-24,108.67
19,1,2026-05-05,71.85
1,261,2026-05-18,196.93
4,4,2026-04-09,315.1
1,12,2026-04-27,280.75
10,3,2026-05-26,37.48
1,1,2026-01-03,242.96
2,1,2026-01-16,77.05
4,4,2026-08-08,69.57
5,1,2026-03-16,100.27
6539,84,2026-02-18,453.65
3,2,2026-06-08,469.5
1,29,2026-02-07,100.24
1,18,2026-05-27,291.86
3,1,2026-05-21,132.09
43,9,2026-04-20,318.01
5,52,2026-03-06,369.16
2,459,2026-02-11,351.97
1,1,2026-01-27,483.43
316,1,2026-04-11,286.71
47,1,2026-05-18,15.63
9,4,2026-01-15,375.3
10,211,2026-06-28,232.24
3596,22,2026-01-13,352.38
32,587,2026-01-10,273.33
2,21,2026-07-03,396.11
18,1,2026-02-13,13.93
13,289,2026-01-03,457.61
6,12,2026-03-17,301.22
19,13,2026-07-05,133.5
5,3,2026-03-10,222.96
1,1,2026-03-26,316.75
28,1,2026-06-05,421.35
8,1,2026-07-16,25.93
68,2,2026-05-03,11.96
55,1,2026-08-07,227.39
1,4,2026-03-19,229.34
4,10,2026-02-16,493.05
30,386,2026-02-09,301.18
3288,10,2026-02-14,427.89
20,14,2026-02-20,25.43
1,20,2026-07-12,368.76
1,577,2026-08-06,308.26
2,9,2026-02-27,425.25
10,43,2026-02-06,246.16
11,13,2026-06-25,483.83
3,1,2026-01-18,343.47
10,27,2026-06-16,89.05
5,2,2026-05-13,325.88
1,8,2026-05-08,17.33
5,322,2026-04-28,406.61
3,22,2026-04-25,292.7
9,242,2026-06-26,189.53
3,6,2026-03-20,68.34
1,6,2026-05-18,257.67
1,1,2026-06-04,343.31
1,10,2026-04-02,201.36
7,20,2026-02-15,230.61
12,725,2026-01-26,251.81
784,1,2026-04-21,188.43
31,4,2026-01-04,292.85
29,11,2026-03-16,285.92
8,1689,2026-07-11,353.59
6,33,2026-01-05,140.86
1,1,2026-08-21,147.01
5,15,2026-08-13,261.76
4,12,2026-01-22,245.64
1545,2,2026-05-09,22.29
173,6,2026-07-08,341.89
1,2,2026-02-08,268.82
3549,2,2026-03-11,247.88
5,1,2026-01-06,421.46
12,5,2026-05-16,384.5
3,8,2026-03-24,394.37
1,6,2026-06-14,355.02
4,5,2026-05-10,359.84
1,16,2026-01-01,277.4
4,1,2026-06-05,464.7
1,1,2026-04-17,240.93
2,1,2026-08-13,392.14
6,3,2026-05-17,177.07
15,6,2026-03-12,147.86
4,2,2026-02-19,499.26
3,81,2026-04-15,205.52
9,2,2026-02-09,465.53
5,6,2026-08-28,240.68
2,753,2026-06-03,368.16
114,1,2026-05-07,52.22
4,3,2026-06-09,319.36
176,5,2026-02-16,249.41
1,5,2026-04-07,22.05
1050,32,2026-01-27,164.07
1,646,2026-01-12,82.81
9,1,2026-08-13,47.0
4,1,2026-02-24,408.52
169,33,2026-03-25,83.37
3,123,2026-03-09,404.07
5,1,2026-04-24,330.02
17,3,2026-04-27,249.31
11,3,2026-01-17,255.93
3,1,2026-07-11,76.75
1,4,2026-06-23,222.57
30,2,2026-07-25,38.79
61,1,2026-08-24,316.49
3,1,2026-01-26,199.89
98,1,2026-06-17,321.57
206,2,2026-08-23,377.45
227,4,2026-03-11,480.28
1,114,2026-05-25,25.66
1,1,2026-04-06,362.3
26,3,2026-07-21,114.35
1,107,2026-05-02,465.01
1617,14,2026-06-11,160.32
6,10,2026-03-07,207.33
17,2,2026-07-23,113.96
3,157,2026-07-20,144.04
21,4,2026-06-12,263.11
2,7,2026-06-27,85.38
1,1408,2026-02-06,393.82
6,6,2026-02-17,364.58
7,12,2026-04-05,193.58
100,9,2026-06-14,430.6
5,1,2026-06-15,118.52
15,9,2026-03-11,77.29
1,784,2026-02-12,152.54
18,17,2026-08-22,196.36
5,12,2026-05-22,355.16
3,2,2026-07-15,10.63
736,2,2026-06-09,219.61
39,2,2026-05-24,362.83
1,11,2026-08-21,386.34
2,1,2026-04-27,174.81
296,2,2026-05-20,381.72
2,1,2026-04-17,205.74
14,1,2026-01-19,93.01
1,599,2026-08-25,283.58
25,14,2026-08-17,421.22
691,2,2026-03-19,21.95
24,8,2026-01-01,232.76
4,12,2026-08-15,364.71
2,252,2026-08-28,370.18
60,10,2026-07-24,468.18
62,1,2026-05-16,129.07
2,1,2026-04-02,478.27
5,6,2026-02-07,126.62
6,10,2026-04-27,355.54
3,1,2026-03-17,357.88
2,1,2026-06-15,182.33
7,1,2026-01-13,236.76
15,17,2026-04-10,230.67
35,1,2026-06-06,469.87
7,380,2026-01-16,422.16
2,7,2026-03-10,437.97
360,3,2026-05-08,260.97
10,42,2026-03-11,378.49
2,1,2026-08-03,368.8
387,1,2026-03-06,278.84
1,297,2026-02-02,201.11
53,8,2026-06-18,447.11
5,1,2026-01-15,323.98
4874,9,2026-07-11,111.72
1278,9,2026-03-25,28.39
3,2,2026-05-23,151.71
11,38,2026-03-27,409.06
25,1,2026-02-26,309.39
22,1,2026-05-18,291.68
3,314,2026-02-05,376.08
1,2,2026-02-26,258.86
18,14,2026-02-27,85.46
9,116,2026-08-22,302.38
4,1,2026-07-04,91.46
26,194,2026-01-14,21.53
1,11,2026-03-17,405.35
1,13,2026-05-05,269.06
1,2,2026-05-08,170.71
1,2,2026-08-05,303.44
2,1,2026-01-18,255.53
255,298,2026-06-24,301.77
2,1,2026-01-05,372.78
24,59,2026-05-18,136.76
1,41,2026-06-21,304.37
2947,2,2026-03-06,408.61
3,4,2026-02-24,482.31
3,5,2026-06-14,347.63
12,7,2026-05-20,361.62
1,5,2026-08-11,165.34
9,4,2026-02-14,70.71
552,9,2026-01-28,458.97
105,175,2026-02-28,289.96
2,10,2026-08-07,400.01
10,4,2026-02-18,102.06
2,3,2026-02-28,227.31
18,827,2026-05-23,79.33
3368,326,2026-01-11,405.82
24,38,2026-07-02,481.19
45,1,2026-03-06,15.02
1,2192,2026-06-12,27.19
6,1,2026-04-03,305.46
1352,1,2026-03-27,6.03
3,50,2026-06-19,415.79
4,5,2026-04-15,224.36
139,2,2026-08-01,155.01
6,3,2026-06-13,484.71
60,2,2026-08-08,114.87
164,2,2026-06-11,236.47
3,1,2026-04-09,315.45
2,1,2026-05-22,296.85
1,9,2026-08-13,441.88
1,63,2026-06-02,18.78
4,2,2026-06-11,102.29
1,2,2026-01-04,333.24
39,2,2026-08-16,313.95
4,7,2026-06-23,66.15
55,6,2026-05-06,493.33
8,8,2026-03-15,62.09
1,1,2026-06-01,224.11
4,13,2026-05-07,358.59
4,1,2026-08-25,64.44
1,15,2026-01-09,137.0
14,2,2026-07-26,74.06
10,2,2026-01-10,143.24
7,4,2026-05-02,345.93
1,1,2026-07-15,369.86
4,1,2026-07-19,293.72
33,2,2026-04-26,166.95
48,20,2026-06-22,158.83
68,45,2026-02-15,461.04
8,288,2026-04-26,292.5
2,6,2026-08-08,438.74
1,306,2026-05-03,466.71
125,1,2026-01-15,118.69
8,164,2026-04-08,497.87
1,1,2026-03-25,221.42
1,1,2026-05-03,240.72
1,1,2026-01-07,193.25
33,2477,2026-03-05,294.98
1,1,2026-04-25,50.15
1,3,2026-01-24,236.33
3,31,2026-03-13,274.17
1,1,2026-08-22,444.23
13,1,2026-03-21,479.91
1,1,2026-05-19,440.15
2,1,2026-07-28,309.91
8,3,2026-05-24,38.91
12,2,2026-03-04,195.77
2,58,2026-05-18,5.64
41,2,2026-04-06,428.18
1,1,2026-05-26,381.93
24,9,2026-08-20,165.58
1588,1,2026-05-04,55.74
3,155,2026-08-20,449.9
27,1560,2026-05-01,284.87
58,1,2026-03-11,78.94
1,35,2026-06-02,459.5
4,2,2026-06-25,142.72
29,26,2026-02-20,341.6
49,1,2026-07-21,450.26
5,1796,2026-08-22,94.81
2,49,2026-02-23,415.86
2,1,2026-04-15,380.54
1,10,2026-03-05,344.82
1,26,2026-06-18,431.25
26,3,2026-06-10,365.41
3,24,2026-01-16,488.95
4123,1014,2026-04-23,184.86
12,27,2026-06-04,33.65
12,2,2026-02-19,105.4
2,9,2026-08-03,372.22
1,1,2026-05-25,418.6
16,1,2026-02-05,123.56
6,4,2026-03-09,280.68
2,6,2026-03-25,60.88
3,30,2026-03-15,320.75
5623,5,2026-08-02,404.98
1084,16,2026-03-28,365.49
14,110,2026-05-11,148.38
1,26,2026-07-07,197.26
8,29,2026-03-01,98.38
38,1,2026-04-18,212.83
1,2,2026-02-04,126.58
230,35,2026-04-09,473.04
37,21,2026-01-28,326.19
7,111,2026-01-01,327.4
1363,89,2026-08-15,373.32
2,1,2026-06-18,327.37
5,17,2026-02-06,75.93
1,25,2026-04-05,14.53
3,24,2026-03-25,268.48
4,4,2026-04-05,159.46
3,231,2026-08-14,178.64
1,208,2026-04-14,17.08
1,5,2026-01-20,168.26
3,1,2026-02-12,382.64
3,19,2026-08-22,314.01
543,26,2026-01-18,231.81
1,53,2026-08-16,382.79
16,5,2026-08-08,131.43
5,7,2026-07-28,372.52
5,1491,2026-01-11,24.95
1,1,2026-08-27,318.04
1,6,2026-04-23,131.49
1,1,2026-08-03,374.0
2,38,2026-06-19,304.2
705,5,2026-06-28,63.69
3,5,2026-03-02,322.92
2,17,2026-01-28,217.77
1,1,2026-07-20,97.81
1,1,2026-01-11,178.67
3,1,2026-02-08,143.45
7,1,2026-01-25,264.96
1,102,2026-06-12,17.54
66,2,2026-03-23,100.88
11,21,2026-01-01,256.29
5,1,2026-04-10,197.62
1,72,2026-08-02,57.82
7,224,2026-06-26,227.45
8,9,2026-05-28,382.52
13,2,2026-02-20,414.14
9,1,2026-04-26,432.37
1,7,2026-08-27,38.9
2,1,2026-07-28,16.17
1,2,2026-04-21,167.3
25,26,2026-04-18,237.52
10,9,2026-01-21,89.55
16,34,2026-08-02,314.74
8,3,2026-05-28,109.89
1,1,2026-02-26,435.62
1,1784,2026-07-27,159.36
189,1,2026-06-20,196.93
53,6,2026-01-19,325.8
8,94,2026-05-01,428.6
2,108,2026-02-19,22.02
5,4,2026-01-12,393.28
1,24,2026-01-05,202.15
4,2,2026-02-16,390.28
6,1,2026-05-20,328.15
8,944,2026-04-16,414.45
7,2,2026-01-14,443.07
3,76,2026-05-22,498.47
41,5,2026-08-16,34.57
2,94,2026-03-23,477.54
1,106,2026-04-17,479.72
3,13,2026-04-06,88.23
19,1,2026-07-27,179.75
1,8,2026-05-12,491.87
4,6,2026-07-19,73.89
4,22,2026-01-04,442.88
1,1,2026-07-05,120.48
2118,5,2026-03-25,404.91
42,1,2026-04-06,257.98
1,1158,2026-07-10,492.93
533,2,2026-01-12,281.93
3,1,2026-07-01,461.15
9,536,2026-06-23,206.28
4,2,2026-06-25,253.0
6,5,2026-03-16,351.17
1,4,2026-05-22,235.55
38,13,2026-04-25,310.19
16,54,2026-08-03,499.46
1,354,2026-03-21,424.85
105,10,2026-02-01,278.94
3,2,2026-03-20,223.41
50,26,2026-06-05,345.44
1,12,2026-04-22,38.65
8,2,2026-06-19,193.3
2,5,2026-05-18,365.83
4,5,2026-08-21,369.67
1,40,2026-04-19,239.47
2731,1,2026-08-04,98.73
2,39,2026-01-12,256.57
937,1,2026-05-27,97.62
1,95,2026-06-16,282.56
11,35,2026-05-13,193.04
8,6,2026-01-10,191.6
18,2,2026-04-08,445.68
1,2,2026-02-01,41.31
3,1,2026-01-05,388.37
1414,532,2026-02-13,314.03
93,18,2026-02-07,137.47
4,1,2026-03-07,107.68
47,6,2026-05-21,340.63
348,2,2026-02-16,474.42
2,1,2026-05-10,462.46
1,1,2026-07-26,57.94
3,2,2026-03-10,390.23
3,1,2026-01-04,397.04
22,6,2026-07-03,326.76
1,23,2026-02-03,37.09
1,216,2026-08-08,421.92
2,2,2026-08-15,269.53
1,40,2026-06-18,394.54
80,4,2026-07-22,184.63
7,15,2026-03-27,440.65
18,71,2026-07-10,365.26
38,955,2026-06-12,134.76
88,88,2026-06-20,141.1
1,195,2026-08-05,15.96
73,4,2026-02-11,147.45
1,5,2026-06-05,488.9
1,25,2026-04-03,201.12
1,218,2026-03-20,379.36
3,15,2026-05-07,223.66
1,1,2026-04-04,398.7
2,218,2026-01-27,274.65
21,1,2026-03-13,333.89
4,8,2026-01-08,393.57
1,5,2026-07-11,98.85
3,1,2026-07-16,478.28
30,5,2026-04-03,273.02
3,80,2026-06-22,217.95
5,30,2026-05-01,380.43
1,23,2026-03-17,210.16
82,3,2026-07-03,159.86
285,21,2026-05-01,289.52
1,1,2026-07-24,8.54
6847,3,2026-08-01,304.62
6,3,2026-05-25,355.16
2,1,2026-02-08,369.71
2,3,2026-07-03,155.18
14,5,2026-06-09,478.57
2,5,2026-05-14,362.55
3,9,2026-07-10,333.47
1,4,2026-07-22,170.86
1,1,2026-02-15,354.85
3,2,2026-05-01,88.24
1,1,2026-05-16,34.04
35,22,2026-03-08,324.88
6,3,2026-05-21,443.13
11,1,2026-07-09,252.24
1,43,2026-05-01,183.5
9,115,2026-01-14,109.63
1,26,2026-01-28,386.93
40,32,2026-02-28,36.41
7,94,2026-06-17,321.34
1,1,2026-05-08,353.46
3,3,2026-08-01,433.34
8,4,2026-02-27,340.09
3,5,2026-03-02,450.61
1,49,2026-06-14,64.09
1,3,2026-06-04,42.26
27,260,2026-04-18,307.5
7,11,2026-07-09,130.54
50,6,2026-07-10,476.19
2,9,2026-02-03,203.3
7,33,2026-06-02,44.86
928,1,2026-08-19,164.39
1,10,2026-07-16,10.82
22,21,2026-05-26,200.72
10,1,2026-07-09,429.62
8,3,2026-02-25,72.9
1,6,2026-05-17,447.11
1,1,2026-04-05,14.65
9,5,2026-05-06,401.47
14,1,2026-04-16,166.92
1,4,2026-06-14,88.75
1,120,2026-07-10,64.03
1,1,2026-08-23,104.64
3,33,2026-05-19,291.47
5,1,2026-08-13,119.42
2,1,2026-03-07,301.14
2,233,2026-08-28,434.34
13,1,2026-02-05,281.17
1564,9,2026-07-22,195.72
1,47,2026-03-19,43.23
1,102,2026-07-19,316.47
1,2,2026-01-12,344.96
21,16,2026-08-18,130.13
28,2,2026-02-06,172.44
1,1,2026-04-14,328.21
2,16,2026-08-06,98.06
2,92,2026-01-04,328.19
5,360,2026-05-07,423.09
16,5,2026-03-09,99.13
12,20,2026-04-04,83.0
2,1,2026-06-17,206.84
22,1,2026-02-14,421.15
1,1,2026-08-12,280.4
11,1,2026-02-22,114.93
1,17,2026-04-28,423.15
1,1,2026-05-11,256.54
5,11,2026-04-10,357.96
37,6,2026-07-28,78.84
1,3,2026-06-02,300.61
8,3,2026-05-26,378.44
1,1,2026-04-15,319.79
1,1,2026-03-01,171.22
6063,6,2026-07-25,209.62
60,3,2026-07-25,197.73
898,2,2026-06-11,416.54
1,101,2026-04-10,356.51
2872,3,2026-08-27,460.1
30,1,2026-03-22,417.59
1,301,2026-05-06,57.86
1509,29,2026-02-19,216.37
12,2,2026-07-13,244.53
117,1,2026-03-25,255.04
21,1,2026-05-25,129.68
321,360,2026-08-11,160.22
81,58,2026-02-21,264.44
56,74,2026-01-05,56.34
30,4,2026-07-15,310.02
7,2,2026-07-13,371.55
1,1,2026-01-14,229.91
6,27,2026-05-14,124.83
2,463,2026-08-04,90.2
6,1,2026-07-11,162.96
6,22,2026-02-16,71.47
1,2,2026-08-24,126.43
1,6,2026-01-23,456.46
13,26,2026-05-14,399.38
21,4,2026-03-07,133.33
1,3,2026-07-22,389.51
4,20,2026-04-26,257.64
2,7,2026-04-27,445.77
1,4,2026-04-22,81.43
17,1,2026-03-05,423.12
15,1,2026-01-07,441.19
6,343,2026-01-25,261.22
2,11,2026-05-21,225.9
5,2,2026-05-23,467.83
2,2,2026-03-23,347.58
1,4,2026-07-21,218.01
6,11,2026-06-03,376.51
27,15,2026-03-07,438.91
138,2291,2026-08-04,433.85
24,1,2026-01-02,223.59
38,1,2026-06-20,200.17
2,2,2026-03-28,150.3
1,2,2026-08-22,70.02
13,1,2026-03-18,417.22
7,63,2026-01-20,58.74
46,1,2026-05-19,49.65
436,2,2026-04-02,126.29
1,1,2026-05-26,286.15
1,1,2026-08-28,48.69
10,1,2026-03-22,312.28
2,1,2026-01-06,52.2
21,27,2026-06-09,468.34
1,1,2026-08-23,165.21
4,15,2026-05-17,200.21
64,31,2026-02-04,66.77
6354,56,2026-02-13,131.66
32,2,2026-02-24,227.34
371,1,2026-03-17,188.85
114,21,2026-08-28,356.05
2,2,2026-02-12,26.93
3,184,2026-05-10,298.82
4,34,2026-07-18,123.47
6,1,2026-02-02,450.49
67,3,2026-03-21,342.04
6,2,2026-08-18,392.89
13,26,2026-03-13,256.04
4,1,2026-06-11,250.34
16,1,2026-07-03,422.86
5,2,2026-01-02,488.03
9,2,2026-01-10,247.9
50,815,2026-04-26,196.25
4,3,2026-07-02,136.62
10,1,2026-05-19,81.67
9,11,2026-03-10,177.44
10,124,2026-03-15,315.49
82,5,2026-01-08,217.67
5,1,2026-02-18,342.76
50,4,2026-04-10,206.77
1,2709,2026-02-21,473.62
1,36,2026-07-03,46.24
1,3,2026-03-22,455.91
18,1394,2026-05-26,130.35
1,2,2026-05-19,217.33
7,1,2026-03-17,339.21
289,1,2026-04-03,29.24
1,6,2026-06-09,137.01
6,128,2026-04-27,247.65
3,2,2026-07-18,136.66
81,47,2026-07-04,218.74
150,2,2026-05-18,410.49
1,542,2026-01-24,308.74
12,55,2026-04-16,286.98
9,1,2026-08-13,422.68
3,6,2026-02-28,383.73
1,1,2026-04-11,488.61
1,2,2026-04-09,162.14
19,1079,2026-07-09,403.7
2,20,2026-02-04,387.92
92,5,2026-07-25,327.54
2,1,2026-02-16,68.35
6,3,2026-04-01,280.63
1,1,2026-03-17,357.62
68,1,2026-02-23,205.81
1,3,2026-04-01,12.12
4,69,2026-07-26,271.87
2059,1,2026-06-21,430.89
46,191,2026-07-07,377.24
1,2,2026-02-05,73.78
1,1,2026-07-26,445.73
2,4,2026-03-08,380.58
96,1,2026-06-18,251.2
36,171,2026-05-07,435.02
114,23,2026-03-20,202.31
49,6,2026-06-05,339.43
16,23,2026-08-13,468.35
40,22,2026-03-12,48.46
2,146,2026-08-18,230.58
2,5,2026-07-25,25.31
2,4,2026-03-08,142.57
1,2,2026-06-26,147.33
1,7,2026-07-25,7.54
590,14,2026-01-09,439.66
6,9,2026-02-23,185.4
18,50,2026-02-09,248.32
9,122,2026-06-22,144.06
1,9,2026-07-12,287.08
20,1,2026-04-14,139.74
34,1,2026-04-28,249.55
10,6,2026-06-22,278.93
1,125,2026-08-03,178.04
1,1,2026-02-16,286.41
1,1,2026-06-13,223.43
36,50,2026-06-20,6.44
40,1,2026-05-09,49.28
188,7,2026-03-17,140.09
22,3,2026-03-02,303.1
1,6,2026-08-16,468.86
25,215,2026-04-17,237.18
10,124,2026-05-18,126.44
738,8,2026-07-14,456.74
11,1,2026-04-25,389.86
266,233,2026-08-02,276.77
38,143,2026-02-11,441.11
62,1,2026-03-16,223.62
1,296,2026-06-02,119.33
74,56,2026-05-26,171.77
1,82,2026-03-26,304.6
9,619,2026-06-05,372.38
43,1,2026-06-15,377.55
236,91,2026-07-12,117.03
3,1,2026-07-05,263.97
95,4,2026-05-26,489.82
5,1,2026-01-04,119.81
3,95,2026-08-27,434.91
12,543,2026-04-18,267.39
3,46,2026-03-10,98.79
15,2,2026-06-19,150.12
1,6,2026-03-11,288.33
174,7,2026-06-08,319.55
1,1993,2026-02-10,79.82
1,27,2026-04-13,342.75
10,1,2026-01-01,133.36
1,3,2026-02-20,385.24
3,46,2026-05-04,189.5
20,2,2026-07-11,326.85
1,2,2026-01-23,192.02
1,28,2026-06-01,54.47
1,103,2026-03-01,100.91
29,174,2026-03-11,210.12
1,2,2026-01-04,119.37
1,3,2026-06-14,55.43
1,5,2026-08-12,77.63
1,1,2026-07-23,454.86
2,22,2026-08-17,40.0
1,2,2026-07-23,420.44
4,6,2026-02-02,429.76
275,7,2026-02-02,440.03
5,4,2026-04-06,240.14
1,20,2026-02-22,254.41
10,1,2026-06-11,198.47
2,2,2026-06-19,56.59
52,1,2026-02-17,158.54
14,311,2026-04-01,160.26
2,349,2026-07-07,394.26
34,1,2026-06-09,145.35
5,106,2026-06-11,425.89
1,47,2026-04-08,329.08
3,1,2026-04-17,438.67
1,26,2026-08-25,249.22
1,3,2026-01-26,134.82
3,3,2026-04-25,155.86
1,4,2026-06-22,33.48
2,70,2026-02-03,50.21
1,14,2026-08-20,254.18
1,1,2026-05-19,47.09
3,3,2026-06-04,29.96
33,4,2026-06-11,229.91
13,1,2026-01-28,313.55
31,1,2026-05-15,451.8
2,24,2026-07-04,5.41
136,24,2026-08-19,67.81
298,111,2026-04-13,444.17
7,1,2026-06-07,409.31
42,1299,2026-03-18,155.68
1,201,2026-06-22,319.61
11,2,2026-06-23,20.16
2,2,2026-01-15,310.31
90,3,2026-07-19,367.29
10,1,2026-01-23,55.95
2,23,2026-02-07,492.12
2,1189,2026-08-09,119.56
2,72,2026-03-14,208.43
4,2,2026-08-14,373.6
2,77,2026-02-12,149.4
4,57,2026-06-26,251.94
5,26,2026-04-27,217.31
30,1,2026-03-25,23.71
2,1,2026-04-17,24.39
1,3,2026-01-11,42.87
7,2,2026-05-04,352.01
12,2,2026-08-13,482.89
1,2,2026-03-20,412.55
16,550,2026-06-06,267.4
8,43,2026-04-27,232.8
1,4,2026-01-16,367.96
13,1,2026-02-17,161.44
1,2,2026-07-26,489.54
2,2,2026-03-22,461.88
7,1,2026-05-23,40.76
1,1,2026-07-21,128.35
316,217,2026-04-04,284.6
6,10,2026-07-04,141.48
4,2,2026-01-05,90.81
5,1,2026-01-03,75.03
1,1,2026-01-09,207.42
1,237,2026-01-10,435.86
8,161,2026-05-04,183.0
1,12,2026-01-25,328.53
1,2,2026-01-14,19.18
6,89,2026-04-23,181.95
1,1,2026-08-07,31.58
5,69,2026-04-23,477.61
4,3,2026-07-05,122.78
10,1,2026-06-03,463.68
1,33,2026-04-26,169.9
1,35,2026-01-10,453.45
63,49,2026-02-08,300.96
1,4,2026-07-20,234.08
1458,6,2026-06-14,408.86
1,1,2026-02-18,30.61
1,1,2026-03-15,172.1
1,1,2026-01-25,85.71
1,1,2026-07-13,20.62
1,1,2026-01-25,94.78
3,1,2026-03-20,438.57
11,3,2026-08-19,225.75
103,3,2026-07-21,191.49
15,1,2026-08-01,279.09
45,4,2026-04-14,11.76
4,2,2026-01-07,405.87
2,1,2026-03-09,196.75
1,82,2026-08-23,366.28
93,2,2026-06-01,386.18
1,97,2026-08-07,323.79
41,78,2026-02-12,238.8
1,3,2026-05-11,61.28
28,8,2026-05-28,58.75
2,1,2026-07-05,118.13
1,115,2026-07-16,369.17
46,1,2026-03-14,100.55
9,8,2026-05-03,307.48
64,993,2026-05-12,296.72
1,1,2026-02-24,156.55
1,615,2026-08-06,126.45
1,1,2026-07-06,191.48
1,1,2026-02-27,172.03
1,2,2026-02-03,218.93
6,14,2026-06-10,86.01
1,7,2026-01-01,358.4
1,4,2026-01-28,443.56
16,9,2026-03-25,309.35
2,5,2026-05-17,315.33
884,54,2026-05-23,419.97
939,1,2026-02-06,310.7
3,2,2026-03-16,48.69
2,1,2026-02-16,259.13
3,2,2026-06-08,11.16
23,2,2026-05-24,478.5
362,494,2026-01-10,124.13
6,1,2026-08-22,484.69
1,2,2026-04-13,428.08
3,4,2026-07-23,451.68
51,1,2026-06-24,10.7
2,31,2026-04-23,16.64
195,2,2026-07-01,299.63
1,1,2026-03-14,32.19
1,6,2026-05-02,392.83
520,1,2026-01-08,426.86
54,109,2026-04-20,170.6
1,1,2026-07-10,208.56
1,5,2026-06-08,340.89
3,1,2026-01-10,319.8
2,379,2026-07-03,74.34
54,2,2026-06-26,428.54
29,1,2026-06-05,240.61
10,2,2026-04-26,316.65
2,1,2026-04-04,134.28
2,5,2026-02-11,53.3
1,15,2026-08-24,495.02
28,332,2026-01-16,214.26
4,9,2026-08-18,423.79
35,5,2026-06-02,80.96
8,43,2026-07-13,350.67
43,25,2026-02-05,100.13
24,1,2026-02-22,462.48
1,12,2026-02-28,492.37
175,17,2026-04-08,89.47
43,451,2026-05-14,263.63
1,1,2026-06-03,183.68
1,17,2026-04-06,472.6
4,20,2026-06-06,183.1
2,1287,2026-08-18,228.02
2,10,2026-01-11,475.53
2,10,2026-01-28,474.04
12,1,2026-05-09,100.52
5,1,2026-07-01,407.26
1,1,2026-05-18,227.57
16,14,2026-06-07,169.95
1428,55,2026-08-27,16.73
203,1,2026-07-08,246.31
2,1,2026-01-10,497.88
21,12,2026-04-18,485.89
3,1,2026-07-02,72.63
1,7,2026-01-24,67.43
1,1,2026-04-10,23.48
10,1,2026-03-08,58.2
1,1,2026-04-11,78.41
1,2,2026-06-04,452.93
2,411,2026-06-03,102.1
11,66,2026-05-21,411.81
49,3,2026-07-10,259.27
40,1,2026-02-23,171.76
20,64,2026-02-18,7.58
26,17,2026-03-04,43.56
23,67,2026-04-23,349.5
1252,9,2026-01-25,258.19
210,13,2026-01-23,327.73
12,18,2026-06-04,95.19
4578,1,2026-07-22,123.1
1,9,2026-08-10,317.28
1386,1,2026-08-20,192.18
149,1,2026-02-25,227.05
3,1,2026-05-10,390.81
33,4,2026-01-04,282.24
66,1,2026-06-02,111.82
188,2,2026-06-28,89.29
4206,59,2026-07-06,189.18
7,2,2026-01-16,48.49
1,7,2026-06-19,117.17
14,3,2026-08-18,253.71
147,1,2026-08-23,154.01
1228,20,2026-01-22,31.15
511,3,2026-02-26,118.15
4,16,2026-08-14,327.11
1,22,2026-01-20,434.19
1,14,2026-03-04,130.53
3,6,2026-08-07,396.97
1,851,2026-07-13,175.66
1,1,2026-04-27,284.64
595,21,2026-07-08,336.77
2,15,2026-07-08,465.28
1,1,2026-03-01,331.48
2,1,2026-02-18,201.85
2,5,2026-04-24,457.94
28,1,2026-03-22,94.86
3,2,2026-07-07,422.79
1,2,2026-02-25,221.93
2,14,2026-01-16,364.92
222,560,2026-04-11,366.29
2,119,2026-06-22,462.13
2,1,2026-04-22,362.84
3,3,2026-05-06,32.02
2,178,2026-05-02,176.85
1,16,2026-03-14,430.72
3,2,2026-05-12,445.04
5,1,2026-07-13,184.65
36,253,2026-05-17,73.49
1,21,2026-08-01,53.71
6,1,2026-08-06,253.83
9,10,2026-08-16,341.26
10,16,2026-07-23,229.11
1,42,2026-04-03,419.48
1,4,2026-05-10,393.43
7,39,2026-08-02,436.29
292,1,2026-03-11,193.72
8,54,2026-02-10,235.23
277,7,2026-06-23,137.42
11,22,2026-06-01,476.71
4,21,2026-05-20,374.65
2,34,2026-05-13,143.58
1,2,2026-06-24,115.52
2,1,2026-06-21,220.19
2,3,2026-06-18,154.78
2,2,2026-08-12,256.89
6,6,2026-03-14,229.69
2,14,2026-07-09,90.6
1,109,2026-01-26,222.07
2,2,2026-05-18,473.07
6,1,2026-04-04,299.49
7,14,2026-05-18,240.7
7,2,2026-05-18,259.86
6,16,2026-08-09,30.41
57,18,2026-08-19,481.87
6,1,2026-03-02,408.23
1,1529,2026-08-19,343.33
1,106,2026-05-28,136.95
4,14,2026-08-07,322.97
5,46,2026-08-15,214.24
2,27,2026-04-20,210.88
99,1,2026-03-15,365.56
1,2,2026-08-26,259.44
1,1,2026-05-04,125.88
1,10,2026-02-07,494.69
198,1,2026-08-22,264.74
61,31,2026-07-13,123.1
2,11,2026-01-16,293.53
3,58,2026-04-28,453.72
10,5,2026-02-25,490.81
2,54,2026-06-03,38.17
1,1415,2026-06-18,499.91
51,4,2026-07-15,209.43
3,13,2026-06-23,20.18
314,1,2026-01-14,42.3
2209,25,2026-04-15,21.25
195,5,2026-07-14,369.31
24,54,2026-08-22,362.75
2,8,2026-02-16,232.29
6,1,2026-07-24,465.87
1366,6,2026-01-05,290.75
1,1,2026-07-13,56.96
34,1,2026-05-25,381.7
144,27,2026-01-21,148.28
22,6,2026-08-02,362.95
50,1,2026-04-18,29.48
5,2,2026-02-07,407.06
1,1,2026-06-27,341.52
6,1,2026-07-27,336.74
1,255,2026-08-10,332.38
1,12,2026-05-28,153.18
21,1,2026-03-05,105.6
27,9,2026-01-15,369.7
1,8,2026-03-15,118.49
73,8,2026-04-24,446.73
2,1463,2026-06-17,243.74
4,6,2026-02-14,374.5
14,5,2026-08-20,90.96
1,1,2026-05-18,491.23
2,1,2026-01-04,261.08
4,5,2026-05-24,202.33
1,3,2026-01-21,380.2
9,6,2026-01-19,202.45
1,14,2026-04-07,381.93
26,21,2026-05-15,5.28
1,1,2026-07-22,467.72
2,8,2026-07-13,498.06
17,2,2026-08-11,285.67
2,1,2026-08-10,341.14
49,15,2026-05-18,168.64
2,55,2026-02-03,288.56
3,106,2026-01-10,173.6
1403,1,2026-03-03,114.51
1660,9,2026-01-23,18.57
1,4,2026-08-19,473.5
1170,4,2026-01-28,467.16
8,6,2026-02-10,420.09
10,4,2026-01-03,315.7
3,247,2026-03-13,370.02
39,17,2026-04-21,326.02
86,2,2026-02-01,144.74
363,26,2026-07-13,492.33
24,2,2026-08-19,481.14
2,1,2026-01-16,459.2
331,134,2026-02-22,14.89
13,15,2026-07-03,157.52
10,1,2026-03-13,468.4
1,1,2026-02-19,62.35
30,1,2026-05-10,177.71
2,1,2026-04-18,131.64
217,12,2026-07-13,407.85
10,5,2026-02-04,256.98
463,2,2026-07-18,347.94
35,4,2026-06-10,269.71
38,9,2026-02-20,256.09
1,3,2026-08-15,290.26
7,1,2026-07-21,323.51
1,2,2026-06-01,217.53
3,9,2026-02-08,405.59
5,15,2026-04-26,386.3
6,6,2026-08-08,370.75
1,3,2026-08-17,34.78
2,12,2026-08-20,242.14
45,1,2026-02-25,286.34
33,1,2026-05-05,66.73
954,1,2026-08-11,207.68
1,3,2026-02-14,107.85
313,3,2026-04-03,22.67
1,2,2026-03-14,54.08
450,849,2026-02-25,155.15
2,7,2026-02-22,226.42
5,9,2026-05-19,96.87
5,213,2026-03-24,310.46
4,7,2026-04-23,137.75
720,1,2026-05-09,381.72
6,244,2026-01-27,308.02
3,113,2026-05-16,385.8
1,21,2026-03-03,107.01
16,54,2026-04-15,496.09
2,9,2026-02-26,258.38
2,1,2026-03-16,306.4
2,1,2026-06-26,193.66
5,3,2026-02-15,382.02
23,1,2026-08-01,127.17
3317,8,2026-03-14,305.86
3250,1,2026-08-23,146.79
19,14,2026-02-16,350.57
2,89,2026-03-08,458.77
67,1,2026-03-05,486.99
6,7,2026-02-17,134.36
6,1,2026-06-10,472.43
8,7,2026-01-07,353.95
23,9,2026-05-14,408.65
26,5,2026-05-18,300.3
9,2,2026-08-06,142.75
14,31,2026-06-25,46.51
1,5,2026-05-05,301.36
1,5,2026-05-24,427.52
6,6,2026-04-10,479.89
4,71,2026-02-25,492.88
23,1,2026-05-12,24.11
5,4,2026-05-22,227.42
16,4,2026-04-13,348.16
6,58,2026-05-03,23.42
2,3,2026-01-20,250.85
4,1,2026-08-24,205.18
13,21,2026-06-03,440.2
2,65,2026-02-11,300.4
2,6,2026-08-09,433.53
2,4,2026-04-18,59.88
1,54,2026-05-12,232.77
2,1,2026-01-09,476.78
30,485,2026-06-09,440.2
2,1,2026-05-14,195.47
16,1,2026-02-11,231.37
10,27,2026-02-26,78.56
61,2,2026-07-10,275.73
40,2,2026-02-17,377.13
7,2,2026-07-19,98.5
1,22,2026-02-04,86.26
5,6,2026-06-18,64.32
1,2,2026-08-22,128.98
1,99,2026-04-21,160.44
1,8,2026-04-16,486.84
5,27,2026-07-09,183.41
1,2,2026-05-19,445.62
5,23,2026-02-16,122.51
17,35,2026-04-10,390.44
3,6,2026-05-28,455.5
1,15,2026-08-22,271.79
2,152,2026-05-17,409.04
37,4,2026-06-19,491.46
1,7,2026-03-07,441.33
14,1,2026-06-23,258.87
1,1,2026-07-12,453.53
3,10,2026-05-13,445.48
2,11,2026-07-04,264.26
5,173,2026-04-13,55.84
64,2,2026-08-20,467.46
3,9,2026-06-06,197.92
22,2,2026-08-27,396.16
4,2,2026-06-23,255.93
2,567,2026-02-06,401.32
24,10,2026-05-02,260.44
2,11,2026-01-27,97.16
1,1,2026-06-11,134.33
96,2,2026-07-09,49.97
2,6,2026-02-21,360.49
5,11,2026-04-12,279.67
5,8,2026-05-12,33.46
5674,1,2026-07-16,160.69
3,1,2026-02-06,234.95
3,1,2026-05-01,214.49
2,1,2026-08-17,418.32
13,1,2026-01-05,5.52
2,3,2026-01-05,272.31
1,1,2026-04-10,109.53
3,2,2026-05-18,460.52
1621,4,2026-04-01,54.13
1,1,2026-07-15,351.61
1,8,2026-08-28,349.07
4,2,2026-06-22,386.2
27,500,2026-04-04,252.29
2,165,2026-04-13,466.62
4,5,2026-01-03,438.96
2,60,2026-02-12,205.95
12,4,2026-04-09,452.69
1,3,2026-04-20,379.75
7,199,2026-04-06,83.44
6,119,2026-02-07,64.71
15,2,2026-06-25,161.17
10,4,2026-05-11,98.67
256,6,2026-04-10,175.75
216,4,2026-02-07,452.88
5,1,2026-03-01,226.36
1,6,2026-05-02,38.85
11,1,2026-08-24,412.72
12,286,2026-03-12,410.28
1,3,2026-03-16,420.81
2,10,2026-05-18,162.1
31,11,2026-04-20,22.57
2,13,2026-02-24,163.56
1,125,2026-07-20,425.85
2,4,2026-02-19,50.72
1,6,2026-08-02,281.32
2,2,2026-06-06,483.09
7,11,2026-08-09,87.04
1,1,2026-05-11,125.14
17,1,2026-07-22,12.02
34,48,2026-08-10,450.96
22,1,2026-08-16,430.14
6,7,2026-03-06,226.65
1,3,2026-04-11,222.93
2351,183,2026-02-05,318.15
2,2,2026-06-28,267.87
3,1,2026-04-03,224.21
13,3,2026-06-02,181.73
1,1,2026-02-03,371.13
8,3,2026-03-11,294.53
1,4,2026-07-11,471.23
2,21,2026-03-23,54.59
12,319,2026-02-05,441.11
45,3,2026-01-04,263.62
1,4,2026-07-16,462.16
1,30,2026-05-10,394.21
1,305,2026-04-21,266.39
1,2,2026-01-13,243.85
2,3,2026-03-10,357.18
6,4,2026-03-05,27.85
2,4,2026-02-05,51.0
1,1,2026-06-09,430.79
2,1,2026-05-28,222.4
1,1,2026-05-05,392.11
32,3,2026-06-20,494.8
63,2,2026-06-23,41.74
1,4,2026-02-15,462.63
2,6,2026-03-06,394.62
142,305,2026-04-25,9.67
1,35,2026-01-13,31.72
2,1,2026-01-11,474.92
1,1,2026-03-02,452.6
1,1,2026-04-18,252.99
8,2,2026-04-13,443.39
4,4,2026-06-16,82.67
1,765,2026-08-07,461.26
20,1,2026-02-27,148.81
1352,3,2026-05-08,57.77
11,1,2026-06-11,185.0
3384,8,2026-07-13,7.7
195,2,2026-06-15,332.43
61,1,2026-08-08,83.32
2,10,2026-07-13,341.1
3,236,2026-03-07,152.06
1,25,2026-01-17,172.68
1,4,2026-07-25,246.79
1,1,2026-01-25,473.25
45,1,2026-03-02,30.86
5,1,2026-06-05,486.59
298,2,2026-03-20,416.04
36,17,2026-01-23,320.78
1156,47,2026-05-06,421.99
814,1,2026-07-12,324.08
96,135,2026-08-05,101.55
42,5,2026-08-26,310.2
2,2,2026-01-27,416.07
9,3,2026-05-14,56.2
1,5,2026-04-11,254.68
1,1,2026-07-18,264.84
969,15,2026-05-12,196.22
1,5,2026-02-24,317.29
127,489,2026-08-23,7.58
1,6,2026-01-19,262.82
14,15,2026-02-12,109.55
6,1,2026-07-05,247.39
1,17,2026-01-14,82.19
1,3,2026-05-07,420.58
10,1,2026-06-03,287.63
5,3,2026-08-01,404.85
5,2,2026-03-22,9.79
84,7,2026-04-28,426.37
7,22,2026-06-21,374.29
2,1,2026-01-23,373.26
4,1,2026-07-21,380.07
39,2,2026-07-03,351.53
6,1,2026-02-13,51.84
1,21,2026-01-08,165.59
3,6,2026-05-01,63.69
125,1,2026-03-09,395.74
243,1605,2026-04-03,256.83
9,5,2026-05-17,85.24
3,2,2026-01-02,65.49
7,231,2026-05-06,176.91
20,16,2026-03-27,10.88
1,5,2026-04-26,67.49
4,6,2026-05-24,352.4
9,1,2026-04-06,180.0
1,1,2026-04-11,105.17
3,111,2026-01-04,182.32
5,1,2026-06-24,45.19
1,2,2026-08-05,299.13
6,4,2026-05-11,144.55
7,15,2026-01-14,303.28
58,1,2026-03-19,331.86
71,8,2026-03-27,398.53
2,8,2026-07-08,356.65
16,6,2026-02-17,493.72
43,4,2026-02-18,459.69
89,1,2026-07-18,316.85
3,12,2026-05-13,452.11
2,1,2026-05-07,201.03
1,59,2026-01-08,100.28
1,7,2026-07-23,40.87
55,1,2026-05-08,90.28
3,94,2026-07-17,102.02
1,2,2026-04-28,251.48
116,1,2026-04-07,347.06
66,45,2026-03-26,390.86
1,2,2026-07-04,91.91
1,20,2026-06-25,171.7
1,13,2026-02-21,17.53
3,37,2026-01-17,430.35
7,8,2026-04-05,112.51
26,944,2026-06-11,57.27
11,100,2026-06-19,445.42
361,1,2026-03-27,316.22
17,5,2026-04-24,262.33
1,12,2026-07-13,450.6
1,8,2026-04-14,184.76
129,17,2026-01-25,418.31
8,1,2026-04-06,179.14
12,1,2026-04-07,97.17
3,17,2026-06-11,272.66
2434,1,2026-02-23,276.01
161,11,2026-07-11,98.25
1,22,2026-05-03,110.76
54,3,2026-08-08,350.72
3,2,2026-06-24,128.95
6,1,2026-06-17,260.96
250,4,2026-07-14,131.28
1,80,2026-07-25,463.57
3,1,2026-04-03,6.18
1,4,2026-01-15,193.08
11,58,2026-05-25,77.53
1061,15,2026-01-02,190.66
465,3,2026-01-04,204.57
1944,3,2026-08-26,336.33
1,17,2026-05-12,320.08
4,1,2026-08-11,232.34
5,1,2026-08-05,318.58
2,6,2026-05-25,9.39
2,10,2026-02-25,429.67
2,131,2026-04-11,40.22
1,1,2026-02-21,211.78
1,1,2026-05-23,360.59
1,15,2026-08-08,148.32
195,1,2026-08-07,344.69
4,1,2026-08-06,97.88
18,1,2026-02-28,496.14
4,4,2026-03-23,336.22
5,21,2026-07-03,443.91
20,1,2026-04-09,451.36
1,1,2026-07-12,447.37
6,1,2026-07-08,347.7
4,43,2026-08-24,320.26
2,47,2026-07-27,203.67
2,1,2026-04-02,206.62
2087,7,2026-03-07,444.87
4,1,2026-03-10,404.69
9,1,2026-03-25,247.46
44,28,2026-08-25,309.63
11,4,2026-05-12,420.71
8,3,2026-05-19,476.85
152,6,2026-05-04,98.4
23,5,2026-08-14,209.38
36,2,2026-06-12,200.79
3,1,2026-07-16,76.82
1,12,2026-07-13,466.54
407,15,2026-08-04,419.33
282,4,2026-06-02,224.52
3,6,2026-04-07,187.03
1,1,2026-07-25,18.42
455,1,2026-04-19,324.27
32,11,2026-01-12,212.25
7,35,2026-08-06,359.93
1,194,2026-02-25,354.23
1,1,2026-07-14,48.45
4,624,2026-02-14,452.9
401,1,2026-08-25,133.15
2,1,2026-06-06,405.71
50,13,2026-06-03,238.24
69,1,2026-08-04,199.46
2,4,2026-01-21,81.89
130,5,2026-06-25,373.78
12,27,2026-03-24,31.86
189,2,2026-06-25,423.7
11,3,2026-03-20,267.87
18,2,2026-06-06,284.88
186,1,2026-07-05,347.24
22,18,2026-02-12,361.81
3,2,2026-05-17,267.98
562,127,2026-08-02,80.45
11,274,2026-05-22,201.2
3,52,2026-04-21,186.29
1,991,2026-06-01,473.75
307,13,2026-04-05,109.62
1,7,2026-05-13,431.46
1054,1,2026-08-04,104.97
1,19,2026-05-22,414.28
1,9,2026-04-05,224.93
1,1,2026-02-09,306.53
5,3,2026-04-24,315.56
19,1,2026-03-25,113.51
31,1,2026-03-07,80.19
13,1,2026-08-14,175.14
93,3,2026-03-02,400.64
747,2,2026-07-20,479.63
28,10,2026-02-17,340.36
5,26,2026-08-26,344.38
487,9,2026-02-17,103.59
84,1,2026-05-10,432.77
5,1,2026-03-12,217.96
71,2,2026-07-08,333.18
7,11,2026-04-02,127.06
6,1,2026-03-10,453.54
2,1,2026-04-11,98.44
1,50,2026-03-01,280.81
2,1,2026-06-27,191.12
1,4,2026-04-06,485.97
1,1,2026-01-04,400.64
9,5,2026-04-01,133.38
265,2,2026-08-26,432.79
1,2,2026-03-01,399.64
3,60,2026-04-17,51.82
31,8,2026-04-19,216.19
13,1,2026-08-11,227.33
4,4,2026-07-25,208.36
1,515,2026-01-03,158.34
3,4,2026-03-28,178.07
1,1,2026-04-01,56.82
1,4,2026-08-14,213.74
12,192,2026-03-17,311.26
1,3,2026-05-02,101.16
118,3,2026-01-19,418.58
2,243,2026-07-05,442.05
12,2,2026-01-15,446.5
3,2,2026-03-18,429.89
36,1,2026-02-12,118.14
1,9,2026-06-21,473.71
1,1,2026-07-23,107.75
8,1,2026-02-28,64.63
1,3,2026-02-20,480.53
2,12,2026-04-21,102.95
44,1,2026-02-19,372.04
464,2,2026-05-04,390.31
211,118,2026-08-25,414.06
44,1,2026-07-15,332.61
1,4,2026-01-10,207.2
7,1,2026-07-11,184.19
23,27,2026-06-05,455.38
160,1,2026-02-24,346.05
8,214,2026-06-16,460.37
21,1,2026-06-08,60.44
4,1,2026-04-23,84.98
263,124,2026-02-02,172.36
61,138,2026-06-20,194.56
2,15,2026-05-20,450.02
40,28,2026-08-10,116.02
128,1,2026-02-02,329.04
5,2,2026-02-23,5.17
1,22,2026-03-05,213.21
76,3,2026-08-11,351.8
22,1,2026-03-17,219.71
1,479,2026-05-08,7.73
26,1,2026-02-09,40.52
41,1,2026-02-08,395.86
1,1,2026-06-28,110.84
2,43,2026-07-24,149.68
43,29,2026-07-23,427.3
2,5,2026-05-02,380.24
60,2,2026-03-18,48.75
123,1,2026-06-11,400.07
4,2,2026-02-04,346.74
1,3,2026-04-13,180.91
760,2,2026-03-19,362.91
19,217,2026-06-21,206.3
8,2,2026-01-07,76.71
2,980,2026-06-06,315.78
1,4,2026-05-26,206.67
80,46,2026-01-19,124.23
3,8,2026-01-16,16.71
42,2,2026-02-13,271.86
1,1,2026-01-03,404.08
51,4,2026-01-26,395.95
1,2496,2026-04-23,78.11
12,1,2026-07-28,326.24
11,1,2026-04-23,236.16
2,29,2026-05-17,231.53
2,26,2026-06-07,153.6
4,1,2026-02-08,351.32
23,5,2026-03-25,283.69
4,4,2026-01-27,470.39
20,5,2026-04-17,55.99
2,5,2026-06-12,390.85
1,1,2026-04-27,367.67
5,84,2026-08-22,318.17
66,1,2026-08-21,321.38
1,27,2026-08-08,240.56
156,3,2026-01-04,478.86
1,1,2026-06-11,275.47
256,1,2026-06-09,480.35
2,1,2026-08-01,56.88
1,3,2026-04-19,211.52
250,7,2026-04-27,133.06
8,2,2026-03-12,264.31
168,3,2026-05-14,381.09
3,2,2026-01-11,397.07
3,1,2026-08-09,485.07
1,2,2026-02-25,8.08
1,1,2026-05-23,345.84
1187,2,2026-08-11,289.74
17,2,2026-02-20,207.83
3,1,2026-04-08,103.56
23,6,2026-05-27,214.35
168,24,2026-08-19,9.66
34,59,2026-01-18,433.39
12,230,2026-04-24,406.15
2,1,2026-04-26,262.16
14,3,2026-04-26,233.99
195,1,2026-04-24,185.73
3,23,2026-06-26,468.18
5,3,2026-01-04,243.5
7,1,2026-01-10,250.85
1,7,2026-08-03,499.3
1,1,2026-07-08,492.99
3,77,2026-03-05,359.9
22,1,2026-02-17,278.74
66,4,2026-03-15,489.37
3185,1,2026-07-05,350.41
9,2,2026-06-15,420.4
6,5,2026-01-14,54.2
42,2,2026-06-19,130.86
111,27,2026-03-05,168.09
2,1,2026-08-28,280.4
4,1,2026-08-27,105.88
97,18,2026-02-14,353.0
2,2,2026-04-09,121.57
1,19,2026-01-02,292.05
36,1,2026-03-10,306.05
1,1,2026-08-04,91.0
5,112,2026-06-23,15.05
1,5,2026-02-12,262.27
1,3,2026-03-21,159.61
16,25,2026-07-22,453.33
15,7,2026-04-20,249.92
1,2,2026-06-21,433.73
1,2,2026-07-24,250.71
392,82,2026-04-24,264.0
29,2,2026-08-05,122.52
13,2,2026-07-18,70.84
1,552,2026-04-12,392.77
112,13,2026-06-16,478.36
168,1,2026-03-21,424.22
11,1,2026-05-17,275.84
106,1376,2026-06-18,220.43
2,1,2026-05-14,422.06
47,92,2026-01-09,406.08
1,13,2026-08-28,368.16
1,3,2026-04-05,480.13
1,122,2026-07-18,96.21
105,60,2026-06-11,297.17
255,1,2026-04-20,349.0
1,108,2026-04-20,70.06
20,1,2026-05-02,51.29
2,926,2026-06-02,461.58
214,4,2026-07-07,254.83
3,13,2026-04-12,118.07
3,1,2026-01-10,151.15
1,7,2026-03-09,499.83
1,8,2026-02-03,392.35
5,1,2026-03-07,36.43
3,1,2026-05-20,252.26
25,1,2026-01-11,246.24
4,2,2026-07-12,274.29
6,6,2026-02-25,7.64
4,1,2026-08-26,295.63
9,1,2026-07-04,245.67
19,59,2026-06-24,270.15
369,1453,2026-07-11,309.18
1,1,2026-08-26,28.05
3,6,2026-04-20,38.35
13,7,2026-05-01,392.03
3,2,2026-02-13,195.62
22,5,2026-04-10,347.22
88,1,2026-01-21,74.75
425,51,2026-06-14,278.79
35,1,2026-07-27,387.53
10,12,2026-02-04,393.78
7,476,2026-05-04,39.17
16,146,2026-02-10,252.46
197,2,2026-05-08,265.97
1,1,2026-01-01,415.62
12,1,2026-04-12,432.3
1,4,2026-03-05,465.88
1,2,2026-07-24,307.3
12,4,2026-07-09,178.49
3,2,2026-05-11,114.08
2,1,2026-08-08,189.99
1032,1,2026-03-13,257.31
7,6,2026-02-26,180.99
14,1,2026-02-20,48.01
94,3,2026-02-05,252.36
206,11,2026-02-25,482.03
1,81,2026-01-04,268.06
2,2,2026-03-28,11.26
2,1,2026-06-03,449.2
138,1,2026-05-08,283.69
4,33,2026-01-11,480.92
8,1,2026-08-24,430.9
6,251,2026-07-01,48.45
3,1,2026-04-11,351.1
1,19,2026-05-03,228.83
22,21,2026-07-11,46.88
243,4,2026-04-01,232.51
9,14,2026-02-12,455.52
50,8,2026-08-16,286.71
76,2,2026-04-12,418.89
1,19,2026-08-26,314.52
4,25,2026-04-17,240.99
17,1,2026-04-11,418.86
3029,2,2026-05-05,37.03
47,800,2026-06-21,115.16
1,11,2026-03-26,286.39
2,2,2026-04-20,398.53
1,14,2026-04-24,401.81
3,297,2026-07-17,332.13
2,53,2026-03-21,155.79
1,1,2026-01-22,20.25
5,3,2026-08-16,325.91
149,75,2026-04-19,140.28
21,1,2026-04-01,260.99
1,19,2026-05-24,184.91
9,5,2026-06-09,224.72
12,1,2026-05-08,253.13
28,11,2026-04-28,193.27
5,2,2026-01-01,76.15
6,3,2026-08-08,447.77
430,65,2026-05-17,293.88
1,3,2026-05-05,477.62
1,2,2026-03-17,199.78
19,1,2026-03-26,279.06
12,4,2026-02-18,422.8
1,1,2026-02-22,260.39
27,77,2026-02-13,377.52
15,5,2026-02-23,307.82
2,1,2026-08-15,137.54
2,4,2026-02-15,401.88
3,5,2026-04-19,446.57
15,8,2026-01-02,24.25
1,1,2026-04-24,460.36
2,1,2026-06-04,218.71
3,4,2026-02-23,490.58
15,15,2026-05-11,116.5
6,1,2026-04-09,348.72
1,1,2026-04-16,218.81
37,4,2026-08-13,33.34
50,16,2026-02-04,189.77
5,792,2026-07-08,118.99
2,3,2026-05-01,400.66
40,8,2026-02-01,331.34
69,1,2026-08-27,499.42
36,153,2026-08-11,30.39
7,1,2026-01-03,431.91
2,8,2026-01-13,70.66
1,1,2026-06-14,334.97
1,249,2026-06-13,223.2
4,1,2026-08-26,250.99
6618,1,2026-05-11,278.01
5,9,2026-01-04,196.14
84,2,2026-04-20,293.09
44,95,2026-08-18,409.73
5,957,2026-02-14,140.4
2845,20,2026-07-15,462.23
3,1,2026-01-10,283.2
13,2,2026-02-27,249.43
9,2,2026-01-03,53.48
2,10,2026-07-11,75.76
1,1,2026-02-25,115.97
2,6,2026-07-14,346.56
2,13,2026-05-26,188.29
9,7,2026-06-28,151.04
1,2,2026-04-18,251.53
1,80,2026-08-11,25.26
12,21,2026-08-09,251.47
6,16,2026-01-12,380.06
3,2,2026-08-01,376.55
11,3,2026-06-03,85.89
543,67,2026-06-23,305.46
1,1,2026-04-28,225.19
1,35,2026-05-03,33.14
35,9,2026-01-06,407.25
1,242,2026-06-08,418.69
1,1,2026-03-09,460.63
163,1,2026-06-12,149.03
7,2,2026-05-11,367.07
6,5,2026-06-16,86.06
1,28,2026-01-14,450.51
22,1,2026-07-14,34.04
70,5,2026-07-22,172.61
32,1,2026-02-26,134.71
7,7,2026-05-26,86.54
59,3,2026-07-26,497.09
1,78,2026-06-14,298.62
12,1,2026-03-18,38.16
1,1,2026-05-07,29.6
265,1,2026-06-06,269.76
5,3,2026-06-17,267.54
7,3,2026-04-16,369.81
1,1,2026-03-26,275.63
2,5,2026-04-22,121.53
7,19,2026-05-15,271.05
4,2,2026-04-05,173.11
1,57,2026-03-16,149.99
2,7,2026-08-24,32.27
24,1,2026-01-17,175.93
6,15,2026-03-09,432.62
180,3,2026-04-25,220.0
18,1,2026-04-21,130.78
67,1,2026-02-01,211.31
1,217,2026-06-05,141.57
1,23,2026-01-14,294.93
14,265,2026-06-27,227.83
1,7,2026-06-10,134.4
3,5,2026-07-12,23.0
2,1,2026-02-26,329.06
7,1,2026-04-27,423.93
1,34,2026-02-11,350.62
1,35,2026-02-12,235.05
1,12,2026-01-07,479.0
15,13,2026-06-16,256.95
4,2,2026-01-14,338.39
15,3,2026-01-26,427.45
1,212,2026-06-17,96.83
10,1,2026-06-25,256.96
460,3,2026-07-26,365.96
8,59,2026-08-17,357.07
39,1,2026-03-07,76.97
1,24,2026-07-22,218.58
2,107,2026-06-14,214.93
3,9,2026-01-06,427.59
7,2,2026-03-12,381.28
3,730,2026-07-27,172.05
933,6,2026-02-25,89.63
1,1,2026-07-07,109.57
214,2247,2026-01-27,285.91
21,1,2026-05-16,478.28
13,28,2026-03-17,409.35
6,1,2026-07-17,388.43
5,28,2026-02-07,139.29
17,3,2026-05-09,148.73
5,1,2026-08-23,27.19
225,5,2026-05-05,347.64
31,1,2026-05-21,299.6
6,18,2026-05-11,350.61
3,10,2026-02-04,343.47
3,27,2026-01-12,184.77
6,1,2026-03-07,230.56
226,133,2026-02-14,371.27
5,8,2026-02-12,73.09
3,1,2026-05-02,255.82
60,7,2026-01-12,39.98
1,108,2026-06-06,414.53
6,197,2026-07-27,300.27
163,11,2026-02-15,290.62
33,962,2026-06-24,259.27
3,48,2026-03-13,453.2
635,1,2026-06-03,115.1
1,280,2026-07-10,496.67
20,94,2026-04-05,354.92
2,14,2026-03-04,335.97
1254,4,2026-02-10,163.96
25,11,2026-05-11,233.31
1063,13,2026-02-02,444.76
176,16,2026-03-07,258.34
24,17,2026-06-25,100.54
5965,2,2026-08-12,304.21
8,104,2026-08-04,234.57
31,18,2026-06-07,113.13
1,8,2026-08-02,301.74
1,1,2026-08-20,21.69
23,1,2026-01-06,341.16
1,2,2026-04-14,484.97
2241,4,2026-01-02,221.21
180,1023,2026-02-08,12.7
247,5,2026-05-20,125.65
1,5,2026-07-02,370.87
29,21,2026-01-22,328.93
8,8,2026-01-26,75.12
2,2,2026-06-22,119.34
6,1,2026-05-04,202.5
18,5,2026-05-19,67.38
1,53,2026-01-20,336.78
7,104,2026-08-24,413.89
2,17,2026-08-07,65.99
18,21,2026-06-13,32.98
3056,34,2026-04-23,296.34
9,1,2026-04-07,315.47
1,16,2026-02-13,495.25
28,6,2026-05-12,58.68
24,63,2026-07-08,143.17
6,139,2026-01-19,141.49
16,2,2026-04-16,185.63
270,103,2026-03-21,384.95
8,7,2026-07-06,381.14
14,2,2026-03-16,371.56
2,244,2026-02-22,127.6
184,15,2026-03-28,389.4
1,3,2026-08-28,343.98
1,2,2026-05-05,56.94
1,11,2026-04-18,422.55
57,589,2026-02-11,189.8
82,4,2026-07-26,139.68
17,1,2026-08-01,154.43
12,34,2026-02-15,203.08
1,1,2026-03-12,227.55
866,5,2026-08-13,126.57
3,14,2026-04-13,413.64
1,1,2026-03-15,185.8
10,8,2026-08-17,392.94
22,10,2026-07-03,170.45
6,6,2026-04-14,414.5
10,5,2026-03-17,220.52
22,338,2026-07-06,433.58
19,1,2026-02-19,145.76
1,1,2026-07-22,160.39
6,11,2026-02-11,327.03
2,198,2026-03-27,490.95
1525,3,2026-08-19,98.63
4,26,2026-04-02,71.96
7,1,2026-05-28,464.86
7,20,2026-04-05,122.66
802,4,2026-07-13,494.86
7,18,2026-04-16,413.21
7,1,2026-05-24,170.57
4,13,2026-05-02,318.81
2,2,2026-08-24,188.68
52,5,2026-06-16,440.93
1,3,2026-03-04,241.18
55,15,2026-05-12,139.7
8,2,2026-08-27,48.62
1,15,2026-01-22,161.01
17,1,2026-08-28,15.97
6,25,2026-02-04,445.58
8,1,2026-07-08,446.34
264,1,2026-06-03,312.85
4,57,2026-03-24,119.81
35,1,2026-03-17,332.93
1,6,2026-08-07,32.66
1,1,2026-03-15,64.15
2,9,2026-03-10,287.43
70,1,2026-02-26,390.11
2,28,2026-07-08,123.75
6034,1,2026-06-06,40.77
1,3,2026-06-19,345.32
18,209,2026-03-24,375.45
1,3,2026-05-04,111.96
120,3,2026-06-04,20.85
2,1,2026-05-02,457.64
2,3,2026-07-16,401.77
27,31,2026-06-05,360.37
3,4,2026-08-22,330.33
5,101,2026-05-11,355.8
1,40,2026-05-03,321.52
1,3,2026-07-25,184.05
4,2,2026-02-09,453.49
22,3,2026-02-21,291.45
31,91,2026-01-22,183.93
4638,6,2026-08-06,257.39
5,445,2026-04-09,396.76
5,7,2026-07-06,273.76
286,2,2026-08-08,335.16
5,9,2026-05-19,203.34
3,94,2026-08-24,268.62
5,1,2026-02-12,232.89
4,651,2026-01-27,313.92
1,2,2026-07-12,298.78
10,1,2026-01-23,25.03
2,2,2026-06-28,302.32
686,105,2026-04-01,240.43
1,13,2026-05-05,8.79
41,2660,2026-08-19,50.63
1,2,2026-02-10,494.48
165,9,2026-08-09,93.02
1,3,2026-04-28,47.71
4,19,2026-08-16,64.37
25,3,2026-05-19,431.69
2,1,2026-03-02,115.32
6,122,2026-08-03,9.37
7,1,2026-05-18,60.2
132,1,2026-08-27,83.55
1,161,2026-05-05,5.3
2,5,2026-03-11,131.58
124,4,2026-01-13,77.98
7,3,2026-03-16,483.96
23,57,2026-02-22,16.42
1,1,2026-04-18,455.63
5,1,2026-01-17,367.15
9,230,2026-05-10,26.86
2,23,2026-02-10,254.98
21,6,2026-03-27,480.85
167,1,2026-05-23,366.6
20,22,2026-01-04,187.57
5,4,2026-07-07,112.55
5,7,2026-06-21,467.53
7,1,2026-07-05,38.27
81,1,2026-02-09,63.7
5972,23,2026-04-25,459.88
670,183,2026-02-08,37.53
2,2,2026-05-11,58.84
4,1100,2026-07-18,399.56
1,319,2026-06-24,384.39
4,1,2026-01-05,99.75
2,8,2026-03-13,437.29
5592,473,2026-08-27,63.53
2,1,2026-06-10,362.33
4380,2,2026-07-01,36.43
2,1,2026-02-07,186.52
1,196,2026-04-20,31.07
1,4,2026-03-23,191.49
15,1,2026-02-06,421.15
1,2,2026-01-20,434.33
1330,15,2026-06-08,438.8
122,32,2026-03-17,402.54
5,1,2026-04-04,390.48
3,54,2026-07-15,308.1
1,33,2026-08-11,50.4
104,1828,2026-07-24,193.01
12,1,2026-08-01,331.54
58,1,2026-04-08,381.26
2,1,2026-03-25,271.48
46,5,2026-03-08,129.89
35,1886,2026-06-24,24.39
2,2,2026-08-18,471.84
2,1,2026-08-16,451.76
10,1,2026-05-28,357.35
6,1,2026-07-01,186.48
2,24,2026-07-22,99.33
14,28,2026-02-14,115.17
2,2,2026-06-20,406.55
2,1,2026-01-25,346.36
457,111,2026-02-14,232.31
1,4,2026-04-16,403.14
4,1,2026-02-27,413.41
1,1,2026-04-15,488.05
1,18,2026-04-12,176.7
1,11,2026-08-03,390.1
6,1,2026-08-19,179.21
1,71,2026-08-11,9.34
4,2,2026-02-10,186.81
8,2,2026-01-08,486.86
7,3,2026-02-01,400.65
207,686,2026-02-01,488.29
7,1,2026-06-12,161.69
26,365,2026-03-22,404.77
71,1,2026-02-20,212.17
1,84,2026-08-15,301.17
151,15,2026-08-07,301.2
2,105,2026-06-03,298.84
16,1,2026-08-01,471.85
32,1,2026-04-27,277.55
1,3,2026-05-11,413.74
7,6,2026-01-28,410.28
1874,153,2026-04-01,179.07
11,5,2026-07-12,440.41
1,6,2026-07-20,182.59
2,2,2026-04-14,107.51
1,15,2026-04-20,15.18
1,1,2026-05-06,188.94
99,14,2026-01-22,351.14
23,2,2026-03-03,297.53
1,323,2026-02-01,416.33
1310,1,2026-03-05,67.27
169,19,2026-04-04,443.43
10,14,2026-05-13,350.72
4,1,2026-01-28,300.14
14,1,2026-03-13,276.11
1,12,2026-05-15,66.37
3,2,2026-01-16,214.25
1,16,2026-03-22,487.62
3,79,2026-02-01,450.89
2,2,2026-06-26,470.86
11,33,2026-02-21,453.79
1,4,2026-02-15,462.8
1,29,2026-08-19,361.62
31,181,2026-08-28,452.17
2,87,2026-06-02,264.93
12,5,2026-07-04,286.14
90,1,2026-04-17,234.01
2,10,2026-06-12,437.85
18,23,2026-06-05,10.34
8,1,2026-03-15,400.68
188,15,2026-01-19,281.81
10,1,2026-05-21,49.06
237,81,2026-02-13,16.29
3,1,2026-08-09,33.19
4,15,2026-04-01,227.19
5,4,2026-03-27,101.37
1,6,2026-08-19,469.72
1,67,2026-08-08,218.49
2,3,2026-01-14,245.87
4,193,2026-03-17,25.33
94,1,2026-04-09,376.68
1,2,2026-03-01,211.59
6,184,2026-03-26,209.24
3224,3,2026-04-28,97.56
1001,1,2026-04-16,298.8
136,14,2026-04-18,346.81
40,36,2026-03-04,186.85
1,16,2026-04-14,50.56
1,236,2026-03-20,152.77
3,3,2026-01-05,141.39
67,2,2026-07-26,469.57
1,1,2026-07-07,311.73
1,5,2026-08-17,313.56
4,81,2026-01-24,128.66
1,2,2026-06-02,453.44
1,63,2026-07-24,27.21
4,1,2026-05-16,180.0
38,6,2026-03-24,48.11
11,1,2026-04-10,473.7
5,12,2026-04-03,87.81
3,932,2026-06-12,201.34
2,5,2026-03-12,86.08
60,17,2026-01-16,57.49
183,1,2026-04-16,22.3
4,205,2026-01-04,95.1
3700,1,2026-02-27,317.23
1,9,2026-06-18,271.39
213,3,2026-01-05,387.2
1,1,2026-02-26,425.02
3,1,2026-06-02,111.15
4304,3,2026-05-17,264.79
3,7,2026-02-28,151.89
38,6,2026-08-11,280.15
320,9,2026-04-24,236.89
1,1,2026-02-08,485.62
2,41,2026-02-16,92.25
1,33,2026-02-23,255.44
8,1,2026-06-12,285.59
2,1,2026-01-22,27.18
72,95,2026-03-25,29.12
2,2,2026-05-14,157.55
2,49,2026-06-14,185.67
3,2,2026-08-02,136.45
2,4,2026-02-09,343.48
1,2,2026-07-07,144.66
5,1,2026-01-26,378.55
10,4,2026-08-28,212.83
13,2,2026-04-21,198.9
4,5,2026-03-28,439.73
2,12,2026-07-25,204.75
1,1,2026-03-25,278.67
2,1,2026-01-11,164.41
5537,21,2026-05-19,143.36
1,6,2026-05-18,314.0
1,6,2026-02-10,306.92
5,1,2026-03-16,421.38
6,123,2026-08-17,202.02
1238,230,2026-06-03,118.42
1,3,2026-04-24,261.79
192,25,2026-04-02,6.49
1,3,2026-06-24,497.28
6,2,2026-07-12,281.42
38,2,2026-01-23,239.43
2,6,2026-06-03,476.56
10,36,2026-01-01,368.18
19,1,2026-06-19,222.6
5,1,2026-01-19,233.23
11,3,2026-03-11,334.04
6,5,2026-07-14,323.27
5,15,2026-08-22,370.32
39,24,2026-01-06,464.23
1,3,2026-05-02,489.71
2,1,2026-04-22,361.25
15,1,2026-07-21,262.45
43,1,2026-05-11,107.39
2,222,2026-08-19,142.81
1,429,2026-04-02,409.87
4,8,2026-02-22,357.84
259,7,2026-01-21,204.38
1,1,2026-07-06,175.2
9,22,2026-08-20,154.23
1040,15,2026-04-17,214.31
1,12,2026-05-15,209.54
6,16,2026-08-17,441.83
2,1,2026-01-14,83.0
45,22,2026-06-13,474.26
45,570,2026-04-14,277.94
5,2,2026-07-21,315.81
29,13,2026-06-13,323.07
1,11,2026-07-06,237.61
20,4,2026-03-17,485.92
24,1,2026-05-08,78.01
301,135,2026-05-10,260.0
4,6,2026-01-19,315.44
1,25,2026-04-13,97.9
2,5,2026-03-21,23.4
34,28,2026-02-06,374.1
19,1,2026-04-22,345.75
6,62,2026-07-26,360.94
501,131,2026-03-03,87.72
908,1,2026-04-19,413.37
4,1,2026-01-20,486.9
2,3,2026-05-07,34.06
3,1,2026-01-26,29.74
1,2,2026-01-12,394.89
4,1,2026-02-22,447.66
25,6,2026-04-10,77.67
4,138,2026-07-24,370.65
4,1,2026-05-07,341.55
1,1,2026-02-19,297.91
1,78,2026-07-28,194.83
6,217,2026-04-20,212.24
1,6,2026-04-14,373.25
1,285,2026-03-09,48.12
27,48,2026-01-13,222.01
120,5,2026-03-10,499.31
1,1,2026-03-25,248.63
97,2,2026-03-25,404.03
1,136,2026-01-22,313.32
34,195,2026-01-03,434.97
2,26,2026-04-05,186.94
3,1,2026-04-16,351.58
1,2,2026-02-08,498.41
22,103,2026-05-27,15.42
7,1,2026-03-24,58.24
1,2,2026-04-06,217.13
1,7,2026-04-25,88.53
11,63,2026-03-18,459.79
32,2,2026-01-28,147.04
159,25,2026-05-02,136.69
4,6,2026-08-19,253.87
583,73,2026-05-16,277.08
8,14,2026-01-08,102.4
22,232,2026-01-06,338.32
2,3,2026-04-18,428.57
10,1,2026-03-27,397.43
945,43,2026-06-27,402.41
1,1,2026-02-03,30.32
1,13,2026-03-21,38.38
5,92,2026-04-12,451.18
2,3,2026-05-03,270.73
11,7,2026-07-22,141.92
17,1,2026-05-15,335.66
13,2,2026-04-10,137.02
10,14,2026-06-01,265.96
158,2,2026-07-13,17.82
2,2,2026-08-23,59.18
14,12,2026-02-09,429.93
658,155,2026-01-10,28.82
4,78,2026-05-21,410.54
6,1,2026-02-01,131.61
34,75,2026-08-17,359.55
6,1,2026-07-01,376.98
1,1,2026-07-02,369.36
863,22,2026-08-22,185.88
626,1,2026-02-17,260.04
27,99,2026-04-20,43.76
3,2,2026-08-18,124.13
130,2,2026-01-26,337.16
2,1,2026-05-06,437.05
6,1,2026-07-21,163.65
6,1,2026-03-21,297.56
1,1,2026-08-07,139.31
157,1,2026-08-11,311.03
2,5,2026-02-03,246.71
6,1,2026-03-04,40.6
12,2,2026-03-14,27.51
1,15,2026-07-16,351.32
34,1,2026-01-06,394.34
18,3,2026-07-22,211.04
1,7,2026-01-26,18.83
1,3,2026-02-08,296.41
1,955,2026-05-02,376.16
8,50,2026-02-26,287.25
3,34,2026-03-11,274.82
3,2,2026-07-27,52.76
1,281,2026-05-21,389.02
2722,1,2026-06-09,181.94
1,2,2026-01-28,106.07
5,15,2026-01-04,218.88
56,40,2026-05-16,222.56
6,648,2026-03-10,33.95
9,4,2026-03-12,494.5
7,1,2026-08-21,284.52
13,1,2026-05-08,489.26
2,1,2026-08-20,290.74
1,1,2026-03-03,19.1
83,3,2026-08-16,121.08
5,3,2026-07-03,389.9
2,3,2026-03-14,400.19
1,245,2026-03-04,165.64
2,16,2026-07-27,317.47
122,1,2026-08-19,330.4
1,2,2026-03-13,136.53
390,3,2026-02-25,342.85
1,36,2026-08-14,114.0
10,3,2026-03-09,189.39
4,1,2026-07-26,250.6
10,16,2026-07-01,253.53
1973,4,2026-02-20,67.92
1,87,2026-04-01,143.17
6,11,2026-07-08,183.33
7,114,2026-08-28,436.68
7,43,2026-04-05,347.13
1,121,2026-02-21,455.83
300,1,2026-04-10,95.43
1,11,2026-03-04,460.59
4,1,2026-08-25,297.97
5306,23,2026-01-12,288.66
39,7,2026-08-25,454.75
1,157,2026-05-04,151.43
5,1,2026-07-21,59.74
2,2,2026-02-22,355.07
44,10,2026-04-04,405.96
2,7,2026-08-09,306.58
3,1,2026-08-17,394.13
3,4,2026-08-14,495.03
5,1,2026-08-05,85.96
16,1,2026-04-28,330.73
1,94,2026-04-03,287.02
218,270,2026-07-21,231.37
7,6,2026-06-23,230.66
3,1,2026-03-10,285.04
6,32,2026-08-17,224.42
853,87,2026-06-08,152.57
47,15,2026-06-25,110.32
21,1,2026-03-15,78.12
1,2,2026-03-27,145.33
3,165,2026-07-14,380.7
2,202,2026-06-05,440.35
1,15,2026-06-22,335.26
1,1,2026-06-07,71.89
56,1,2026-08-08,271.39
130,699,2026-03-06,367.42
1,5,2026-04-18,271.23
5,3,2026-07-21,120.39
1,2,2026-01-28,362.97
11,39,2026-08-22,346.33
166,1,2026-06-05,266.01
7,1,2026-07-08,348.78
3,16,2026-02-22,196.82
49,1,2026-04-27,137.42
21,1,2026-07-01,459.91
3,1,2026-03-24,19.11
13,1,2026-07-11,307.83
66,2,2026-03-22,157.67
3,1,2026-04-17,436.85
8,4,2026-01-08,340.97
67,2,2026-04-13,445.2
1,3,2026-06-18,157.76
4,6,2026-05-17,480.38
1,6,2026-06-07,284.07
2,21,2026-08-18,19.42
1,3,2026-03-12,168.15
7,41,2026-03-01,82.18
50,3,2026-07-11,89.43
7,2,2026-08-21,35.22
1,5,2026-05-03,16.54
524,7,2026-08-14,466.34
6,18,2026-06-02,196.57
1,54,2026-06-25,370.21
15,1,2026-05-19,38.74
2,13,2026-02-11,444.58
233,2,2026-07-05,76.2
17,1,2026-03-24,339.96
4,8,2026-03-20,326.11
10,3,2026-01-20,235.99
5,3,2026-05-19,305.01
90,2,2026-04-05,253.53
7,2,2026-03-06,419.73
1,156,2026-04-24,219.39
4,481,2026-07-11,177.11
1,1,2026-05-01,107.05
1,19,2026-04-23,173.46
1,1,2026-04-01,467.27
40,4,2026-03-19,484.46
3,1,2026-02-17,373.96
1,8,2026-01-22,276.83
1,1,2026-02-01,454.33
7,1,2026-01-10,256.32
30,25,2026-06-07,457.33
4,1,2026-05-21,432.32
2,1,2026-06-13,72.16
2,19,2026-01-18,250.65
141,42,2026-01-22,117.29
7,101,2026-04-18,209.69
40,55,2026-05-11,313.85
3,9,2026-06-16,53.76
10,9,2026-05-22,7.45
20,1,2026-01-08,483.88
2,1,2026-05-02,350.27
33,1,2026-03-02,343.27
2925,3,2026-08-14,489.91
15,1,2026-03-20,103.83
1,110,2026-07-02,448.95
9,257,2026-03-22,333.7
14,6,2026-01-26,317.01
1,10,2026-07-12,473.05
53,9,2026-08-06,279.83
18,6,2026-07-21,240.19
74,1,2026-04-21,301.83
13,7,2026-07-09,33.79
3,1,2026-03-20,101.79
1,48,2026-02-02,20.71
3,58,2026-07-23,252.66
5,3,2026-01-22,173.79
2,4,2026-03-28,73.39
1,3,2026-06-28,293.68
1,2,2026-03-19,188.04
33,2,2026-04-11,25.38
18,6,2026-01-26,119.99
40,4,2026-02-11,280.03
4,103,2026-07-21,59.02
1,1,2026-01-11,484.09
1,1,2026-08-24,176.15
2962,1,2026-03-04,167.94
184,19,2026-05-15,436.05
1,28,2026-08-21,392.68
41,13,2026-01-04,42.28
26,356,2026-08-26,8.44
176,2697,2026-06-07,442.24
1,4,2026-08-02,369.46
53,1,2026-04-10,189.73
6,1,2026-07-25,375.94
4,3,2026-05-02,272.73
4,7,2026-01-05,453.2
22,1,2026-01-18,46.93
3,1,2026-01-17,68.57
13,1,2026-08-17,15.88
1,865,2026-07-13,188.84
43,7,2026-08-25,126.72
59,1,2026-01-03,357.02
1,1,2026-01-23,399.9
1,12,2026-01-22,378.61
2,72,2026-02-14,196.97
4,1,2026-05-17,96.95
15,88,2026-01-27,355.63
171,60,2026-07-26,82.16
15,6,2026-01-07,353.1
16,42,2026-04-11,199.68
48,4,2026-01-04,362.48
1,12,2026-01-13,282.81
1,1,2026-04-23,98.79
13,8,2026-08-06,423.17
4183,1692,2026-07-16,199.45
2,552,2026-04-25,429.53
2,1,2026-01-01,481.69
4,2,2026-05-08,170.36
1,20,2026-01-26,432.58
17,1,2026-01-04,453.32
1,19,2026-02-22,13.13
216,1,2026-05-03,27.19
2,33,2026-01-28,47.85
3,1,2026-08-10,19.96
1,10,2026-01-20,74.47
366,14,2026-04-12,121.44
4,200,2026-02-20,55.96
2,10,2026-06-10,497.04
1,2,2026-05-25,175.49
1,8,2026-06-05,34.31
3,38,2026-08-03,279.77
22,6,2026-02-21,236.49
2,11,2026-01-19,392.55
3,92,2026-04-12,279.52
377,586,2026-08-27,117.31
2,225,2026-03-21,74.58
2,12,2026-07-09,388.04
15,4,2026-08-08,12.72
1,8,2026-01-25,269.41
1,4,2026-07-09,87.49
10,1,2026-08-03,86.41
1,2,2026-02-18,368.65
113,2,2026-01-25,405.41
2,2,2026-01-07,415.21
15,1,2026-05-21,65.01
2,10,2026-04-23,247.03
2,4,2026-02-02,116.28
54,10,2026-02-02,488.4
1,1,2026-04-13,397.36
4,1,2026-07-03,292.17
1,1,2026-04-02,196.03
1,35,2026-05-01,47.83
3,23,2026-04-12,343.46
3,100,2026-01-10,141.85
1,124,2026-01-18,71.97
2,148,2026-05-03,481.5
14,13,2026-07-12,386.44
84,1,2026-07-23,183.62
3001,63,2026-07-22,448.52
10,4,2026-05-17,369.86
64,3,2026-01-24,437.66
15,3,2026-05-07,279.41
1,4,2026-07-06,170.22
2,2,2026-06-19,444.4
911,8,2026-06-07,160.19
13,1,2026-08-16,188.96
4,141,2026-08-09,60.64
79,2,2026-04-09,426.4
16,2,2026-04-12,311.45
2,1,2026-07-08,135.27
5,28,2026-07-08,347.83
1,1,2026-08-12,44.62
1,1,2026-04-15,379.84
1826,23,2026-05-26,134.24
32,32,2026-08-13,203.25
5,1,2026-03-20,225.26
1,3,2026-07-08,253.29
1,1,2026-06-28,397.89
33,2,2026-04-08,361.18
2,1,2026-07-03,426.91
19,1,2026-07-04,199.04
1,1,2026-08-23,277.93
1,17,2026-03-10,74.83
1,12,2026-08-09,461.05
4,55,2026-02-13,368.27
4,6,2026-04-01,299.57
308,8,2026-01-04,384.55
35,1,2026-07-04,205.3
3,7,2026-01-05,492.64
2,1,2026-07-16,169.42
102,6,2026-04-02,345.27
6252,66,2026-02-18,488.93
16,3,2026-06-05,77.76
2,204,2026-05-02,86.09
74,1,2026-01-06,187.31
2,42,2026-02-14,82.46
3,1,2026-03-10,475.16
7,2,2026-08-15,418.84
6,53,2026-01-14,272.84
6,13,2026-06-10,65.41
225,3,2026-02-13,86.54
2,172,2026-03-28,283.62
351,8,2026-03-22,149.14
180,1,2026-06-12,220.08
4,8,2026-01-28,256.44
1,3,2026-05-05,369.04
2,7,2026-06-17,216.39
69,16,2026-04-24,171.77
1,1,2026-05-09,438.02
1,19,2026-06-25,428.71
1,20,2026-05-03,456.98
1,179,2026-01-12,331.72
92,207,2026-06-26,123.47
22,59,2026-05-19,253.91
3,7,2026-08-03,353.48
4,14,2026-03-26,136.69
559,3,2026-03-28,126.72
33,2,2026-02-11,22.81
57,20,2026-08-11,318.84
100,2,2026-02-04,307.95
10,5,2026-07-22,482.61
1,3,2026-06-28,313.9
139,1,2026-02-02,256.02
3,11,2026-03-13,52.91
1,23,2026-04-08,140.63
3,12,2026-05-17,108.7
17,2,2026-02-10,286.03
4,1,2026-08-09,135.53
1,23,2026-06-08,67.89
2325,6,2026-07-01,292.29
40,5,2026-05-04,361.05
7,1,2026-01-23,426.5
2,1,2026-06-11,423.66
2,2,2026-01-28,256.59
38,3,2026-06-20,253.45
41,1,2026-08-16,329.93
2,1,2026-03-02,389.27
126,2,2026-08-03,456.33
4,1,2026-08-16,413.41
1,2,2026-05-21,210.27
8,105,2026-02-08,283.13
5,3,2026-03-02,290.55
2,1,2026-08-09,247.25
1,56,2026-08-16,196.47
9,1,2026-04-12,243.8
5,2,2026-01-25,331.98
7,34,2026-02-02,283.17
1,6,2026-04-25,65.09
5,164,2026-03-18,15.31
5,2,2026-08-06,309.55
1,1,2026-02-12,19.0
1,5,2026-01-26,283.81
11,15,2026-07-10,20.99
3,24,2026-04-04,191.85
16,17,2026-06-19,255.78
24,9,2026-08-20,318.2
1,15,2026-04-23,129.1
5,9,2026-02-05,295.82
5,3,2026-08-28,328.2
7,3,2026-02-13,117.26
1,1,2026-08-08,169.02
1,3,2026-05-16,366.68
7,1,2026-05-11,333.1
7,2,2026-08-23,84.6
8,1,2026-05-16,386.2
35,2213,2026-08-02,375.32
7,1,2026-03-23,468.41
400,2,2026-07-12,481.44
3382,1,2026-01-03,140.55
12,11,2026-05-24,110.63
6,10,2026-02-07,246.99
8,98,2026-02-09,309.85
2,943,2026-08-11,135.93
14,1,2026-04-22,312.4
20,1,2026-03-09,210.95
1,1,2026-03-15,358.9
4,61,2026-03-01,143.44
45,3,2026-06-22,84.54
1,21,2026-04-17,102.08
334,1,2026-08-23,241.89
72,1,2026-05-20,83.82
33,3,2026-05-19,398.73
4,96,2026-04-28,267.47
3,2,2026-02-13,198.96
7,2,2026-03-03,219.8
9,55,2026-05-26,446.63
1,2,2026-01-05,224.34
15,3,2026-02-22,175.39
7,134,2026-07-24,99.69
5,1,2026-05-15,483.42
3,9,2026-07-03,479.68
8,2,2026-06-03,43.78
1,8,2026-05-12,143.16
1,360,2026-01-17,392.49
73,100,2026-08-10,429.79
94,14,2026-08-25,406.18
2,23,2026-07-27,153.23
8,37,2026-06-03,218.67
1,1,2026-02-09,290.06
2814,140,2026-02-23,182.15
1,48,2026-04-23,258.83
13,2,2026-07-02,26.14
840,1,2026-06-19,186.04
1,9,2026-05-02,330.94
14,12,2026-08-27,405.94
28,1,2026-02-08,217.48
675,2,2026-05-04,36.7
4,1,2026-03-10,448.79
1,2,2026-08-27,124.97
35,7,2026-03-23,11.24
2,1,2026-02-12,58.34
1,1,2026-02-04,182.12
8,3,2026-06-24,497.75
1,10,2026-06-26,98.38
4,2,2026-07-17,37.19
15,1,2026-06-04,221.63
2,1,2026-01-09,248.72
1,21,2026-05-06,482.21
1,2,2026-04-13,82.0
10,16,2026-04-10,156.26
52,22,2026-02-02,244.45
9,18,2026-06-06,108.81
1,14,2026-07-15,321.72
286,46,2026-05-14,16.1
1,1,2026-08-03,418.9
7,157,2026-02-25,451.88
2,4,2026-05-12,381.79
13,1,2026-02-05,128.91
4,1,2026-02-14,446.59
1,88,2026-07-01,104.88
1,10,2026-07-12,461.89
3,501,2026-04-10,485.81
13,6,2026-05-27,421.81
58,44,2026-02-14,35.9
3,16,2026-08-25,469.29
2,4,2026-08-03,326.44
8,8,2026-01-10,144.36
21,1517,2026-02-05,351.94
2,1585,2026-03-15,127.5
1,1,2026-08-19,62.2
3,1,2026-08-15,383.87
1,50,2026-04-24,131.65
1,52,2026-06-01,259.87
190,17,2026-05-11,119.22
2,2,2026-02-01,452.72
2,2,2026-07-18,101.27
12,26,2026-08-19,38.89
188,837,2026-02-28,7.73
77,2,2026-07-02,162.34
257,189,2026-02-11,256.16
2,649,2026-01-15,323.15
3,1,2026-03-10,214.61
1,14,2026-03-02,108.19
3,6,2026-03-11,406.6
2,1,2026-05-27,245.44
377,9,2026-02-19,423.13
2,23,2026-05-28,396.45
1,1,2026-04-06,183.76
18,3,2026-02-24,49.05
1,117,2026-07-05,479.21
13,59,2026-07-26,451.58
2,1,2026-04-24,181.84
133,9,2026-06-02,251.52
5,12,2026-08-14,475.42
10,1,2026-05-04,73.25
3,1,2026-08-27,212.77
3,2,2026-05-10,78.42
5,8,2026-06-20,386.96
42,7,2026-06-18,187.31
459,9,2026-04-10,116.68
1,15,2026-05-16,485.88
2,3,2026-04-28,78.16
1,2,2026-02-20,82.06
290,1,2026-02-05,9.08
2,4,2026-05-10,99.08
1,3,2026-05-21,417.02
1,2,2026-08-22,176.65
84,58,2026-08-27,421.8
2,2,2026-01-19,66.59
45,1,2026-03-02,219.51
1,4,2026-01-08,19.85
1,1,2026-08-14,259.0
3,15,2026-01-16,39.56
7,1,2026-05-09,84.62
22,25,2026-02-19,161.97
7,1,2026-07-04,457.91
17,1,2026-03-23,193.09
24,3,2026-07-24,97.1
909,1,2026-01-28,248.32
58,9,2026-07-15,171.76
1,426,2026-04-15,309.5
164,366,2026-03-22,198.13
9,4,2026-02-06,350.24
3540,14,2026-06-05,434.21
9,1,2026-04-02,350.97
4,1,2026-04-21,74.19
2,7,2026-02-13,240.72
1,4,2026-01-18,359.93
49,327,2026-08-25,46.7
251,7,2026-04-15,102.9
5,144,2026-03-15,90.29
17,2,2026-07-25,493.64
1,3,2026-02-07,494.19
2,1,2026-04-13,277.41
1,819,2026-05-11,349.47
1,382,2026-05-15,363.16
35,2,2026-02-16,481.78
2,6,2026-07-18,460.94
3,3,2026-06-20,234.78
51,3,2026-03-13,234.56
267,11,2026-07-04,380.28
732,1,2026-01-18,128.4
1207,1,2026-05-20,221.8
369,1,2026-07-04,205.68
1,1,2026-03-23,89.93
8,1,2026-06-25,318.13
1,1472,2026-07-27,405.53
2,1,2026-03-04,71.38
1,688,2026-05-18,241.15
2,3,2026-04-18,314.95
7,1,2026-08-23,33.43
8,9,2026-02-13,317.19
10,2,2026-05-23,94.33
14,49,2026-03-23,159.64
2,65,2026-05-15,216.68
5,2,2026-08-02,267.54
3,3,2026-07-17,299.72
14,21,2026-03-12,355.5
9,2,2026-05-26,71.11
4,2,2026-01-22,96.07
69,709,2026-04-13,261.21
5,216,2026-01-07,109.36
11,3,2026-07-26,302.18
4,878,2026-08-01,477.26
2,2,2026-05-01,380.67
83,40,2026-07-17,376.16
1,34,2026-04-22,140.3
3,1,2026-03-07,372.28
2768,122,2026-06-26,266.16
38,5,2026-05-27,473.89
100,1,2026-02-12,165.61
143,1,2026-06-28,189.29
71,1,2026-05-12,80.8
1,165,2026-05-11,394.66
28,1,2026-02-08,422.9
6,1,2026-08-19,392.46
1,5,2026-05-10,280.89
1,1,2026-01-12,252.93
2,14,2026-04-04,379.46
4,1,2026-08-17,454.56
1,1,2026-04-05,163.82
1,47,2026-03-22,442.08
1,6,2026-02-12,380.43
91,168,2026-04-16,243.6
1,19,2026-01-26,341.53
7,94,2026-08-07,119.38
38,29,2026-04-01,317.71
12,1,2026-05-20,381.71
2,1,2026-07-01,206.91
2,1,2026-06-21,178.69
4,3,2026-06-22,139.14
2,1,2026-01-28,126.45
4,9,2026-06-26,448.72
2,842,2026-08-28,376.86
50,4,2026-02-13,366.74
1,9,2026-01-26,434.54
78,1,2026-02-06,249.05
1,1,2026-03-01,259.8
3150,29,2026-05-10,103.62
17,20,2026-07-17,52.06
2,1,2026-07-19,274.64
3,4,2026-02-26,404.22
4,406,2026-01-15,436.81
5,1,2026-05-22,294.75
4,65,2026-04-18,225.1
2,1,2026-08-12,37.86
6,34,2026-04-11,177.96
1,1,2026-07-01,284.78
1190,116,2026-08-04,318.88
1,5,2026-04-21,365.9
1,237,2026-08-06,148.97
1,330,2026-08-18,64.64
8,165,2026-03-06,175.8
4,92,2026-02-16,349.21
1,5,2026-02-12,477.97
24,6,2026-07-12,448.14
680,1,2026-04-28,453.34
1,1,2026-04-22,92.96
1,4,2026-05-18,262.18
7,10,2026-02-05,468.54
1,3,2026-02-01,105.69
39,6,2026-06-28,152.25
7,1,2026-07-01,153.82
10,1,2026-01-03,94.01
139,3,2026-02-16,176.73
2,2,2026-01-17,474.5
236,3,2026-07-20,182.56
1,1,2026-08-23,494.05
1,11,2026-03-25,382.18
14,5,2026-04-22,350.02
2,4,2026-07-27,398.57
164,2,2026-06-28,278.05
35,475,2026-04-07,155.55
24,1,2026-04-12,101.06
4571,47,2026-01-06,345.24
1,956,2026-06-08,204.72
6,422,2026-01-20,64.11
19,15,2026-04-21,72.88
93,1,2026-07-20,90.19
109,7,2026-03-07,250.43
8,37,2026-06-08,377.2
4,24,2026-06-17,318.05
1,1,2026-05-13,204.77
1,1,2026-08-05,472.73
1,2,2026-04-05,58.47
4,1,2026-06-13,232.47
1,6,2026-02-12,388.65
7,4,2026-04-11,398.31
82,18,2026-02-14,63.7
2,1674,2026-04-23,221.15
1,2,2026-05-17,79.63
1,1,2026-06-03,111.53
2,739,2026-05-15,44.19
2,1,2026-02-17,380.13
1,203,2026-02-02,325.27
1,7,2026-04-16,271.41
1,2,2026-06-05,360.34
7,1,2026-07-06,214.69
1,8,2026-04-21,293.19
2,58,2026-03-10,439.66
1,6,2026-05-22,223.36
1,2,2026-08-15,497.91
2,515,2026-05-25,365.99
2,921,2026-06-18,149.91
2,1,2026-01-04,398.23
501,36,2026-01-14,412.04
124,3,2026-01-11,349.25
3,1,2026-07-08,396.1
352,7,2026-06-06,9.57
7,2,2026-07-13,497.06
9,3,2026-05-06,320.16
1,2,2026-06-07,113.13
1,3,2026-06-17,141.73
16,101,2026-02-25,62.17
4,8,2026-08-17,271.2
1,627,2026-03-06,466.11
1,24,2026-04-05,474.27
13,11,2026-07-25,445.9
2,23,2026-01-23,180.3
3,17,2026-01-08,208.24
4,28,2026-07-12,245.99
18,6,2026-04-09,317.6
1,30,2026-01-10,400.27
4,1,2026-01-05,428.81
1,30,2026-02-02,233.93
206,98,2026-03-07,277.77
21,2,2026-08-13,339.27
209,1,2026-06-20,298.66
1,1,2026-05-26,67.79
1,1,2026-02-22,72.56
3,3,2026-07-21,127.03
15,1,2026-06-05,240.62
5,2,2026-08-17,88.57
2854,1,2026-04-16,303.56
1,3,2026-03-16,490.67
28,1,2026-01-08,36.74
11,4,2026-06-04,498.53
2,2,2026-01-11,188.13
1095,9,2026-03-06,77.35
1,3,2026-08-09,421.25
3,80,2026-01-15,85.41
1,4,2026-01-01,229.41
3,3,2026-06-17,121.65
1,1,2026-01-21,491.32
9,1,2026-06-09,458.68
10,1,2026-01-05,478.7
926,8,2026-08-24,258.14
6,4,2026-01-16,475.28
440,362,2026-07-05,73.37
4,1,2026-03-13,397.23
110,5,2026-04-02,470.7
3,51,2026-05-12,107.23
2,1,2026-03-26,13.94
11,5,2026-01-16,307.14
2,17,2026-07-22,485.15
4,1,2026-07-15,272.67
1,110,2026-07-14,499.19
10,43,2026-02-26,339.07
1,1,2026-01-01,153.37
822,2,2026-06-20,189.32
4021,25,2026-02-21,456.31
1,1,2026-05-20,92.82
686,1,2026-05-20,77.83
1,1,2026-01-04,62.83
12,2,2026-03-22,411.72
13,45,2026-04-11,277.66
1,9,2026-01-08,91.54
185,101,2026-04-05,94.54
276,11,2026-04-21,493.09
40,35,2026-05-02,327.19
130,22,2026-08-22,181.02
2,15,2026-08-14,409.59
1,11,2026-01-11,498.64
1,3,2026-07-12,484.61
9,1,2026-07-27,175.19
17,34,2026-08-21,366.25
9,20,2026-05-17,250.84
1,9,2026-08-01,87.37
2,3,2026-08-20,149.81
120,14,2026-05-17,319.81
197,35,2026-02-20,65.65
2,107,2026-01-14,90.14
1,5,2026-01-03,452.58
4,88,2026-01-23,321.81
2,10,2026-03-05,67.35
158,6,2026-03-07,77.98
2,1,2026-05-08,252.05
11,13,2026-05-23,279.97
1,1,2026-07-08,276.74
11,834,2026-03-14,202.15
32,13,2026-05-11,353.38
15,3,2026-02-28,472.81
3,7,2026-01-22,325.43
1,1,2026-01-22,30.25
7,15,2026-05-18,348.35
2,1,2026-04-17,280.52
2,1,2026-06-22,296.06
40,7,2026-01-01,263.58
1,12,2026-08-18,87.1
48,1,2026-02-09,305.31
2,1,2026-08-02,157.5
16,12,2026-06-13,58.12
1,169,2026-02-27,149.41
1,146,2026-06-21,178.07
1453,1,2026-04-12,58.32
856,11,2026-07-01,397.14
1,4,2026-08-24,250.37
1,1,2026-03-07,437.63
2,1,2026-04-17,8.67
102,5,2026-01-12,477.72
188,10,2026-05-05,162.29
2,1,2026-02-10,173.92
3,8,2026-04-28,272.11
308,3,2026-01-19,227.82
2,22,2026-01-12,180.45
5,9,2026-01-22,380.41
1,19,2026-01-16,206.97
47,1,2026-06-05,202.93
15,17,2026-05-07,279.04
1,4,2026-08-01,311.16
16,2,2026-01-15,278.67
2,2,2026-02-02,312.37
2,7,2026-08-03,477.76
2,17,2026-01-08,466.26
5,15,2026-03-14,381.48
56,3,2026-03-03,87.34
1171,1,2026-04-13,257.54
70,1,2026-05-10,427.87
1,87,2026-04-08,192.45
1,248,2026-02-04,387.04
5,60,2026-08-12,383.96
2,4,2026-07-25,396.38
1,2,2026-03-23,249.49
21,1,2026-01-25,65.19
7,1,2026-06-24,259.81
1,1115,2026-01-19,284.77
6,1,2026-08-26,274.33
1,36,2026-07-07,108.96
20,18,2026-07-12,188.79
2,2409,2026-08-12,124.73
4,6,2026-05-27,175.05
8,21,2026-02-21,423.51
1,22,2026-04-05,46.55
3,1,2026-04-19,25.01
1,10,2026-07-17,119.37
1,6,2026-08-01,407.29
1971,5,2026-08-26,195.58
3,1,2026-06-18,295.75
9,1,2026-01-10,264.07
101,28,2026-01-02,406.61
6,18,2026-06-23,313.58
2,34,2026-07-12,51.19
30,2,2026-03-20,358.89
2,4,2026-04-12,158.72
9,22,2026-02-04,106.49
1,911,2026-01-28,405.17
1,2,2026-06-03,35.85
4,1,2026-07-08,79.95
19,4,2026-03-18,115.16
271,2,2026-04-01,128.77
1,5,2026-01-09,33.05
29,111,2026-05-09,369.63
32,37,2026-01-19,77.9
1,535,2026-04-14,213.59
1,12,2026-07-22,453.14
22,12,2026-02-23,38.24
82,383,2026-05-09,418.97
20,2,2026-07-18,80.81
17,7,2026-01-06,428.41
1,1,2026-07-10,44.61
72,37,2026-06-05,144.15
2,3,2026-04-08,13.14
3,6,2026-02-03,23.46
1,419,2026-06-23,391.25
1,35,2026-02-03,124.97
4,27,2026-08-16,132.57
1,3,2026-08-20,100.77
26,5,2026-05-18,110.13
1,1,2026-08-27,83.54
1,2,2026-03-14,243.39
1,337,2026-06-25,234.99
11,31,2026-07-14,143.57
9,2,2026-08-13,417.02
2,1,2026-08-08,488.04
270,12,2026-04-10,310.6
1,1,2026-05-23,354.44
2,10,2026-05-14,330.86
55,6,2026-01-10,398.16
1,45,2026-07-04,419.58
2,1,2026-06-21,296.43
10,984,2026-01-20,143.97
7,11,2026-04-05,454.4
13,3,2026-05-08,346.77
7,7,2026-02-12,163.82
4,2,2026-08-09,47.19
1,291,2026-06-08,119.33
22,1,2026-05-28,30.72
3,2,2026-05-23,296.66
3,1,2026-02-06,464.83
6,1,2026-01-17,302.36
1,3,2026-02-22,277.5
1,13,2026-02-01,73.11
1,12,2026-02-07,425.99
1,15,2026-05-05,354.06
39,431,2026-01-05,367.42
9,141,2026-01-18,117.6
34,3,2026-08-08,23.71
3,1,2026-08-21,7.45
3,27,2026-01-16,420.1
29,1,2026-03-18,208.75
7,9,2026-01-08,270.64
20,17,2026-04-02,45.3
936,102,2026-07-05,310.54
2,1,2026-06-20,444.82
101,5,2026-06-25,346.68
433,11,2026-08-27,374.97
1,1,2026-07-14,314.9
2,2537,2026-07-22,271.43
1,4,2026-06-05,12.52
313,8,2026-05-03,336.06
15,2,2026-01-08,8.95
201,30,2026-08-24,158.42
56,48,2026-01-20,439.34
17,27,2026-03-24,462.66
802,18,2026-04-17,330.8
5,72,2026-07-06,105.79
36,7,2026-03-08,334.54
3,2,2026-03-20,65.28
1,1,2026-04-14,107.63
19,7,2026-05-20,425.17
3,13,2026-03-07,322.61
1,2,2026-03-12,102.6
1,45,2026-06-12,476.79
32,2,2026-06-16,419.58
2,54,2026-03-01,482.12
170,2,2026-06-07,200.51
1,12,2026-07-04,115.25
1,8,2026-05-16,443.4
29,6,2026-07-23,264.44
3,1,2026-03-17,124.96
20,2,2026-05-12,462.17
14,1,2026-02-26,45.67
15,1,2026-08-13,13.02
4,4,2026-05-05,432.52
15,2,2026-01-06,262.0
2,1,2026-07-07,55.69
1,2,2026-05-24,438.49
19,94,2026-02-06,391.4
26,9,2026-05-19,291.13
4,12,2026-01-11,359.77
1,2,2026-01-05,166.6
18,24,2026-06-05,462.17
1,2,2026-05-05,410.49
6,1,2026-05-24,477.47
2,2,2026-02-16,387.97
145,11,2026-04-01,49.48
45,2,2026-08-21,65.36
12,599,2026-06-20,388.85
3,59,2026-05-27,103.55
1,11,2026-08-22,496.2
1,3,2026-07-20,77.58
296,35,2026-02-22,127.47
5,1,2026-01-01,120.1
56,65,2026-07-20,41.0
5,17,2026-02-09,398.38
7,19,2026-04-21,332.97
7,1,2026-04-03,308.29
1,46,2026-06-05,275.87
6,1,2026-07-07,440.73
1,282,2026-03-19,450.03
657,1,2026-08-05,453.99
1,96,2026-05-04,85.6
1,1,2026-08-06,372.88
1,1,2026-01-18,277.35
29,1193,2026-06-20,244.65
1,1,2026-04-09,270.66
257,1288,2026-02-12,328.37
2,475,2026-07-25,48.68
9,3,2026-01-18,197.32
1,1,2026-07-08,272.36
102,53,2026-01-08,149.21
49,269,2026-03-19,416.38
1,1,2026-01-11,342.59
2,21,2026-02-22,372.57
186,1,2026-07-24,295.45
710,1,2026-07-01,138.88
7,1,2026-03-04,292.3
8,50,2026-04-20,431.35
2600,8,2026-08-05,230.28
3,3,2026-04-04,5.56
31,1,2026-08-11,422.05
1,322,2026-05-01,360.27
4,33,2026-08-26,233.17
5,3,2026-04-21,240.47
1,5,2026-07-05,224.07
4,2,2026-06-23,453.52
69,1,2026-04-08,131.14
57,1,2026-07-13,102.27
9,1,2026-02-08,414.34
71,6,2026-03-23,122.39
1,138,2026-07-25,145.11
13,4,2026-01-06,135.49
2,99,2026-01-28,144.87
1,134,2026-03-02,13.27
1,61,2026-05-08,27.83
1,2,2026-01-11,401.75
86,11,2026-02-09,128.98
56,606,2026-03-12,10.41
6,3,2026-06-06,319.22
75,55,2026-01-16,275.13
1,9,2026-01-11,272.83
1790,1,2026-06-23,303.4
2,120,2026-02-26,148.94
618,3,2026-02-26,112.29
318,158,2026-01-03,393.73
126,10,2026-02-09,211.54
13,1,2026-05-20,51.89
5,8,2026-06-01,279.39
6,4,2026-03-25,95.0
2,3,2026-08-20,299.44
2,494,2026-04-06,475.08
4,1,2026-04-27,406.82
1,23,2026-04-01,7.66
1,25,2026-05-17,265.7
1,12,2026-07-02,427.97
7,328,2026-04-07,339.12
29,1,2026-06-18,196.94
1,1,2026-06-16,470.23
1,266,2026-02-11,297.78
1,1,2026-06-09,187.04
11,5,2026-01-24,310.4
1,6,2026-02-26,177.33
2,157,2026-05-24,482.12
4,3,2026-03-22,488.26
3328,1,2026-01-13,8.1
16,1,2026-04-19,40.38
1,173,2026-08-01,274.21
45,1,2026-04-04,457.09
8,7,2026-03-09,388.37
101,2,2026-07-12,281.57
5,7,2026-08-20,366.46
10,8,2026-08-03,266.8
6,26,2026-04-23,438.06
13,6,2026-07-15,204.57
1,395,2026-01-09,322.79
17,1,2026-06-27,208.16
6,1,2026-04-25,119.3
5,131,2026-06-21,7.62
9,3,2026-02-04,455.02
24,24,2026-08-14,443.37
16,29,2026-03-16,204.8
1,147,2026-08-03,465.89
1,2,2026-03-25,487.35
1,13,2026-04-18,449.41
7,18,2026-05-20,318.58
4,1,2026-06-05,118.67
7,2,2026-01-02,450.9
5,1,2026-01-28,450.67
1,7,2026-07-19,443.34
24,3,2026-04-22,16.79
21,26,2026-02-14,343.65
7,62,2026-04-02,304.88
1,1,2026-02-21,385.22
1,48,2026-06-14,39.54
5,3,2026-04-10,276.8
1,1,2026-07-16,323.54
3,2,2026-03-09,7.47
3,17,2026-07-06,12.78
32,4,2026-05-20,336.41
1,2,2026-04-28,290.26
1043,2,2026-08-04,138.61
5,1,2026-02-22,405.5
2,196,2026-04-01,93.13
1,29,2026-08-07,353.87
18,110,2026-08-11,408.77
4,1,2026-04-26,272.35
1418,1,2026-03-15,52.15
1,8,2026-04-14,47.38
1,2,2026-05-24,395.98
20,4,2026-03-06,186.92
1,14,2026-03-17,497.94
1,2,2026-01-09,498.51
10,8,2026-06-17,312.73
2,1,2026-08-15,90.76
11,1,2026-02-10,497.66
1,157,2026-02-07,357.54
12,178,2026-08-24,366.24
2,22,2026-08-02,61.3
2,805,2026-01-06,200.34
4,3,2026-02-12,49.45
1,1,2026-07-18,306.32
1,24,2026-04-12,214.84
1547,1,2026-07-19,201.62
1,10,2026-08-25,245.15
1,7,2026-08-16,380.86
3,4,2026-04-13,275.85
1,2,2026-01-01,202.32
210,30,2026-01-23,406.01
1,6,2026-06-11,454.63
1,2,2026-08-20,126.46
20,3,2026-03-03,221.07
3149,1,2026-01-24,190.23
5,90,2026-08-16,135.51
7,126,2026-01-02,439.38
4,3,2026-01-09,224.22
48,12,2026-01-13,95.03
25,1,2026-08-16,101.54
214,16,2026-03-20,379.81
7,2,2026-02-06,297.23
5,5,2026-08-04,242.0
2,1,2026-03-09,57.2
1,1,2026-04-02,307.01
32,2,2026-03-26,398.18
6020,2,2026-03-22,335.25
11,1,2026-02-20,417.21
13,649,2026-08-03,423.58
43,1,2026-06-03,486.47
48,7,2026-07-20,182.63
1,5,2026-01-06,369.12
2285,1,2026-03-20,154.59
2,2,2026-04-13,15.41
1,1,2026-04-02,139.74
4,1,2026-01-27,264.11
4,335,2026-07-22,496.08
78,82,2026-05-22,231.63
428,3,2026-08-16,144.5
11,5,2026-07-15,122.92
122,1,2026-06-25,88.21
1,1,2026-08-18,238.0
50,10,2026-03-03,108.24
115,236,2026-02-18,147.53
1,54,2026-02-26,19.28
1,1,2026-04-17,398.57
2,5,2026-05-02,419.18
8,11,2026-05-10,284.83
2,6,2026-06-01,109.55
2,40,2026-04-28,220.82
1155,2,2026-01-24,50.38
28,8,2026-07-01,155.85
15,1,2026-02-28,103.8
1,1,2026-01-23,344.27
6,4,2026-07-11,279.06
6,2,2026-08-08,381.95
7,1,2026-05-25,436.8
2,3,2026-02-08,434.4
1,1,2026-06-21,284.85
1,2,2026-06-25,263.92
31,3,2026-01-01,364.44
3,15,2026-04-09,318.61
5,1,2026-05-16,297.21
7,8,2026-04-10,430.17
5,39,2026-05-03,377.17
1,10,2026-05-15,124.01
1,1,2026-08-12,223.88
46,174,2026-07-21,322.45
981,74,2026-02-13,74.4
5906,1,2026-06-20,35.05
100,2,2026-02-28,196.44
2,2,2026-01-17,44.04
1,5,2026-04-03,409.54
276,2,2026-03-14,343.76
1,37,2026-06-11,39.42
1,84,2026-01-20,462.91
1,12,2026-07-10,449.37
3,13,2026-06-03,412.42
949,1,2026-02-15,433.79
142,237,2026-07-01,45.63
13,1,2026-03-04,103.2
4,3,2026-06-15,29.14
1,3,2026-08-22,497.66
16,68,2026-03-14,238.34
1,1,2026-03-03,225.63
1,1,2026-08-05,483.16
2,1,2026-03-28,335.17
1,2,2026-07-08,125.29
11,10,2026-05-07,28.59
53,1,2026-08-02,225.14
1,17,2026-03-26,277.54
1,22,2026-01-24,347.25
1,4,2026-04-27,318.41
2,1,2026-05-09,197.23
2,107,2026-06-27,286.47
1,1,2026-04-27,352.44
1,15,2026-06-24,157.76
1,4,2026-01-22,153.78
3,2,2026-02-26,365.4
1,443,2026-05-13,25.42
1,11,2026-07-01,467.19
2,71,2026-05-13,274.68
16,3,2026-02-17,184.19
1002,83,2026-02-16,404.71
277,7,2026-02-05,314.59
7,78,2026-03-23,33.55
21,467,2026-08-20,387.99
9,3,2026-03-19,403.68
1,2148,2026-01-18,161.93
69,5,2026-05-04,13.49
1,5,2026-06-19,475.74
2,480,2026-07-17,123.49
1,42,2026-06-11,414.33
58,1,2026-05-22,206.98
73,1,2026-05-27,33.19
2,5,2026-01-25,359.3
3,127,2026-06-07,465.62
6,1,2026-06-26,410.14
1408,1,2026-04-24,72.87
1,1,2026-05-02,130.31
8,11,2026-03-04,174.66
1,7,2026-02-05,150.65
7,440,2026-03-20,230.58
2223,1,2026-08-10,146.84
1,90,2026-01-09,415.79
1,1,2026-05-21,409.62
1,1,2026-04-22,107.59
185,7,2026-03-03,202.18
5,11,2026-02-11,390.0
9,21,2026-01-18,189.96
11,2,2026-05-24,34.9
7,1,2026-05-19,12.87
2,1,2026-07-18,408.32
571,1,2026-01-15,473.96
2,3,2026-06-22,258.25
22,3,2026-02-03,499.66
1,6,2026-01-14,472.15
3,3,2026-06-10,238.43
46,2,2026-01-14,380.88
2,1,2026-04-07,233.12
1,2,2026-05-11,405.92
12,1,2026-02-10,91.67
7,1,2026-07-28,229.04
2841,1,2026-06-24,457.21
11,2,2026-04-15,465.75
1,160,2026-02-28,127.55
69,18,2026-05-25,139.18
14,97,2026-04-10,209.16
3,1,2026-02-10,335.92
13,1,2026-02-04,252.0
17,3,2026-03-08,5.27
189,1,2026-05-14,406.01
1,3,2026-01-05,149.95
2,16,2026-05-10,441.55
2,4,2026-03-04,129.71
16,2,2026-04-17,240.34
7,2,2026-08-06,164.74
2,1,2026-08-17,353.58
1,31,2026-02-09,391.3
51,15,2026-03-26,149.18
1,145,2026-05-06,310.0
10,49,2026-08-19,420.2
1,4,2026-05-24,354.61
15,3,2026-08-16,446.15
2,9,2026-05-23,441.52
1,352,2026-07-24,156.28
11,8,2026-01-16,268.53
5,104,2026-05-22,131.41
4,2,2026-08-03,302.26
5,5,2026-04-08,104.07
96,1,2026-06-28,189.34
18,6,2026-06-01,20.69
4,2683,2026-01-03,470.41
3,60,2026-08-11,63.79
73,17,2026-07-10,20.51
3,47,2026-08-03,392.14
2,11,2026-01-17,490.06
1,1,2026-02-06,338.44
14,53,2026-02-21,433.43
2,19,2026-01-03,44.3
33,2,2026-03-08,483.67
2,9,2026-03-17,451.2
105,5,2026-05-16,340.71
16,1,2026-03-15,356.65
85,9,2026-03-24,313.0
243,4,2026-03-18,62.5
1,242,2026-07-25,384.84
2,22,2026-07-04,426.45
109,1,2026-06-21,230.81
23,31,2026-08-19,296.4
1,5,2026-05-28,102.18
1,21,2026-07-19,134.91
2,74,2026-07-01,97.95
76,21,2026-08-26,430.78
2,2,2026-06-28,486.36
236,1,2026-02-03,446.65
40,10,2026-04-05,479.19
9,6,2026-02-23,243.0
1,3,2026-03-22,12.98
27,2,2026-07-28,252.5
6,2,2026-03-07,234.01
2,17,2026-05-05,223.39
11,1,2026-08-05,408.13
7,6,2026-06-04,175.39
1,1,2026-07-23,269.79
1,5,2026-07-04,421.07
216,1,2026-03-05,208.65
3,8,2026-03-22,339.0
9,2,2026-03-14,110.82
1267,5,2026-02-05,178.85
1,80,2026-06-21,8.38
1,1,2026-07-12,159.37
1,6,2026-03-21,431.62
2,2,2026-02-20,170.3
1,7,2026-08-10,369.64
2,12,2026-04-09,255.29
21,3,2026-06-20,228.1
12,6,2026-06-04,474.98
3,1,2026-04-15,474.17
3,1,2026-02-27,374.2
1,1,2026-02-05,217.18
11,777,2026-03-11,26.01
1,15,2026-03-21,407.06
75,7,2026-08-21,17.69
15,3,2026-06-13,487.19
235,3,2026-07-15,69.84
224,5,2026-06-24,355.3
16,1,2026-06-02,193.07
3,9,2026-03-09,398.47
517,16,2026-02-01,341.5
13,1,2026-03-12,465.69
1,3,2026-06-17,74.87
13,1,2026-07-10,250.1
3,2,2026-06-27,51.21
1,1,2026-01-16,131.94
3,236,2026-05-18,476.83
68,1,2026-01-01,499.82
41,12,2026-03-06,304.56
161,305,2026-06-21,428.13
4,10,2026-07-04,29.75
1,3,2026-04-24,192.95
3,1,2026-04-11,101.73
2,3,2026-08-20,200.48
83,118,2026-06-14,396.87
3,1,2026-01-18,311.49
1,4,2026-03-19,302.26
9,1,2026-01-24,46.33
1,1,2026-08-12,388.74
2,2,2026-03-16,86.92
1,1,2026-08-14,277.74
112,302,2026-07-25,268.0
13,3,2026-05-05,91.84
19,2,2026-02-26,313.48
4,7,2026-01-01,10.86
2,2,2026-01-16,146.85
2,58,2026-06-09,385.21
1,1,2026-05-02,372.97
2,3,2026-02-27,498.46
2,956,2026-05-08,254.13
10,1,2026-03-25,389.24
20,5,2026-07-24,392.66
3,59,2026-05-05,162.21
29,3,2026-06-25,282.26
1,11,2026-01-14,78.06
3,2,2026-01-15,11.64
1,537,2026-05-14,257.69
1,24,2026-04-06,156.04
1,30,2026-08-12,443.63
2,1,2026-07-16,219.58
2,219,2026-05-26,472.49
289,1,2026-04-02,151.32
5890,62,2026-03-07,258.16
3,82,2026-06-21,158.22
14,3,2026-01-22,281.79
3,1,2026-08-12,231.19
4,1,2026-02-12,12.76
3,78,2026-04-18,289.78
1,150,2026-02-04,396.62
1,1,2026-04-13,290.38
3,42,2026-03-16,280.47
3,13,2026-01-05,35.52
1,1,2026-03-18,404.12
1,2,2026-02-06,241.26
49,1,2026-03-22,383.29
1,5,2026-04-15,174.08
10,43,2026-08-02,264.06
4,1,2026-06-25,52.65
1,1,2026-08-07,63.83
3,13,2026-06-28,450.52
2,36,2026-03-03,427.38
25,956,2026-04-23,239.23
1,3,2026-03-01,29.72
2,17,2026-03-01,184.54
4,13,2026-03-21,267.73
10,4,2026-08-23,71.1
114,339,2026-07-09,333.85
2,4,2026-07-12,230.81
4,431,2026-01-08,135.47
10,6,2026-05-20,301.3
5245,11,2026-05-09,370.61
9,165,2026-06-10,325.21
1,4,2026-08-01,45.06
1,319,2026-07-23,339.34
2,7,2026-01-18,228.75
2,2,2026-07-18,109.48
4,20,2026-08-25,130.0
13,47,2026-07-24,407.54
18,557,2026-02-12,273.24
155,23,2026-07-11,185.28
1,4,2026-04-13,80.92
1,31,2026-08-12,359.5
2,452,2026-07-21,230.34
1,1,2026-06-11,398.21
2,71,2026-06-16,358.72
1,6,2026-03-17,160.55
13,1,2026-08-19,304.43
7,1,2026-03-26,70.21
16,1,2026-05-11,70.44
2183,26,2026-06-24,380.8
1,80,2026-01-16,205.28
2,7,2026-06-14,476.18
3,2282,2026-03-17,386.9
2,2,2026-05-09,449.88
40,19,2026-03-21,369.77
82,22,2026-02-21,428.95
178,4,2026-02-07,145.4
9,43,2026-06-03,396.43
2,5,2026-03-13,145.14
2,12,2026-01-01,419.39
1,26,2026-06-21,437.63
5,1,2026-03-13,77.7
4,69,2026-02-16,87.34
3,28,2026-05-13,115.45
14,30,2026-07-09,470.66
1761,658,2026-07-01,388.47
2,13,2026-02-16,497.5
217,63,2026-06-26,490.08
1,2,2026-06-01,83.48
1,13,2026-06-15,28.57
70,13,2026-07-08,89.0
12,1,2026-02-03,100.18
1,1,2026-05-27,240.15
4,2,2026-06-13,220.04
12,10,2026-07-06,366.71
11,1,2026-05-22,461.61
3,8,2026-08-23,424.21
764,9,2026-02-13,357.29
50,1,2026-05-18,496.73
1,17,2026-06-24,222.61
85,68,2026-08-17,356.18
3,4,2026-08-19,138.78
6,1,2026-01-13,65.45
1,2,2026-06-18,495.83
1,4,2026-03-05,138.95
2,1,2026-03-05,281.89
590,1,2026-04-11,190.25
2,1,2026-06-15,67.71
1,1,2026-01-23,35.93
112,5,2026-04-19,86.52
4,65,2026-05-13,50.21
1,7,2026-03-05,221.61
28,8,2026-05-16,274.79
4,1,2026-01-09,231.4
14,1,2026-06-22,237.94
84,3,2026-06-14,59.87
1,1,2026-05-05,495.95
1,44,2026-01-03,395.17
3,10,2026-02-07,226.46
610,77,2026-03-19,303.98
1,13,2026-07-01,211.62
13,5,2026-06-05,403.36
1,27,2026-06-13,66.21
1,1,2026-06-08,55.86
2,1469,2026-05-26,462.56
41,1,2026-05-28,440.34
1,4,2026-06-14,269.31
2,1,2026-03-22,238.82
1,5,2026-05-23,134.88
1,8,2026-07-14,36.06
6658,24,2026-04-27,394.64
3,107,2026-07-13,412.44
198,11,2026-06-02,418.38
2,2,2026-02-19,279.45
24,1,2026-06-27,455.51
149,1,2026-05-02,258.17
2,84,2026-06-11,398.64
9,594,2026-05-22,191.81
3,1,2026-03-23,85.35
1,1,2026-03-28,86.57
3,7,2026-04-02,92.13
1,7,2026-03-23,20.69
1,1,2026-03-19,214.57
5,1,2026-08-16,355.27
11,4,2026-05-18,223.79
1,27,2026-06-11,128.26
4,13,2026-07-26,426.48
2,1587,2026-07-28,303.86
2,2337,2026-03-10,455.22
3,1205,2026-01-28,335.65
137,33,2026-02-19,300.0
98,107,2026-07-21,280.02
1,1,2026-08-06,332.02
14,11,2026-06-12,341.47
1,3,2026-02-26,64.98
2,9,2026-08-02,420.73
3,2,2026-03-18,161.13
134,1,2026-04-09,445.75
1011,1,2026-06-13,370.9
1,1,2026-07-19,312.86
120,1,2026-04-12,334.93
2,15,2026-01-05,327.96
4,41,2026-03-16,472.09
5,1,2026-06-16,191.85
1,25,2026-04-28,192.42
8,2,2026-08-10,8.54
1,4,2026-03-22,161.73
2,10,2026-07-18,59.07
5,2,2026-03-14,77.92
43,1,2026-01-05,98.09
586,5,2026-01-10,29.22
24,113,2026-03-18,28.48
1,4,2026-02-13,466.24
2,288,2026-07-22,453.54
1,176,2026-08-20,151.46
1,2,2026-06-26,349.93
2,9,2026-03-07,158.54
5,3,2026-06-09,49.65
317,64,2026-08-09,146.39
1,88,2026-04-01,181.68
8,302,2026-02-28,75.86
154,69,2026-02-12,407.31
1,18,2026-07-20,48.64
1,1,2026-05-21,70.27
1,1,2026-08-25,219.55
2,10,2026-02-21,317.03
1,1,2026-05-23,269.03
6,18,2026-08-21,257.28
55,13,2026-02-10,324.07
2,5,2026-08-07,275.76
18,7,2026-02-08,456.88
35,1,2026-08-10,461.04
1,2,2026-07-10,145.84
3,3,2026-07-16,27.94
107,2,2026-01-07,341.93
1,13,2026-07-10,151.68
8,4,2026-02-09,253.82
9,13,2026-04-21,148.28
1348,1,2026-04-18,168.17
52,2,2026-02-21,114.38
7,1,2026-03-24,408.55
2,8,2026-01-10,278.6
4,2,2026-04-24,296.25
24,7,2026-02-13,498.47
20,1,2026-01-08,149.74
295,46,2026-06-02,395.79
7,70,2026-05-20,241.09
3,41,2026-06-24,46.99
576,17,2026-05-24,477.03
987,109,2026-07-07,190.69
4,1,2026-08-26,259.58
5,1,2026-05-21,395.48
40,1830,2026-05-01,224.26
3,12,2026-07-04,422.53
2,1,2026-04-09,232.57
1,40,2026-02-24,309.67
2,232,2026-05-23,381.32
67,1,2026-01-03,407.94
260,7,2026-06-05,315.9
7,2,2026-05-23,357.9
1,78,2026-06-18,150.15
90,7,2026-07-26,472.44
1,1,2026-05-01,244.27
5,5,2026-02-10,429.49
3,6,2026-06-21,243.52
1,1,2026-07-21,271.6
1,856,2026-06-11,425.38
2,77,2026-04-14,338.07
1,8,2026-01-09,354.41
3,3,2026-04-18,423.01
161,1,2026-07-13,50.78
29,2,2026-05-14,238.68
1,1,2026-07-28,384.15
173,667,2026-07-25,47.2
7,12,2026-03-25,126.34
2,9,2026-05-11,433.75
83,4,2026-06-25,329.96
19,695,2026-02-23,8.25
11,5,2026-02-17,373.86
2,1,2026-08-04,373.68
19,8,2026-05-14,286.62
9,1,2026-08-18,90.12
1,4,2026-08-25,227.69
802,1,2026-02-17,470.76
3,5,2026-02-06,62.18
8,6,2026-02-22,280.96
9,6,2026-07-28,463.83
1,1,2026-04-20,251.91
102,68,2026-02-10,168.27
780,501,2026-03-28,292.9
9,1,2026-01-16,132.09
1,1,2026-05-24,26.16
4,65,2026-04-02,62.02
6,3,2026-06-04,380.96
6,4,2026-06-11,174.66
2,2,2026-06-24,362.18
387,173,2026-08-07,27.45
5,1,2026-05-25,74.41
9,1,2026-04-10,156.65
721,100,2026-01-01,447.11
2,2,2026-07-25,50.6
3,1,2026-07-26,41.9
1,14,2026-05-19,56.39
2,1,2026-01-06,249.91
10,5,2026-01-25,495.13
86,2,2026-04-11,379.34
8,5,2026-02-03,407.39
3,4,2026-02-21,131.24
76,38,2026-02-18,125.0
47,48,2026-05-02,189.69
296,4,2026-02-10,132.23
1,13,2026-01-12,437.67
8,174,2026-08-10,39.51
554,10,2026-05-20,490.92
1,9,2026-02-25,170.88
43,6,2026-02-12,62.18
5,5,2026-03-19,468.21
3,1,2026-04-17,161.91
1,36,2026-06-04,141.05
6,2,2026-02-24,8.23
2,2,2026-08-23,10.57
15,92,2026-07-09,420.75
1,7,2026-06-05,465.73
7,24,2026-03-11,324.2
6,1,2026-07-12,380.37
7,20,2026-06-13,53.28
1,222,2026-05-01,216.11
215,3,2026-03-19,334.61
3,15,2026-05-19,92.8
20,2,2026-02-17,201.87
54,2,2026-03-25,480.82
3,4,2026-07-23,410.56
9,145,2026-06-25,175.35
2,1,2026-08-05,162.71
25,10,2026-02-20,250.38
1,1,2026-03-16,474.34
1361,803,2026-05-20,452.67
1,6,2026-07-08,55.49
1,9,2026-07-27,376.75
41,1,2026-01-16,169.44
2,1,2026-01-22,288.96
2,8,2026-05-19,9.88
3,2,2026-02-04,69.69
177,3,2026-07-10,238.88
21,2,2026-03-15,249.46
3,18,2026-03-15,109.09
2,1,2026-04-04,204.98
1,1253,2026-06-01,287.85
10,1275,2026-07-16,416.27
5,1,2026-01-24,20.78
1061,17,2026-07-10,189.18
5,122,2026-07-01,452.72
69,1,2026-06-14,398.3
8,1,2026-07-01,347.26
812,1,2026-02-21,393.22
2,1,2026-04-25,130.35
1,22,2026-03-02,476.98
1,4,2026-06-09,274.31
634,353,2026-04-03,378.92
8,71,2026-05-15,17.04
105,11,2026-02-26,307.38
2,2,2026-04-24,291.07
2,1,2026-05-12,50.91
2,1,2026-07-08,288.4
4,4,2026-01-08,13.41
1,2,2026-01-01,304.72
10,5,2026-03-21,467.08
1,123,2026-03-07,220.93
6,3,2026-01-03,481.81
4,1,2026-07-28,320.76
2,9,2026-02-14,266.55
43,7,2026-03-09,419.14
3,1,2026-03-20,448.74
51,3,2026-03-04,241.82
6,3,2026-03-27,294.93
1,3,2026-04-04,340.49
1,588,2026-01-12,89.14
1,901,2026-02-06,403.9
16,1,2026-03-15,217.05
3,2,2026-05-04,161.68
408,12,2026-07-14,159.55
238,2,2026-07-02,320.08
489,21,2026-02-24,103.51
20,11,2026-02-04,248.71
1,20,2026-06-03,90.49
155,2,2026-05-13,353.82
1,3,2026-05-14,24.07
15,1,2026-06-24,13.06
7,1,2026-03-17,480.49
11,45,2026-08-04,487.77
2,108,2026-08-18,491.36
25,3,2026-05-06,164.47
15,2,2026-03-13,100.25
1,1,2026-07-27,184.85
10,1,2026-01-15,169.46
4,15,2026-08-27,325.26
3,11,2026-03-20,468.66
42,736,2026-02-20,279.49
999,64,2026-03-16,41.26
2020,2,2026-07-09,404.9
3,200,2026-05-28,200.31
16,4,2026-07-20,98.93
2,47,2026-08-16,27.3
2,2,2026-02-28,309.3
3,14,2026-07-22,41.67
7,6,2026-08-27,358.0
168,51,2026-03-17,149.98
1,6,2026-05-12,349.65
1,6,2026-01-16,156.95
3,4,2026-08-17,197.25
111,1,2026-05-12,408.17
1,4,2026-07-16,432.57
2,13,2026-06-14,71.17
4,29,2026-03-09,302.71
1,1,2026-04-13,278.07
5,2,2026-04-05,303.33
3,439,2026-05-14,54.3
1,1,2026-04-20,170.19
1068,1,2026-01-07,487.87
2,18,2026-05-26,119.18
3,1,2026-04-17,350.18
4,3,2026-03-14,295.73
66,3,2026-06-15,422.96
124,1,2026-01-14,77.34
10,2,2026-02-14,280.5
1,64,2026-06-26,362.05
11,39,2026-05-15,278.81
408,4,2026-02-13,279.17
1,22,2026-05-17,154.52
641,46,2026-07-22,278.82
29,26,2026-04-23,184.86
3,7,2026-02-03,481.05
8,2,2026-06-09,389.01
2,20,2026-02-10,433.33
11,1,2026-06-21,172.85
1,1,2026-03-18,399.77
1,22,2026-05-16,377.05
1,1909,2026-06-13,7.31
12,780,2026-07-04,454.06
70,19,2026-02-15,412.06
1,7,2026-05-08,204.4
1067,221,2026-05-12,414.55
92,2,2026-03-11,26.73
2,13,2026-03-19,132.11
3,1,2026-03-05,289.47
8,1,2026-05-25,132.2
5,79,2026-06-08,50.64
1,1,2026-06-16,212.19
707,5,2026-04-12,365.91
1,1,2026-04-19,125.1
4849,32,2026-01-10,264.89
48,15,2026-02-11,348.54
1,29,2026-08-12,40.05
5,229,2026-01-15,6.62
1,1238,2026-03-17,392.35
9,2,2026-05-20,192.4
2,1,2026-02-27,301.56
3,1,2026-07-18,361.88
1,3,2026-01-07,138.45
22,66,2026-02-28,108.91
6,1,2026-08-08,143.97
53,1,2026-01-13,312.01
2,8,2026-03-22,408.58
44,2,2026-06-13,85.42
1,7,2026-08-23,356.7
1,37,2026-08-26,434.06
15,807,2026-05-27,214.99
261,1,2026-03-28,48.17
2,87,2026-05-27,313.55
287,3,2026-08-17,313.91
19,97,2026-02-16,31.8
1216,5,2026-06-26,20.21
52,5,2026-02-05,389.68
691,1628,2026-03-21,112.77
653,3,2026-08-28,443.6
83,3,2026-06-02,366.22
774,1,2026-06-25,167.45
2,4,2026-05-15,178.28
6,2,2026-06-06,120.34
15,44,2026-06-10,10.16
11,1,2026-01-21,467.29
1,26,2026-03-25,471.03
2,1,2026-06-22,351.4
106,1,2026-05-16,337.12
2546,1,2026-08-25,207.72
20,1246,2026-03-11,280.02
1274,1,2026-06-09,45.66
1,13,2026-07-19,43.97
1,2227,2026-04-02,129.65
86,3,2026-03-18,106.89
7,113,2026-08-22,57.03
526,9,2026-05-03,461.57
221,65,2026-04-28,463.12
5,2,2026-01-22,350.38
1,14,2026-06-10,284.09
1,1,2026-06-26,310.56
1,24,2026-01-25,156.96
1,6,2026-02-23,342.81
1120,14,2026-04-14,156.64
1,2,2026-06-10,116.96
3,1,2026-05-14,498.61
10,1,2026-07-08,170.42
381,1,2026-07-24,201.51
1,1,2026-08-19,260.9
6,983,2026-06-12,42.74
715,579,2026-03-24,48.16
2,13,2026-05-19,45.09
9,14,2026-08-15,380.91
4,48,2026-05-07,293.28
3,6,2026-06-12,417.6
3,6,2026-03-10,227.43
2,51,2026-08-05,434.72
1,33,2026-08-10,491.0
1,1,2026-04-28,458.95
45,2,2026-04-13,331.21
2,267,2026-01-12,435.98
1,12,2026-04-15,484.52
11,1,2026-04-21,137.66
3,2,2026-01-14,39.6
76,1,2026-02-23,336.4
3,372,2026-08-13,400.64
65,31,2026-01-06,14.33
15,10,2026-05-16,333.62
35,6,2026-04-25,135.39
60,2,2026-05-18,189.46
7,262,2026-05-21,64.09
1,2175,2026-08-15,410.78
4,26,2026-02-06,270.51
1,2,2026-07-04,245.21
1,27,2026-08-22,314.62
1,1,2026-06-16,454.23
151,4,2026-06-11,26.17
9,1904,2026-02-28,242.93
35,4,2026-03-06,381.69
171,12,2026-03-16,243.63
1,3,2026-07-14,83.48
2768,16,2026-06-10,63.84
14,2,2026-01-17,399.44
4,1,2026-05-24,358.69
1,5,2026-02-27,359.62
76,6,2026-03-08,418.54
4,1,2026-01-10,24.13
8,18,2026-04-26,197.36
13,13,2026-06-21,90.51
9,2,2026-05-27,50.29
2,111,2026-07-12,486.19
1,1,2026-07-27,157.33
2,66,2026-01-23,29.66
7,39,2026-05-14,363.94
1,2,2026-02-21,124.35
5,108,2026-02-02,464.33
1,16,2026-02-13,372.59
3,1,2026-05-14,345.47
4,1,2026-06-09,479.28
46,864,2026-05-12,356.43
4,5,2026-06-10,136.78
1,8,2026-02-16,283.51
74,1,2026-04-20,399.75
1,1,2026-04-17,325.16
14,16,2026-04-06,424.85
6,347,2026-07-13,240.17
5,23,2026-03-07,231.49
7,18,2026-02-01,208.3
358,59,2026-05-25,91.09
1,3,2026-07-20,264.35
1,1617,2026-07-12,423.94
5,2,2026-02-12,344.49
39,541,2026-03-20,40.02
1,1,2026-02-25,277.77
1,55,2026-05-03,396.49
3,42,2026-01-01,351.01
1,1,2026-06-13,357.93
5,1,2026-02-02,22.46
5,1,2026-03-19,329.9
11,27,2026-01-01,445.75
1,2,2026-05-20,317.4
3,10,2026-05-24,122.13
12,11,2026-07-04,483.64
2,1,2026-04-07,10.5
1,18,2026-06-06,297.63
1,12,2026-01-20,351.42
12,3,2026-02-28,6.07
2,25,2026-03-05,181.21
2,2,2026-07-05,338.98
3,14,2026-02-10,365.9
1,140,2026-06-08,412.92
1,6,2026-08-03,44.48
23,3,2026-08-10,407.01
51,20,2026-07-12,236.71
12,13,2026-02-06,434.72
1,12,2026-05-26,499.54
11,6,2026-01-23,409.36
84,13,2026-03-26,84.47
80,3,2026-04-26,87.42
1,5,2026-01-07,384.6
3,101,2026-02-27,38.63
3,5,2026-01-10,230.72
1,1,2026-06-11,245.85
8,4,2026-04-07,275.33
4,45,2026-03-24,269.68
2,299,2026-03-13,377.47
8,3,2026-07-04,397.84
5,13,2026-06-27,277.28
7,10,2026-08-13,463.4
1,5,2026-05-28,88.98
37,1,2026-01-12,114.63
4,2,2026-05-09,395.0
1167,1376,2026-07-10,273.32
244,319,2026-01-19,34.32
2,3,2026-07-03,109.39
3,1,2026-02-21,28.28
15,6,2026-03-05,362.6
7,3,2026-06-14,297.26
7,2,2026-08-26,112.11
4,766,2026-06-04,276.82
67,1,2026-03-24,338.66
864,4,2026-03-12,397.46
5,2,2026-03-19,224.88
3,1,2026-05-04,435.62
13,5,2026-06-08,210.8
27,1,2026-05-21,392.09
3,11,2026-03-11,430.24
26,3,2026-04-05,149.67
1,1,2026-07-07,486.39
1,21,2026-06-03,454.71
15,1,2026-01-17,115.57
6,2,2026-03-19,204.97
2,1,2026-07-17,122.81
1,112,2026-05-03,396.56
6599,179,2026-07-13,428.89
5,5,2026-04-24,434.03
52,6,2026-06-27,57.03
1,5,2026-02-06,124.52
2,3,2026-03-25,261.87
10,2,2026-08-16,395.06
1,5,2026-07-10,229.84
80,11,2026-02-21,132.59
5,4,2026-03-11,227.64
1,8,2026-01-12,284.31
1,1,2026-07-10,65.4
36,1,2026-08-26,74.21
3,7,2026-03-04,121.27
35,1,2026-04-20,24.86
1624,2,2026-05-09,365.68
269,1,2026-07-27,346.66
3,2,2026-06-12,313.41
7,12,2026-03-26,48.46
37,28,2026-05-09,273.74
1,3,2026-01-17,74.22
54,6,2026-06-02,170.34
10,2,2026-07-07,230.88
2,10,2026-01-21,154.18
4,24,2026-01-10,478.0
2,1,2026-01-03,212.78
4,39,2026-01-08,358.92
3,3,2026-02-06,130.52
11,16,2026-07-05,101.77
1,1,2026-06-19,323.69
22,1,2026-04-02,478.73
9,33,2026-06-01,401.88
7,21,2026-04-07,259.45
1,2176,2026-01-21,264.61
1,8,2026-01-23,442.0
295,1,2026-02-10,266.94
45,2093,2026-04-02,124.31
615,1021,2026-07-28,60.32
94,2,2026-04-12,289.62
16,7,2026-06-22,404.59
11,154,2026-05-18,182.5
100,1,2026-04-25,290.33
7,854,2026-07-08,408.29
27,25,2026-01-23,455.54
3,1,2026-08-01,277.57
1,98,2026-08-05,63.84
1,1,2026-08-03,168.72
20,2,2026-05-16,218.91
9,26,2026-05-27,331.47
3,102,2026-05-02,436.2
42,2,2026-04-16,69.07
1,8,2026-06-01,310.9
3,116,2026-08-03,84.93
153,4,2026-06-20,77.22
1,2,2026-07-15,358.17
913,6,2026-01-18,206.64
6,7,2026-06-16,286.22
1,30,2026-06-09,223.13
72,1,2026-08-27,347.09
1,5,2026-07-09,103.08
1,4,2026-04-03,324.74
3,155,2026-07-10,358.27
9,12,2026-08-05,452.63
4,1,2026-02-21,272.27
8,3,2026-07-11,432.07
2,23,2026-06-11,414.65
10,1,2026-04-02,132.42
108,75,2026-05-01,452.35
1,5,2026-04-21,299.22
3,2,2026-08-15,39.54
494,6,2026-06-06,127.04
16,31,2026-05-03,220.11
5,1,2026-06-24,209.11
1,238,2026-06-10,413.62
65,4,2026-04-11,43.39
1,6,2026-06-13,149.42
5,81,2026-06-17,240.22
3,7,2026-07-10,428.3
4,18,2026-08-26,48.2
9,1,2026-05-06,110.72
21,29,2026-07-03,453.16
1,34,2026-07-02,87.53
17,1,2026-04-15,313.26
2,2,2026-02-23,322.07
7,2,2026-06-04,465.61
2,1,2026-05-01,363.14
192,1032,2026-01-04,244.0
37,1652,2026-01-05,13.3
5180,23,2026-07-04,358.61
3115,3,2026-02-24,464.23
1,300,2026-07-14,477.18
3,1,2026-06-15,114.23
1,5,2026-03-10,93.43
8,1,2026-08-05,154.93
2,50,2026-01-20,46.28
2,1,2026-07-11,378.65
22,981,2026-07-11,480.89
3,71,2026-01-12,85.2
2,3,2026-02-05,492.63
2,4,2026-08-17,33.21
4,2,2026-07-11,335.33
1,3,2026-01-05,16.33
11,97,2026-04-11,211.55
171,91,2026-03-20,364.36
142,952,2026-07-16,463.08
2,2,2026-07-02,140.62
48,1,2026-01-10,266.5
87,24,2026-01-28,380.13
1,3,2026-03-28,454.11
1,167,2026-01-26,313.33
1,27,2026-08-14,321.07
1,9,2026-07-25,110.13
1,134,2026-08-22,404.59
105,43,2026-04-25,45.59
1,1,2026-05-12,481.06
1,5,2026-01-09,320.17
12,5,2026-06-17,146.08
31,9,2026-05-15,238.79
53,39,2026-05-07,96.13
253,26,2026-06-07,176.99
49,9,2026-02-20,320.53
3,5,2026-05-20,148.31
1,2,2026-03-08,293.8
22,1,2026-03-06,234.29
1,2,2026-06-02,320.76
1,20,2026-01-25,495.66
2,1,2026-06-01,25.35
61,1,2026-03-09,69.32
3,19,2026-04-16,345.2
67,5,2026-07-18,106.49
2,1,2026-07-05,215.0
7,7,2026-06-05,446.74
7,48,2026-07-14,7.77
2191,2,2026-01-24,80.8
4,4,2026-05-13,409.68
4,1518,2026-01-01,476.96
95,21,2026-01-10,84.89
3145,4,2026-06-28,415.77
30,2,2026-04-02,346.66
5,20,2026-04-11,428.35
5,5,2026-04-24,329.31
16,7,2026-08-08,282.35
2,3,2026-07-17,366.34
2,17,2026-04-13,477.59
5,2,2026-01-23,429.41
2,9,2026-06-22,113.43
14,2,2026-01-22,363.84
1,2,2026-05-28,68.65
10,10,2026-03-15,483.12
6,1,2026-02-17,322.39
293,1,2026-04-01,181.07
1,15,2026-02-27,355.14
48,125,2026-04-20,99.49
9,5,2026-05-01,469.4
973,1,2026-04-28,454.26
1,1,2026-07-05,120.31
3,2,2026-03-05,414.01
2,1,2026-02-19,337.34
7,3,2026-03-03,253.48
6,2,2026-06-01,254.44
1,5,2026-02-01,180.99
4005,1,2026-04-19,176.17
38,5,2026-04-12,279.59
3,1,2026-04-20,283.55
31,2,2026-04-24,219.92
160,13,2026-04-16,11.58
234,11,2026-01-02,244.55
3432,12,2026-07-26,495.68
1,2,2026-06-28,273.15
4230,1,2026-02-06,129.48
2,132,2026-02-27,141.3
23,144,2026-06-11,385.84
18,2,2026-04-24,123.81
9,2,2026-02-17,85.03
13,7,2026-03-25,237.88
5,3,2026-04-17,302.97
1,85,2026-02-10,122.42
3,2,2026-06-25,443.21
1,1500,2026-04-08,116.62
604,4,2026-06-05,497.38
3,1,2026-07-26,140.85
66,36,2026-03-01,422.12
18,1,2026-06-26,408.64
1,3,2026-04-13,125.12
1,3,2026-07-02,245.77
39,2,2026-02-17,51.87
30,2,2026-02-04,140.98
995,58,2026-01-13,375.73
9,1,2026-01-24,368.83
15,81,2026-03-04,279.53
6,382,2026-03-02,174.65
114,2,2026-01-05,242.95
13,2543,2026-02-23,468.38
1,10,2026-03-25,392.55
6,5,2026-02-07,112.82
28,620,2026-05-22,121.57
132,5,2026-08-26,152.53
17,78,2026-04-28,259.26
1,20,2026-03-21,21.07
152,11,2026-03-20,425.4
554,1,2026-05-04,17.18
92,1,2026-03-22,214.32
1,77,2026-06-02,372.6
5187,2,2026-02-12,294.69
3,30,2026-05-07,249.98
28,2,2026-07-24,61.74
1,6,2026-05-24,115.87
19,1,2026-05-16,59.3
2,240,2026-03-27,452.33
54,13,2026-04-23,401.83
1,10,2026-03-07,440.39
4,3,2026-02-18,77.45
23,3,2026-07-16,392.83
9,11,2026-05-06,17.7
2,61,2026-04-24,139.0
1,10,2026-06-02,479.55
7,12,2026-07-23,426.9
2,1,2026-07-21,58.59
1,41,2026-03-01,280.83
1,43,2026-06-14,132.52
13,4,2026-01-11,93.52
2,4,2026-08-03,343.97
7,4,2026-01-19,299.51
1,294,2026-02-14,94.81
1,1,2026-02-03,318.55
5081,4,2026-07-11,179.46
29,10,2026-04-22,230.67
4,2,2026-04-12,407.92
2,276,2026-08-20,474.4
50,1,2026-05-12,11.68
97,3,2026-08-18,244.12
1,10,2026-05-20,392.24
7,1,2026-07-19,84.14
35,18,2026-06-13,351.82
2,5,2026-06-01,390.94
24,1,2026-02-04,128.43
1,325,2026-08-10,36.49
2268,2246,2026-06-13,41.11
1,16,2026-01-08,18.39
9,15,2026-01-03,199.15
6,2,2026-06-05,476.66
78,3,2026-03-28,363.38
14,2,2026-02-22,75.6
1,3,2026-06-12,430.74
7,20,2026-08-20,148.44
1,20,2026-07-24,492.38
1,379,2026-08-09,126.08
2,2,2026-03-12,393.98
39,16,2026-03-08,87.26
71,182,2026-08-22,491.49
10,1,2026-08-25,72.89
5,62,2026-07-01,310.04
28,202,2026-06-15,232.97
2,344,2026-02-11,122.99
2,10,2026-04-10,360.08
253,1,2026-04-02,474.94
8,1,2026-05-25,41.15
26,1,2026-01-21,412.55
128,1,2026-05-03,291.52
416,1,2026-02-16,75.43
2,5,2026-02-04,377.98
1,4,2026-01-26,68.98
4,1,2026-05-10,77.07
1,567,2026-07-22,328.85
1,5,2026-01-26,39.42
3,7,2026-03-26,333.93
6,1,2026-04-17,111.41
21,18,2026-04-01,120.85
1,1,2026-08-04,50.05
8,1,2026-07-16,104.86
4,1,2026-03-26,358.58
2,11,2026-02-23,157.07
1,1,2026-01-20,458.8
32,54,2026-05-25,445.41
70,136,2026-08-16,404.19
5,2,2026-03-12,178.3
20,64,2026-06-13,90.61
32,1,2026-01-02,414.14
77,1,2026-03-25,449.52
1,1,2026-02-11,182.66
1,1,2026-02-07,26.3
27,616,2026-07-09,155.55
7,1,2026-01-20,285.28
3826,4,2026-06-22,149.82
8,7,2026-05-27,361.66
1,186,2026-02-21,299.95
6,3,2026-06-10,144.24
3,1,2026-04-06,319.93
2,1,2026-06-08,410.42
26,2,2026-04-02,412.33
762,1,2026-01-24,492.34
1,593,2026-02-21,329.67
2,2,2026-01-10,495.95
84,2,2026-01-25,127.21
115,12,2026-07-14,158.56
35,246,2026-08-26,449.16
1,1,2026-02-19,87.1
3,4,2026-02-04,345.92
24,1,2026-04-09,427.18
6,9,2026-02-26,214.41
4,4,2026-02-05,381.52
9,1,2026-02-08,89.51
153,7,2026-04-06,160.12
1,22,2026-06-10,129.82
1,1,2026-08-08,161.91
2,1,2026-05-19,193.88
6,2,2026-01-04,193.55
2,31,2026-01-16,408.29
25,1,2026-01-03,351.53
4,4,2026-01-03,175.23
11,1,2026-03-19,13.87
59,7,2026-02-18,123.72
741,65,2026-05-20,68.77
143,15,2026-08-18,280.23
330,1,2026-02-28,183.11
1,3,2026-07-14,20.46
9,2,2026-08-21,75.21
1,7,2026-07-22,301.88
7,1,2026-03-24,34.72
65,3,2026-04-26,178.37
2,5,2026-03-08,322.76
6527,34,2026-08-25,379.62
1,40,2026-04-16,289.51
1,4,2026-03-02,203.28
5,1,2026-07-15,435.37
12,3,2026-02-02,273.69
1778,168,2026-06-21,57.74
3,6,2026-01-19,59.67
81,3,2026-02-05,114.6
4,1,2026-05-14,323.25
7,1,2026-06-05,332.23
3,1,2026-07-08,23.65
24,37,2026-08-22,451.09
2,1,2026-05-20,114.42
18,1,2026-08-20,323.98
681,5,2026-08-27,64.82
1,2,2026-03-10,325.02
515,2,2026-04-16,338.4
5,2,2026-06-22,329.63
2,348,2026-06-07,321.54
99,7,2026-03-25,493.17
209,7,2026-03-13,310.15
2,2,2026-06-01,213.43
1459,8,2026-04-16,485.74
5,39,2026-03-24,381.33
11,2,2026-06-21,351.42
1,194,2026-08-04,248.81
1,1,2026-05-24,463.06
28,1,2026-05-03,17.85
2,1,2026-01-25,431.31
24,4,2026-04-13,88.83
4,1,2026-04-24,432.0
25,5,2026-02-15,173.72
14,153,2026-01-02,168.39
2317,1,2026-04-02,227.63
2,25,2026-07-23,185.17
3,1,2026-03-01,62.2
3,2,2026-04-26,415.77
1,1,2026-02-13,59.61
1,1,2026-05-10,474.72
5,2,2026-07-25,429.26
13,12,2026-08-24,242.7
1,14,2026-08-15,39.79
2789,18,2026-08-23,110.69
65,183,2026-03-28,46.15
6,2,2026-05-09,414.59
5,1,2026-06-05,471.37
1,29,2026-06-26,199.16
6,3,2026-01-05,391.54
1,105,2026-08-15,124.0
5,1,2026-02-11,485.0
2,53,2026-03-17,198.26
1,2,2026-03-05,134.96
1,5,2026-02-22,478.33
382,92,2026-07-26,328.67
5,23,2026-06-10,127.28
7,2,2026-03-11,37.94
3,1,2026-08-02,490.22
13,1,2026-06-27,109.38
5112,1,2026-08-07,10.78
20,1,2026-08-14,310.04
86,2113,2026-02-23,247.27
41,1,2026-01-19,357.98
1,1,2026-01-11,380.23
69,399,2026-06-13,297.48
9,4,2026-06-13,235.58
103,13,2026-05-16,363.78
32,1,2026-05-22,287.86
2,1,2026-05-17,206.23
1528,1571,2026-01-02,354.64
4,45,2026-03-20,322.72
9,1,2026-06-18,36.31
2,8,2026-05-21,269.1
186,3,2026-03-02,316.49
456,3,2026-06-14,99.53
2417,1,2026-06-26,324.66
12,2,2026-07-16,35.12
6,14,2026-08-18,466.54
3,369,2026-04-02,148.48
4,1,2026-08-04,255.82
1,4,2026-01-04,277.53
6,1,2026-04-11,434.63
25,420,2026-02-15,292.01
5,1,2026-06-05,283.84
173,10,2026-02-03,374.24
10,1,2026-07-16,170.98
32,5,2026-01-09,47.76
23,1,2026-04-16,332.58
2,1,2026-04-24,190.14
1540,6,2026-08-18,117.61
203,2,2026-08-22,497.97
29,1,2026-08-18,286.04
1,15,2026-08-03,129.65
33,3,2026-04-24,203.25
1,2,2026-08-07,236.11
16,801,2026-03-02,214.72
2,2,2026-02-01,482.19
3,1,2026-08-21,280.66
76,2073,2026-02-28,107.99
52,1,2026-01-04,397.84
2,21,2026-04-16,254.16
1,3,2026-03-02,50.82
3,5,2026-03-23,472.13
1,62,2026-01-28,76.33
10,154,2026-05-18,190.84
1,1,2026-04-10,375.69
83,99,2026-07-09,168.06
427,3,2026-01-08,118.89
78,108,2026-03-28,453.84
1,8,2026-05-01,361.75
3,11,2026-05-19,209.11
11,3,2026-07-06,444.75
6,9,2026-01-05,340.37
26,2,2026-02-17,193.83
6,11,2026-07-19,148.43
10,1,2026-07-24,398.83
5718,9,2026-06-02,215.99
2,43,2026-03-12,208.88
257,217,2026-01-03,77.57
9,3,2026-08-26,336.01
14,1,2026-07-12,9.08
2,570,2026-03-04,27.48
3,9,2026-04-14,250.34
2,3,2026-03-24,124.95
1,3,2026-05-12,144.45
14,1,2026-06-20,299.64
1,12,2026-05-19,337.62
3,7,2026-01-27,298.96
41,26,2026-08-14,476.65
12,109,2026-05-19,344.24
95,2,2026-01-26,467.51
1,2,2026-06-10,102.82
1,1,2026-01-24,471.52
491,191,2026-08-15,423.65
1,16,2026-05-19,397.64
93,12,2026-03-27,292.77
4988,13,2026-04-23,213.58
6,753,2026-08-21,37.88
39,8,2026-04-27,376.59
2801,60,2026-04-09,430.2
1,3,2026-01-27,323.22
26,50,2026-02-22,96.32
1,26,2026-02-11,370.58
9,2,2026-05-06,119.59
1412,36,2026-01-02,451.96
2,1,2026-05-09,456.34
5,246,2026-08-28,443.76
3,7,2026-03-04,340.84
449,1,2026-07-05,350.64
2,62,2026-07-24,158.75
1,1,2026-04-20,390.3
3,4,2026-08-27,497.67
29,7,2026-06-27,245.05
1,2,2026-06-23,103.74
2,1,2026-06-19,422.24
8,1,2026-04-05,340.51
2,1,2026-03-26,420.09
180,11,2026-02-03,206.68
1,22,2026-06-05,419.91
1,5,2026-07-06,251.25
1,45,2026-08-26,181.76
41,1,2026-02-22,337.2
2,4,2026-01-11,418.07
3,13,2026-08-20,296.74
4,44,2026-03-15,303.69
1,36,2026-08-12,129.58
1,9,2026-03-10,373.55
3,2,2026-05-13,352.33
17,26,2026-05-14,112.31
2,1,2026-08-22,52.7
2,1,2026-08-16,256.5
2,1,2026-01-21,129.22
202,3,2026-05-16,397.46
4,1,2026-02-15,195.94
4,38,2026-01-19,264.06
2,20,2026-07-22,38.41
2,411,2026-07-16,396.7
3,12,2026-04-21,131.03
11,37,2026-07-03,274.85
2,1,2026-06-19,183.73
1,1,2026-02-25,189.98
3,3,2026-06-12,445.37
1,1,2026-06-25,74.28
76,125,2026-03-21,261.48
276,435,2026-08-16,357.72
1,13,2026-07-14,478.89
250,93,2026-01-20,300.92
256,45,2026-08-06,141.52
2,8,2026-08-01,134.27
361,66,2026-08-16,296.34
1,119,2026-08-26,176.5
18,8,2026-05-05,40.06
3,620,2026-01-25,367.89
1,2,2026-01-09,53.04
1,2,2026-02-15,117.15
1,2,2026-07-18,49.48
3,1,2026-08-02,486.54
2,42,2026-08-02,55.1
385,4,2026-01-09,266.82
1,50,2026-07-08,460.73
67,10,2026-04-25,332.28
8,3,2026-01-13,393.91
9,19,2026-06-25,241.65
2,139,2026-06-20,442.3
3,1368,2026-07-07,85.27
14,8,2026-02-01,201.54
3,2,2026-05-08,424.77
47,28,2026-07-12,80.47
9,1,2026-05-06,106.02
14,2,2026-04-21,200.52
2,150,2026-03-15,37.41
2,7,2026-03-27,367.42
1,10,2026-08-11,368.84
2,4,2026-01-26,125.67
8,4,2026-07-13,418.65
14,1,2026-08-17,216.45
127,1,2026-07-17,154.89
40,1,2026-02-02,303.47
1,3,2026-06-14,261.31
45,592,2026-03-17,425.83
15,3,2026-02-17,200.18
1,18,2026-03-09,376.62
46,1,2026-03-04,177.53
13,2,2026-01-02,257.3
1,1,2026-07-01,47.56
11,12,2026-02-12,218.32
67,5,2026-05-18,105.11
40,40,2026-04-15,240.79
15,2,2026-02-12,240.02
727,12,2026-02-18,258.47
5,1,2026-04-15,438.74
275,1,2026-03-14,416.6
36,7,2026-05-05,356.22
46,1,2026-04-11,103.43
1,1,2026-04-08,148.33
1,3,2026-03-10,214.32
1,708,2026-01-10,431.64
34,1134,2026-05-19,365.94
1,16,2026-01-22,344.15
2,3,2026-08-15,203.32
21,5,2026-04-05,310.05
2,2,2026-06-14,285.17
16,248,2026-08-06,315.87
58,17,2026-01-03,170.15
7,315,2026-07-08,488.53
15,26,2026-02-02,369.97
2,193,2026-03-12,280.99
1,21,2026-07-02,327.62
3,1,2026-07-17,214.72
59,67,2026-01-08,287.02
2,58,2026-01-04,13.95
1,6,2026-02-04,391.56
4,128,2026-08-12,36.89
4,13,2026-03-02,136.15
23,8,2026-02-09,30.52
106,187,2026-08-17,476.19
1,2069,2026-07-01,227.67
1,10,2026-07-26,26.28
40,15,2026-08-01,333.11
2,1,2026-04-05,252.41
1588,1,2026-05-25,407.86
1,1,2026-04-26,84.77
13,4,2026-08-09,122.16
2,4,2026-08-24,262.72
1,15,2026-05-13,152.09
48,16,2026-07-11,476.9
1,40,2026-07-11,365.79
6,19,2026-01-28,345.93
1,46,2026-03-10,8.04
1,1,2026-01-28,127.23
17,8,2026-02-26,469.83
3,8,2026-03-14,478.92
3,2,2026-04-08,94.57
3,31,2026-05-05,483.12
1,1,2026-04-25,225.19
1,1,2026-06-17,262.79
1,1,2026-06-02,311.12
37,4,2026-02-05,51.0
1246,12,2026-04-11,150.69
1,2,2026-03-25,139.57
70,12,2026-06-02,390.7
1,1,2026-01-23,104.28
1,1,2026-03-15,229.05
194,29,2026-04-24,94.91
1,1,2026-04-08,96.0
2,5,2026-04-18,149.75
1,1,2026-04-12,376.36
8,4,2026-07-17,116.68
3,3,2026-04-16,489.6
11,42,2026-02-02,476.88
47,4,2026-04-11,80.48
213,12,2026-04-08,390.04
2,7,2026-03-21,406.38
1,67,2026-01-22,263.23
39,3,2026-01-03,216.77
3,1,2026-05-19,330.08
6,1,2026-04-04,437.38
11,1,2026-02-16,339.25
2,2,2026-05-25,207.05
2,2,2026-02-04,156.4
33,2,2026-01-01,331.9
407,446,2026-01-26,111.88
18,1,2026-07-25,198.39
9,3,2026-03-23,328.47
2,404,2026-01-12,324.01
6,310,2026-03-26,358.36
1,2,2026-08-26,347.38
6,17,2026-03-15,403.98
69,2,2026-01-02,423.67
1,9,2026-06-06,356.62
1,23,2026-01-25,251.88
3,1,2026-08-20,365.06
1,1554,2026-02-02,266.04
2,2,2026-02-08,313.23
9,3,2026-02-26,404.85
1,5,2026-06-01,465.05
1,111,2026-01-18,487.92
4,2,2026-01-16,220.28
1,55,2026-03-06,96.11
126,6,2026-04-07,77.7
7,3,2026-05-04,434.49
6,5,2026-03-03,71.63
1,31,2026-06-16,272.1
1,34,2026-07-19,406.01
1,1,2026-06-12,216.08
1,1,2026-08-05,243.4
1,1,2026-05-23,455.68
90,27,2026-05-27,391.71
18,3,2026-05-26,454.1
37,4,2026-07-21,310.6
58,19,2026-05-12,479.48
1,4,2026-06-14,120.88
8,55,2026-03-12,344.96
9,1,2026-06-17,44.75
1,2,2026-04-18,40.83
450,990,2026-07-05,103.14
49,26,2026-02-04,185.12
5,7,2026-02-18,165.95
1,2,2026-03-01,82.64
429,15,2026-04-16,194.98
4,1,2026-01-10,158.5
2683,14,2026-02-20,67.52
2,5,2026-08-15,497.75
7,11,2026-08-19,7.13
2998,11,2026-05-26,484.85
1,6,2026-02-18,165.59
8,10,2026-08-25,297.72
15,13,2026-03-28,171.71
280,2,2026-01-04,50.64
2,13,2026-04-13,129.94
7,65,2026-02-18,481.55
2,3,2026-03-20,211.29
5,74,2026-03-22,279.02
4,2,2026-06-23,103.46
42,4,2026-03-22,137.59
1,2,2026-04-12,375.18
14,59,2026-03-10,207.66
21,1,2026-02-21,123.93
3,3,2026-07-28,290.79
3,57,2026-03-03,74.47
31,12,2026-03-16,354.75
6,1686,2026-06-08,448.29
6,886,2026-02-15,127.59
36,39,2026-04-01,106.6
2,681,2026-05-03,396.72
1,1,2026-04-13,369.02
4,2,2026-07-10,135.77
2496,2,2026-05-08,435.86
7,1,2026-07-26,341.51
5,1,2026-05-09,289.15
3,1,2026-08-26,11.57
4,3,2026-01-22,257.46
20,1,2026-01-10,197.94
4,2,2026-03-08,420.78
907,67,2026-03-28,257.27
244,33,2026-03-12,287.86
2,1,2026-02-25,129.87
140,2,2026-07-16,222.49
1,5,2026-03-07,94.81
6,1,2026-06-23,493.41
3,10,2026-08-26,224.76
4193,97,2026-07-13,207.01
5,1,2026-04-04,301.34
13,4,2026-07-24,405.24
6,77,2026-02-13,395.15
3,1,2026-01-19,119.61
9,2,2026-06-26,473.28
6,1,2026-06-23,101.86
1,5,2026-03-20,97.64
140,7,2026-06-25,51.71
1,18,2026-08-20,441.31
2,19,2026-06-26,104.79
1,1,2026-08-02,110.15
73,1,2026-01-12,24.0
37,2,2026-07-06,368.14
2,1,2026-01-06,111.27
5604,1,2026-04-28,8.97
2,19,2026-04-11,272.87
1,102,2026-03-02,478.33
4302,8,2026-07-22,78.94
1,3,2026-07-25,34.47
5,26,2026-02-08,225.07
2,1,2026-02-06,480.61
3,2,2026-02-09,401.43
2,1,2026-01-25,259.64
13,6,2026-08-15,102.06
2,378,2026-04-19,10.31
2,2,2026-04-21,122.08
9,1,2026-07-01,343.53
1,3,2026-06-27,464.32
2,5,2026-01-01,113.39
2,536,2026-07-20,24.71
61,1,2026-06-16,237.63
241,2,2026-07-16,344.5
82,21,2026-06-13,67.86
1,7,2026-06-21,222.21
62,1,2026-03-24,351.51
1,60,2026-08-10,384.63
1,1,2026-04-16,217.33
2,13,2026-07-27,481.54
11,4,2026-03-20,217.88
1,3,2026-04-20,438.74
1,2051,2026-05-11,60.93
2,74,2026-05-05,39.2
1,3,2026-07-02,169.85
2,1,2026-05-05,364.52
1,8,2026-04-21,420.79
42,11,2026-06-09,282.96
7,12,2026-03-13,287.53
1,69,2026-08-28,97.88
7,1,2026-07-17,402.69
1,1,2026-01-23,442.47
3,1,2026-05-03,288.62
1,5,2026-04-14,382.29
2,1102,2026-08-13,68.23
282,13,2026-05-02,477.76
19,3,2026-05-09,396.62
3,47,2026-03-15,128.54
3,60,2026-05-19,313.42
1,2,2026-05-25,84.09
14,12,2026-07-10,141.77
4,147,2026-07-23,441.43
2,50,2026-04-13,5.14
1,52,2026-08-10,71.69
1,1,2026-06-26,408.89
180,2,2026-05-18,372.76
1633,102,2026-07-19,298.67
212,1,2026-03-23,141.63
55,8,2026-06-21,141.21
161,4,2026-03-14,47.62
6,103,2026-06-11,261.5
2,1,2026-08-04,352.24
3,2,2026-06-15,293.27
5,1,2026-07-20,365.9
90,1,2026-02-05,84.0
1,4,2026-03-06,489.82
10,15,2026-04-25,492.02
2,243,2026-06-12,38.89
2,3,2026-07-08,129.79
1,19,2026-07-03,191.86
1,6,2026-01-13,141.05
1,1,2026-07-04,140.41
8,31,2026-06-27,148.83
7,10,2026-02-04,125.26
336,3,2026-01-12,409.99
87,1,2026-05-01,87.64
7,25,2026-08-02,78.71
372,132,2026-08-08,332.12
410,5,2026-06-07,324.04
1,1,2026-08-13,452.97
368,5,2026-06-04,417.41
1,2,2026-07-18,241.07
10,62,2026-06-13,323.27
7,2,2026-02-24,238.28
712,3,2026-06-03,273.88
51,1,2026-07-21,386.56
542,7,2026-05-16,25.43
136,1,2026-05-12,109.68
1,3,2026-05-02,90.68
7,2485,2026-04-23,309.25
1,4,2026-03-16,127.47
1,1,2026-05-05,406.7
1,1,2026-02-24,194.56
1,139,2026-02-21,144.27
6,1,2026-07-05,282.18
18,17,2026-05-06,44.46
3,7,2026-03-10,319.36
1,148,2026-04-04,143.4
44,1,2026-04-22,63.64
6,1,2026-08-05,300.31
3,3,2026-03-25,5.65
2,1,2026-04-08,239.54
199,1,2026-04-21,411.54
7,1,2026-02-19,56.0
268,195,2026-03-04,278.93
191,1,2026-03-23,464.43
275,3,2026-05-16,270.5
2,2,2026-01-08,481.55
1,29,2026-08-05,43.79
7,1,2026-03-20,210.38
2,4,2026-03-23,378.76
5,1,2026-05-04,342.75
1,2,2026-03-25,390.51
2,1,2026-06-23,231.62
3,1467,2026-04-24,232.66
3,1,2026-05-04,374.13
1,1,2026-06-14,383.06
2,338,2026-05-22,450.17
24,112,2026-01-11,285.06
1,1,2026-01-03,359.38
3,924,2026-08-06,378.01
51,1,2026-03-14,274.45
15,47,2026-04-21,131.99
87,13,2026-01-14,98.79
364,28,2026-08-25,357.45
1,1,2026-08-21,142.92
1,1,2026-02-14,235.21
2,89,2026-02-02,213.75
6,35,2026-03-13,400.3
2,89,2026-02-17,290.7
1,2,2026-05-14,380.57
32,1,2026-03-12,157.83
1,1,2026-05-26,439.62
874,80,2026-06-06,205.81
1,15,2026-06-07,110.26
4,41,2026-08-15,304.81
3,1,2026-04-09,439.5
1,9,2026-01-23,365.11
57,1,2026-07-05,99.46
8,38,2026-01-03,493.23
6077,2552,2026-07-15,366.77
1,2,2026-02-17,442.49
2,3,2026-04-12,441.19
3,3,2026-08-17,472.33
3,1,2026-05-27,472.81
2,1,2026-04-15,296.79
7,23,2026-01-02,327.9
3,48,2026-04-11,299.76
930,32,2026-05-28,409.47
103,13,2026-01-12,268.26
10,2138,2026-04-15,440.77
1,3,2026-03-07,204.72
7,5,2026-07-16,272.95
7,9,2026-05-18,42.3
1701,4,2026-03-19,148.08
2364,6,2026-02-26,237.36
1118,185,2026-01-18,334.73
6,173,2026-04-16,34.91
11,2,2026-05-22,463.74
8,11,2026-08-14,301.84
19,14,2026-02-26,290.41
63,11,2026-01-01,362.16
40,8,2026-05-24,383.69
1,121,2026-03-01,429.48
1,54,2026-06-08,128.06
2,32,2026-06-20,466.47
4,1,2026-08-22,116.71
1,11,2026-04-28,51.13
2,5,2026-03-22,339.0
746,108,2026-01-03,421.22
2,229,2026-02-25,147.97
5,1,2026-08-13,106.01
1,1,2026-02-28,495.52
1,8,2026-07-26,46.5
3,1,2026-08-04,170.37
1,42,2026-06-12,38.73
1,5,2026-06-02,463.66
2,471,2026-02-26,86.7
3,7,2026-01-21,316.48
7,47,2026-05-26,481.94
1,5,2026-03-07,197.5
17,3,2026-02-13,478.3
1,20,2026-05-22,42.23
10,1,2026-02-17,458.33
1,2,2026-02-19,489.37
4,60,2026-04-28,358.42
23,9,2026-05-04,239.48
846,1,2026-07-26,233.49
1,4,2026-01-22,267.75
4,87,2026-07-06,478.22
52,1,2026-06-13,51.77
11,1595,2026-07-01,170.09
7,9,2026-04-11,145.31
15,7,2026-08-13,154.95
3,1,2026-04-18,125.99
2,11,2026-05-04,411.99
91,142,2026-08-12,360.78
21,3,2026-08-26,44.94
1,1,2026-04-14,155.17
272,782,2026-07-11,359.51
17,12,2026-03-17,119.84
5,6,2026-04-19,273.77
1,20,2026-03-22,364.78
1,1,2026-01-04,161.74
264,1,2026-08-11,242.33
1,23,2026-03-22,311.54
4,58,2026-06-27,304.54
25,2,2026-05-04,126.71
2,1708,2026-03-01,187.05
1,1,2026-02-07,312.36
6,1,2026-08-17,167.53
2,1,2026-04-14,368.05
469,10,2026-03-22,220.42
1,5,2026-04-23,377.44
1,11,2026-04-23,304.21
1,17,2026-06-11,459.16
2,3,2026-06-02,345.46
1,78,2026-08-15,156.77
244,2,2026-07-28,295.22
2,192,2026-01-19,267.59
1,27,2026-05-28,290.71
1,1,2026-01-26,79.14
1,3,2026-06-08,456.97
159,5,2026-08-24,143.36
1,3,2026-07-11,189.69
6,11,2026-01-25,341.44
13,3,2026-02-11,83.11
8,2,2026-05-21,223.04
2,5,2026-08-24,40.13
13,1,2026-02-07,186.81
4,3,2026-01-03,377.96
17,9,2026-06-18,288.13
10,1,2026-01-25,476.28
5,1,2026-04-06,81.43
2,2,2026-06-14,143.64
1,29,2026-07-25,410.04
38,100,2026-05-23,193.06
6,1,2026-02-02,447.58
1,1,2026-05-02,413.73
1,5,2026-08-13,80.15
3,1,2026-01-18,442.07
386,4,2026-04-17,350.36
186,17,2026-01-05,251.01
1,21,2026-06-03,214.83
3,5,2026-06-09,42.96
22,88,2026-03-27,212.56
6,2,2026-06-08,384.39
309,4,2026-08-26,16.6
7,2,2026-03-09,478.22
1,2,2026-06-10,260.87
12,2,2026-08-05,241.29
2,16,2026-05-02,102.97
1,20,2026-03-15,449.18
126,7,2026-06-11,437.99
1,2,2026-01-14,63.42
113,1,2026-08-27,291.94
240,3,2026-04-22,273.71
4,327,2026-03-27,392.27
167,4,2026-01-07,141.38
186,14,2026-04-08,453.99
116,7,2026-02-20,122.93
21,52,2026-05-12,431.5
106,1,2026-02-20,321.49
947,6,2026-01-13,205.14
51,1,2026-07-01,177.17
1,6,2026-07-10,225.85
4,19,2026-07-12,258.44
124,252,2026-03-16,295.38
106,279,2026-08-21,310.55
1,1,2026-03-21,277.57
1,6,2026-01-26,150.82
9,15,2026-05-28,70.22
36,8,2026-02-06,122.8
15,7,2026-03-26,63.54
7,58,2026-07-17,364.25
6,1,2026-03-20,222.47
74,11,2026-05-13,338.88
1,2,2026-07-09,468.63
66,1,2026-03-28,394.41
34,1,2026-03-13,244.56
3,69,2026-02-14,456.46
1,9,2026-08-26,122.54
401,4,2026-06-20,476.81
90,1,2026-01-08,88.08
3,18,2026-03-23,199.32
2,1,2026-05-26,39.12
34,4,2026-05-14,473.71
1,1,2026-01-14,368.65
1,7,2026-06-07,250.77
113,259,2026-01-24,171.5
509,1,2026-05-28,363.15
145,1,2026-01-12,296.57
3,2,2026-01-01,326.03
20,43,2026-08-20,355.02
16,53,2026-04-17,306.42
5,136,2026-02-22,321.28
16,1,2026-07-19,162.99
22,827,2026-01-10,93.92
5,1,2026-08-11,42.69
86,1,2026-03-03,365.96
2,9,2026-05-06,300.08
1,6,2026-08-13,364.73
1,1,2026-05-24,184.02
1,3,2026-01-02,387.61
3,8,2026-06-02,65.03
976,2,2026-04-27,212.48
39,3,2026-03-15,121.16
1,4,2026-08-11,185.4
2,1,2026-08-18,432.32
10,20,2026-07-23,145.74
2050,10,2026-02-22,314.51
1,3,2026-03-02,450.56
2,1,2026-05-10,130.1
5,8,2026-05-06,371.25
1,4,2026-05-17,261.33
16,5,2026-05-13,19.67
6368,1,2026-08-08,203.51
1,149,2026-02-06,209.33
13,735,2026-01-02,358.54
7,1,2026-05-25,328.82
8,1,2026-07-16,123.4
1,71,2026-07-26,494.81
7,1,2026-08-18,69.54
44,8,2026-05-13,91.8
1,69,2026-05-04,232.78
5,1,2026-08-20,285.51
2,25,2026-08-25,403.21
1,8,2026-03-13,279.96
897,8,2026-05-16,155.42
1,1,2026-07-28,84.03
1,33,2026-01-28,82.22
1,18,2026-06-22,264.47
2,2,2026-08-01,350.16
1,25,2026-06-20,161.08
302,2,2026-01-05,215.96
98,1,2026-02-02,417.9
28,2,2026-04-27,103.62
8,1,2026-03-28,17.93
7,2,2026-07-07,7.82
10,1,2026-02-10,192.48
78,6,2026-06-27,27.72
2,1,2026-05-23,109.47
4,19,2026-03-09,32.75
2,33,2026-02-03,215.84
1,2,2026-04-01,315.82
5,2,2026-05-14,211.24
2,3,2026-01-01,263.58
1,19,2026-06-11,21.18
5,4,2026-02-07,173.17
1,21,2026-05-21,473.22
1,6,2026-01-18,178.51
2,1,2026-02-02,197.66
653,2,2026-02-27,163.0
22,232,2026-07-05,336.5
19,8,2026-02-09,258.78
1,5,2026-03-18,309.15
15,5,2026-05-20,361.66
101,1,2026-08-24,385.42
1,39,2026-07-12,182.83
5,34,2026-06-27,75.45
3,1,2026-06-16,78.83
43,1,2026-06-10,370.18
11,154,2026-08-25,477.87
2,7,2026-01-01,106.92
2,1,2026-08-21,391.56
40,26,2026-02-19,250.22
3,2703,2026-06-12,477.6
3,64,2026-03-12,335.84
4,1,2026-03-22,155.38
2,26,2026-07-09,491.71
1,5,2026-06-06,486.21
3,5,2026-05-16,61.11
11,1,2026-04-04,476.2
2,46,2026-06-15,359.48
1,3,2026-06-06,171.7
2,1,2026-04-19,346.02
1,1,2026-02-06,389.83
15,6,2026-08-08,391.96
12,3,2026-05-22,20.43
4,1,2026-08-13,7.33
1,408,2026-06-23,61.54
5,2,2026-07-24,163.44
4,11,2026-04-04,421.16
1,3,2026-08-28,106.47
1,6,2026-08-05,418.57
8,1,2026-08-15,286.61
1,3,2026-04-05,350.83
1,4,2026-06-23,145.18
5,1,2026-02-01,102.43
8,4,2026-05-11,239.21
150,1,2026-01-09,180.19
11,13,2026-04-16,483.37
2,1,2026-05-08,125.62
2,1,2026-01-20,263.57
22,121,2026-01-26,152.19
5,815,2026-04-03,478.57
10,21,2026-03-18,82.49
20,1960,2026-07-08,109.85
1,1,2026-05-02,239.59
2,2,2026-07-14,326.53
38,32,2026-05-15,410.45
13,2,2026-06-02,367.9
298,8,2026-07-13,186.82
2,1,2026-05-01,237.99
13,1,2026-05-12,113.04
10,2,2026-05-22,188.71
17,4,2026-07-05,123.25
1,1,2026-08-22,106.88
50,1244,2026-06-03,428.58
1,3,2026-07-18,231.71
22,1,2026-01-15,183.68
4,13,2026-07-24,463.41
23,1,2026-06-10,84.81
1,5,2026-01-11,196.37
1,1,2026-07-10,211.07
1,444,2026-08-15,203.89
4,2,2026-05-19,415.55
5875,17,2026-05-19,411.06
49,1596,2026-08-04,463.56
10,10,2026-03-11,268.75
2,7,2026-07-26,358.97
3,3,2026-05-16,380.52
1,1,2026-05-26,194.87
19,24,2026-05-04,200.99
1130,1,2026-06-23,383.06
10,69,2026-05-14,464.71
9,2,2026-01-10,232.05
1,6,2026-04-27,48.57
2,1,2026-05-16,184.6
5,58,2026-01-13,294.43
8,7,2026-04-20,13.65
934,30,2026-06-26,140.1
69,1,2026-07-19,219.1
1,38,2026-07-07,12.73
178,1,2026-07-09,424.14
74,76,2026-03-21,395.35
19,1,2026-08-19,410.57
1,6,2026-01-12,421.37
5906,1,2026-01-27,425.33
30,44,2026-01-11,245.68
1,9,2026-07-15,84.51
5,715,2026-04-09,414.77
47,2,2026-07-16,275.82
1,2,2026-04-14,499.58
3,9,2026-06-01,141.45
2,40,2026-07-27,54.14
1,1,2026-07-12,49.46
70,2,2026-06-07,425.2
7,1,2026-07-07,74.68
10,1,2026-08-08,431.09
31,1,2026-05-12,252.75
1545,2,2026-06-25,243.22
439,4,2026-01-22,447.75
898,2,2026-01-09,234.97
1,1,2026-03-02,240.56
5,1,2026-06-15,10.23
23,3,2026-01-15,409.74
20,1,2026-03-21,204.16
7,123,2026-08-15,390.57
1,43,2026-06-03,427.79
15,201,2026-04-23,292.47
4,228,2026-06-04,292.6
86,15,2026-03-26,449.86
1,1,2026-04-10,118.67
4,10,2026-07-16,46.93
13,4,2026-08-19,188.07
4,3,2026-03-09,149.45
1160,11,2026-01-16,389.36
28,3,2026-05-28,482.85
12,70,2026-05-10,466.7
25,1,2026-03-20,169.84
1,4,2026-03-01,392.92
3,1,2026-03-17,128.58
1,3,2026-05-20,62.1
4,1,2026-05-24,10.46
20,12,2026-03-13,343.01
1430,19,2026-06-26,407.19
11,6,2026-03-24,201.68
12,7,2026-04-22,494.23
1,11,2026-07-06,395.71
426,2,2026-08-20,253.28
157,1784,2026-08-10,201.44
3,17,2026-02-02,182.21
2,3,2026-01-01,369.07
2,7,2026-03-17,156.69
2,36,2026-02-23,498.63
5,759,2026-08-01,119.19
2,138,2026-07-13,72.54
1,1,2026-01-26,224.37
1841,1,2026-01-09,455.31
4,25,2026-08-24,143.15
10,149,2026-02-10,396.05
137,4,2026-01-17,235.99
3,6,2026-02-26,177.43
8,1,2026-07-23,455.78
3,155,2026-01-10,405.83
1,1,2026-03-02,244.6
1,183,2026-03-06,44.17
7,1,2026-06-16,92.96
3,546,2026-06-01,201.2
2,10,2026-01-11,156.06
2,1,2026-02-18,77.5
1,97,2026-08-18,314.53
1,77,2026-02-13,244.42
8,25,2026-05-08,458.35
3,3,2026-04-08,172.12
4,2,2026-01-23,118.64
5,16,2026-07-20,411.91
363,14,2026-07-05,217.17
5,91,2026-02-10,62.11
586,2,2026-06-18,493.57
9,1,2026-05-11,160.02
151,1,2026-04-12,475.04
1,6,2026-02-24,314.69
2,6,2026-07-24,347.47
166,4,2026-01-20,274.63
112,10,2026-06-08,215.25
74,32,2026-01-25,434.1
588,107,2026-07-03,159.85
6,1,2026-05-09,419.21
10,74,2026-08-14,423.37
15,13,2026-02-27,16.57
1,5,2026-01-23,473.29
3,7,2026-05-08,445.11
6,118,2026-03-08,344.47
3,19,2026-02-23,487.21
8,2,2026-03-28,94.51
14,11,2026-01-28,335.48
11,3,2026-01-27,402.01
33,2,2026-01-06,280.76
1,4,2026-02-25,195.39
2,5,2026-02-17,317.51
23,2,2026-06-25,285.34
1,1,2026-07-13,90.2
1,1,2026-06-05,333.19
64,1,2026-03-10,69.55
66,1,2026-01-09,193.96
347,1,2026-02-28,267.4
2,12,2026-01-01,269.26
9,64,2026-08-20,159.72
1,3,2026-06-04,369.21
4,1,2026-07-05,263.69
2,1,2026-03-20,399.72
10,1,2026-02-10,464.98
122,4,2026-05-21,153.25
5,1,2026-07-08,329.83
1,22,2026-01-23,286.57
147,11,2026-03-04,176.09
6,1,2026-03-16,200.55
15,54,2026-04-04,337.7
5,1,2026-07-23,400.1
3,1,2026-03-02,402.34
230,3,2026-08-17,30.05
3,1,2026-01-03,327.57
4,80,2026-06-26,259.49
1,5,2026-05-15,181.26
1,19,2026-04-23,350.0
1634,896,2026-07-19,234.29
7,2,2026-03-25,32.92
1,2,2026-03-14,358.3
12,11,2026-03-04,448.43
3,17,2026-03-12,407.68
2,4,2026-07-15,311.23
5845,47,2026-07-14,298.27
1,5,2026-05-15,153.59
4,19,2026-02-27,137.2
1,1,2026-01-19,163.75
6,3,2026-05-05,114.74
3,695,2026-06-08,467.08
3,5,2026-01-20,78.02
5,4,2026-02-27,470.89
675,10,2026-04-14,164.95
1,2,2026-06-25,440.61
21,16,2026-08-24,250.25
353,1,2026-08-20,420.35
17,52,2026-02-19,35.91
45,51,2026-07-27,276.93
2,3,2026-01-13,10.62
1,519,2026-08-27,363.75
166,62,2026-04-11,286.07
11,155,2026-02-03,259.28
1,1,2026-07-15,368.71
6,1,2026-06-04,142.86
3,192,2026-07-25,368.45
1,329,2026-06-02,68.05
4,43,2026-02-04,57.15
7,10,2026-01-04,339.51
2,1,2026-04-02,466.45
31,46,2026-05-27,326.3
3,10,2026-08-14,376.97
5,1,2026-02-16,15.13
4,4,2026-04-05,169.13
3,1,2026-03-11,349.82
3,311,2026-01-13,121.25
1,1,2026-08-01,368.76
187,14,2026-06-25,212.22
4,67,2026-06-01,418.93
15,113,2026-07-05,226.66
31,38,2026-01-16,454.71
1,37,2026-02-22,294.35
6,8,2026-08-23,471.89
4360,2,2026-06-08,232.48
3,1,2026-08-15,397.26
3,1,2026-05-24,121.69
32,965,2026-02-21,462.47
3,352,2026-01-05,139.57
1,19,2026-03-10,86.27
14,22,2026-03-15,21.28
5,1,2026-07-13,44.33
31,1,2026-04-07,22.18
91,14,2026-08-19,487.56
5,4,2026-08-01,197.4
220,1,2026-03-02,195.01
5,560,2026-04-28,389.43
4,1,2026-06-25,48.83
1,3,2026-02-27,44.39
231,3,2026-02-23,109.09
7,61,2026-07-02,482.38
2,1,2026-04-08,328.76
14,2,2026-03-10,148.26
10,5,2026-04-10,268.03
49,66,2026-01-05,468.85
2,16,2026-03-03,181.24
6,4,2026-05-27,295.95
14,9,2026-07-23,64.18
9,2,2026-07-21,497.04
24,5,2026-01-23,39.88
1,3,2026-06-19,238.69
1,14,2026-03-14,410.22
6,1,2026-08-02,165.39
4,5,2026-06-27,459.57
1,2,2026-02-25,263.15
5,1,2026-04-24,454.78
10,4,2026-05-05,366.09
1,8,2026-08-08,186.31
1,46,2026-06-01,268.89
10,1296,2026-07-01,424.43
1839,1,2026-05-27,6.38
1,5,2026-08-16,447.99
1,65,2026-04-11,86.83
4,2,2026-07-14,184.3
165,3,2026-04-10,92.45
5,1,2026-02-04,121.71
42,2,2026-04-25,310.55
1,10,2026-07-25,159.25
4,2,2026-04-04,359.79
16,1,2026-05-09,161.19
1,12,2026-07-23,394.08
12,1,2026-05-07,230.82
6,4,2026-01-17,49.13
10,1,2026-03-28,117.48
483,11,2026-01-02,183.33
1,3,2026-02-10,40.03
7,2,2026-04-09,397.1
6,44,2026-04-19,244.68
59,982,2026-07-05,417.72
1,7,2026-02-11,132.01
2,12,2026-08-27,263.1
16,10,2026-06-14,278.82
1,2589,2026-03-08,378.75
49,9,2026-02-24,333.48
3,1,2026-01-23,392.33
1,13,2026-03-17,356.83
2,18,2026-03-14,288.75
1,1,2026-02-16,189.54
428,2,2026-01-01,58.44
2,13,2026-06-14,238.53
4,51,2026-08-19,212.37
1,6,2026-04-22,22.39
1,238,2026-05-02,44.22
4,4,2026-05-11,17.34
48,1,2026-06-28,17.52
1,1,2026-04-05,184.45
7,1,2026-06-05,409.92
1,23,2026-04-10,352.83
1,2,2026-08-25,208.31
8,16,2026-03-21,436.83
5,60,2026-01-14,224.7
135,4,2026-01-22,367.16
19,11,2026-06-28,425.64
5,834,2026-06-08,128.03
2,45,2026-07-18,18.88
10,2,2026-02-28,273.81
2,2,2026-03-26,496.3
2,184,2026-04-14,27.9
2,2,2026-02-21,104.69
10,1,2026-04-04,162.72
1,72,2026-08-14,102.8
22,951,2026-06-24,177.03
119,4,2026-01-20,321.28
1,8,2026-06-04,310.5
446,8,2026-03-12,193.32
6,1,2026-02-09,66.1
8,2620,2026-05-13,293.49
1,1,2026-08-04,51.64
28,1,2026-07-07,359.21
14,3,2026-04-22,243.11
2,6,2026-01-27,111.58
5491,4,2026-08-04,393.01
2,4,2026-06-12,446.13
935,378,2026-08-16,6.51
7,4,2026-02-27,95.35
1,540,2026-02-02,237.11
3,1,2026-06-09,455.09
5,1,2026-05-13,414.54
82,1,2026-04-28,216.08
283,2,2026-03-13,478.32
6,5,2026-06-19,461.19
10,5,2026-03-20,93.36
9,4,2026-05-25,313.04
17,103,2026-06-07,188.41
2,2,2026-06-09,58.37
30,2,2026-08-27,363.15
214,1,2026-07-11,344.37
1,9,2026-03-19,47.38
56,1,2026-08-21,219.15
16,4,2026-03-18,492.39
42,9,2026-06-21,415.34
6,2,2026-01-07,398.5
16,8,2026-05-14,358.68
1,28,2026-08-27,88.42
5,1,2026-04-27,24.18
17,9,2026-02-15,432.42
3,62,2026-01-26,385.02
1991,1,2026-03-11,175.64
3,7,2026-01-09,186.26
745,8,2026-01-17,486.17
2,2,2026-06-02,180.84
114,1,2026-01-02,19.74
2,1,2026-01-06,479.34
2,2,2026-02-22,286.11
3,1,2026-04-14,401.6
4,280,2026-04-15,482.37
41,2,2026-02-21,128.21
1,2,2026-06-28,399.31
1,15,2026-07-05,356.31
7,26,2026-03-17,472.55
1,3,2026-03-13,47.32
320,1,2026-01-10,293.43
10,1,2026-08-06,269.27
1,2,2026-02-07,408.35
5,1,2026-05-25,110.72
10,2,2026-06-19,100.95
40,1,2026-05-24,453.85
2,2,2026-01-26,155.99
1,1,2026-01-24,171.9
25,104,2026-04-05,183.13
1,1,2026-08-20,418.18
75,11,2026-04-03,415.59
117,1,2026-06-04,160.92
1,15,2026-05-24,160.35
1,40,2026-04-03,309.9
4,1,2026-02-01,255.08
1,1,2026-03-01,25.47
25,2,2026-02-02,347.98
6,784,2026-01-16,236.51
20,1,2026-08-18,88.48
16,30,2026-03-01,163.89
10,7,2026-01-23,192.67
28,1,2026-01-14,311.17
5,3,2026-03-04,144.34
4,9,2026-08-02,162.96
1,77,2026-08-28,105.07
2,1,2026-01-25,437.92
1,9,2026-04-09,185.82
4,4,2026-01-05,455.31
26,7,2026-08-14,419.28
1369,1,2026-08-20,37.4
3,71,2026-06-26,204.99
6,1,2026-03-13,496.17
2,1,2026-08-05,329.15
94,3,2026-04-17,115.58
7,3,2026-07-18,268.02
15,1,2026-07-02,318.83
9,1,2026-08-21,329.13
51,18,2026-05-25,472.4
1,9,2026-05-18,314.54
12,1,2026-07-19,314.69
4,1,2026-04-11,83.36
4,1,2026-03-27,347.28
1,952,2026-03-11,345.12
3,452,2026-01-02,356.76
7,76,2026-04-27,55.53
1,23,2026-06-20,435.69
1,25,2026-06-12,261.52
1080,14,2026-07-14,302.2
6005,14,2026-02-22,9.5
12,1,2026-01-16,273.04
1,67,2026-03-15,113.06
3,138,2026-03-24,388.23
63,39,2026-04-14,298.89
3,1,2026-01-05,145.31
1,6,2026-05-05,382.46
1,149,2026-08-14,278.76
32,1,2026-05-22,62.27
35,1622,2026-04-08,212.06
4,1,2026-06-08,112.25
6,1,2026-03-11,453.5
2,1,2026-06-06,127.97
10,28,2026-05-15,461.77
1,2,2026-06-14,383.84
4,1,2026-03-17,117.11
369,1,2026-07-04,244.49
3,2,2026-01-05,103.8
383,4,2026-02-16,275.21
1,2,2026-01-21,253.22
1495,6,2026-02-04,95.99
9,337,2026-02-27,192.09
4,1,2026-08-26,408.45
1,25,2026-04-11,461.58
2,1,2026-08-16,13.86
262,2,2026-04-01,232.63
4,45,2026-01-26,396.76
1114,18,2026-07-16,494.0
1,7,2026-04-09,359.57
33,109,2026-04-11,36.14
3,16,2026-01-25,161.8
4,1,2026-01-18,85.07
3,174,2026-02-20,221.72
2,1,2026-08-14,204.27
4,9,2026-04-10,33.21
4,6,2026-01-27,377.63
1,35,2026-06-04,136.52
3809,1,2026-01-16,406.33
1,1,2026-01-20,159.12
1,346,2026-07-13,424.5
20,6,2026-08-20,90.13
1,2,2026-04-12,253.96
7,1,2026-02-23,189.71
1,1,2026-04-20,260.54
1,40,2026-02-17,395.48
74,2,2026-03-21,15.23
65,5,2026-05-16,496.38
1,918,2026-03-06,278.51
1,3,2026-08-12,127.14
1,10,2026-02-08,483.07
5,3,2026-04-27,18.94
5,3,2026-01-19,455.77
2,6,2026-04-18,94.36
81,3,2026-05-09,207.55
3,3,2026-06-12,472.67
12,1,2026-03-07,133.58
1,1,2026-03-13,190.33
3842,4,2026-06-09,247.2
15,11,2026-02-21,424.14
1,2,2026-05-24,81.89
419,12,2026-02-25,400.21
4,3,2026-05-11,69.64
10,14,2026-06-27,323.7
4,1,2026-03-14,81.86
1,3,2026-03-27,114.63
9,1,2026-03-02,164.7
10,40,2026-05-24,162.77
52,626,2026-01-22,334.01
1,1,2026-06-16,361.04
6,25,2026-04-15,173.59
1,58,2026-01-11,69.27
10,1,2026-08-12,466.1
30,229,2026-01-16,245.15
3,1,2026-02-18,30.36
16,1,2026-03-27,141.53
1,1,2026-04-04,358.23
2207,695,2026-05-07,127.29
870,472,2026-05-02,150.29
2,1,2026-03-13,375.83
8,2,2026-02-03,97.62
8,1,2026-01-01,175.39
60,1,2026-01-21,450.82
4,4,2026-08-24,240.04
1,101,2026-01-24,330.13
6,47,2026-02-04,9.16
274,3,2026-07-26,160.04
3,26,2026-06-14,471.49
1,3,2026-01-04,342.33
5,13,2026-06-02,164.67
6,4,2026-04-25,120.18
34,50,2026-08-14,318.54
32,3,2026-08-02,241.2
1,1,2026-06-15,187.57
8,2,2026-01-27,58.31
34,33,2026-01-15,371.81
9,94,2026-02-13,312.1
151,44,2026-02-19,216.03
4,1,2026-05-22,243.57
2,1,2026-01-27,137.42
26,1980,2026-04-12,156.41
6,15,2026-01-19,128.82
14,1,2026-01-19,90.63
5,2,2026-03-09,412.2
7,1173,2026-02-17,294.61
1,15,2026-03-04,322.5
9,202,2026-07-15,138.64
7,15,2026-06-26,178.33
1,46,2026-02-19,86.62
3,352,2026-05-25,224.63
2,8,2026-03-06,19.17
923,1,2026-08-17,140.08
148,13,2026-07-06,365.77
1,31,2026-06-12,78.35
9,9,2026-05-21,440.3
65,1,2026-07-23,262.67
4,2522,2026-05-17,450.94
4,1,2026-01-26,214.79
17,1,2026-08-01,38.66
1,7,2026-02-20,232.4
3,1,2026-08-24,95.51
6,1,2026-05-19,30.53
1,8,2026-07-10,319.95
27,1,2026-03-17,268.91
1,112,2026-03-14,406.52
4,38,2026-07-20,83.66
2,1,2026-02-11,153.07
50,2,2026-02-19,89.44
8,1,2026-08-20,92.55
2,2,2026-05-18,105.19
6,2,2026-06-07,226.1
2,4,2026-06-15,8.16
3437,4,2026-08-11,234.28
10,7,2026-05-03,199.35
34,36,2026-06-11,220.96
7,1,2026-06-16,98.16
1,1,2026-08-24,490.55
563,3,2026-02-06,102.2
40,7,2026-01-06,94.24
1,11,2026-08-28,60.91
8,61,2026-04-13,489.09
156,1,2026-08-15,239.76
4,1,2026-05-26,134.98
7,45,2026-05-05,305.16
1,1,2026-06-28,72.8
16,82,2026-07-08,110.38
13,105,2026-04-01,148.13
2,2,2026-07-13,352.26
1,1501,2026-04-10,419.36
41,1,2026-07-01,281.76
4,34,2026-07-19,234.11
793,1,2026-01-08,48.79
1,3,2026-06-10,328.58
8,36,2026-06-28,200.71
165,125,2026-04-13,56.38
4345,3,2026-07-01,191.61
114,28,2026-06-23,350.8
3,15,2026-03-12,337.9
28,5,2026-06-26,404.37
9,10,2026-02-07,30.05
1,1,2026-01-19,498.56
4,1,2026-01-26,217.41
1,1,2026-03-09,322.83
4,26,2026-05-28,408.44
16,5,2026-01-11,299.16
2,14,2026-07-26,493.4
1,2,2026-03-19,296.2
1,28,2026-04-10,172.16
2279,2,2026-07-13,389.48
1,1,2026-06-07,423.64
1,2,2026-05-20,487.36
16,33,2026-04-23,103.02
21,32,2026-01-11,39.37
73,2,2026-03-13,259.87
3,10,2026-03-26,146.08
2,38,2026-06-15,497.88
55,4,2026-05-24,270.6
50,14,2026-05-26,34.32
28,1,2026-03-12,251.86
3,17,2026-02-04,303.24
8,1,2026-08-07,174.38
1,1,2026-04-27,23.3
27,4,2026-05-14,452.62
1,1,2026-04-25,183.04
36,20,2026-07-03,295.48
844,2,2026-08-21,393.03
209,3,2026-07-07,301.37
10,6,2026-02-03,290.71
18,57,2026-04-10,401.64
1,7,2026-07-16,253.27
1,2,2026-08-09,389.3
4,8,2026-04-13,112.81
4,1,2026-02-04,81.56
33,3,2026-01-20,220.19
82,1,2026-08-01,366.43
11,7,2026-02-12,410.08
25,2,2026-07-12,165.63
2,3,2026-07-25,280.94
65,7,2026-08-18,101.57
3,5,2026-04-19,42.67
46,3,2026-05-24,152.79
1,2,2026-08-28,271.91
37,269,2026-08-08,393.12
74,18,2026-01-20,479.83
7,43,2026-07-01,274.07
1,398,2026-03-21,156.9
1,8,2026-06-24,477.66
1,11,2026-08-03,51.06
1,20,2026-03-09,258.12
7,5,2026-01-18,271.44
52,1,2026-06-10,144.0
81,2,2026-08-07,303.6
3,1,2026-07-22,85.3
58,10,2026-04-27,478.45
5,1,2026-04-24,21.68
2,1,2026-03-10,179.72
2,5,2026-05-23,281.53
16,5,2026-02-26,471.92
9,8,2026-04-22,18.5
1,4,2026-03-11,436.79
2,127,2026-03-18,205.08
6,7,2026-01-11,488.62
113,3,2026-02-11,22.92
2,4,2026-08-13,237.83
9,1,2026-06-08,338.54
1,102,2026-08-11,311.54
1,35,2026-03-11,365.11
2,45,2026-05-24,439.16
5,4,2026-02-15,184.44
9,27,2026-01-13,104.44
1,2,2026-04-15,65.11
692,29,2026-07-26,306.14
19,14,2026-07-28,270.3
21,1,2026-07-15,270.48
2,1,2026-08-11,192.78
4,1,2026-05-27,342.84
1496,1,2026-03-12,357.88
1053,1,2026-06-11,293.17
10,1,2026-03-11,402.48
7,3,2026-03-13,52.89
3,1,2026-06-04,264.63
25,1,2026-01-26,245.87
1,1,2026-08-22,340.49
1,2,2026-01-17,175.31
23,10,2026-03-18,278.89
206,231,2026-07-16,25.79
74,208,2026-06-01,27.15
148,1,2026-06-22,385.17
420,4,2026-06-02,282.11
1805,1,2026-02-28,238.92
54,58,2026-03-02,219.18
3,2731,2026-01-01,315.41
16,2,2026-03-13,192.48
1,760,2026-05-07,123.93
1,62,2026-05-02,143.98
5,8,2026-03-07,274.42
5,33,2026-04-18,241.65
6,1,2026-05-05,171.55
1,3,2026-02-25,385.09
2,3,2026-01-01,265.32
3,51,2026-03-19,203.54
1,2,2026-05-24,190.28
8,7,2026-03-21,277.15
1,9,2026-01-17,95.47
1,28,2026-02-10,102.63
66,58,2026-08-03,231.15
27,11,2026-03-01,65.02
1,4,2026-01-04,135.07
22,42,2026-02-01,237.14
3,25,2026-08-23,265.88
1,1,2026-03-13,145.55
2,1,2026-08-17,191.57
3,4,2026-06-05,40.32
14,5,2026-06-01,307.32
1,1,2026-05-12,498.38
2,6,2026-02-11,185.57
9,15,2026-04-09,140.11
1,5,2026-03-28,256.13
4,4,2026-08-17,141.66
112,3,2026-05-10,143.2
284,1,2026-08-04,204.14
28,6,2026-08-28,94.31
1,12,2026-01-24,258.38
15,1,2026-08-05,194.28
10,70,2026-05-26,50.06
1,13,2026-08-12,280.24
2,1,2026-04-02,78.8
31,1,2026-07-17,287.2
1,1,2026-08-14,458.27
1225,4,2026-07-19,102.32
104,1,2026-03-28,151.55
98,2,2026-06-28,445.15
3,3,2026-06-25,90.48
109,88,2026-05-16,90.47
1,2,2026-02-18,407.75
25,28,2026-08-13,110.63
3,1825,2026-04-14,385.43
1,46,2026-06-15,312.37
2,24,2026-06-16,289.99
97,1,2026-03-06,372.82
1,1,2026-01-02,224.44
1361,1,2026-02-05,41.73
1,271,2026-07-26,45.64
1,1,2026-05-07,54.37
44,3,2026-05-01,287.57
1,1,2026-02-27,273.7
2,1,2026-03-25,126.87
2,106,2026-04-27,113.38
1,2,2026-08-20,422.8
4,5,2026-02-16,324.89
117,1,2026-04-02,402.95
1,15,2026-02-24,268.55
1,45,2026-03-11,314.38
1,5,2026-06-22,51.44
3,15,2026-04-19,339.76
1,1,2026-03-20,207.49
42,390,2026-07-24,278.45
2,16,2026-02-22,61.22
83,21,2026-08-08,383.05
115,5,2026-06-15,88.48
2,3,2026-07-08,391.2
75,80,2026-05-14,474.62
33,19,2026-06-27,34.69
410,327,2026-01-05,230.98
42,1,2026-03-20,218.19
167,5,2026-05-22,175.4
6,1,2026-04-10,262.29
1,6,2026-04-21,450.62
4,4,2026-02-05,19.76
1,1,2026-06-25,108.49
535,2,2026-08-17,216.86
1,3,2026-01-26,419.03
6,1,2026-08-28,344.04
17,11,2026-08-15,464.59
79,56,2026-04-28,184.72
1,178,2026-01-20,227.9
2,117,2026-08-24,55.14
3,2,2026-02-14,69.25
1,1,2026-02-15,446.94
279,21,2026-06-20,490.08
119,1,2026-06-25,97.49
2483,2,2026-06-23,223.11
364,2,2026-08-20,141.34
2,253,2026-01-25,297.72
5,13,2026-08-17,369.48
3,5,2026-01-03,198.31
2,2,2026-08-06,425.92
4,170,2026-05-02,25.5
1,1,2026-04-12,209.1
3181,1764,2026-02-28,149.46
1,2,2026-03-22,376.9
3,2,2026-04-05,294.75
872,229,2026-03-15,306.8
21,1,2026-05-02,294.67
1,1,2026-05-03,287.76
1,113,2026-02-06,207.97
14,153,2026-07-24,291.27
216,3,2026-06-11,23.33
33,6,2026-06-16,132.43
6,4,2026-07-23,139.89
12,70,2026-02-24,41.34
3,8,2026-02-08,28.3
12,1584,2026-02-12,482.87
8,100,2026-07-27,110.66
7,6,2026-03-16,139.03
5,20,2026-06-14,329.93
4438,2,2026-03-01,451.82
2,1,2026-02-20,332.37
2,2,2026-01-25,220.62
1,1,2026-01-16,448.63
1,301,2026-06-13,244.6
3,3,2026-04-14,476.28
1,1,2026-06-10,314.05
2,108,2026-05-18,9.74
44,235,2026-01-19,30.21
169,2,2026-08-02,310.89
49,2,2026-07-27,33.43
1848,2,2026-04-24,186.55
17,587,2026-03-12,199.77
4,66,2026-03-05,369.47
167,2,2026-05-12,398.69
1,3,2026-08-06,267.5
6,1,2026-02-24,127.98
4,3,2026-01-21,144.77
2,1,2026-01-04,311.11
4,5,2026-07-10,496.14
1,1,2026-04-14,297.44
158,42,2026-06-20,121.73
1,2,2026-08-13,493.82
1,40,2026-06-19,53.64
1,1,2026-07-28,195.43
5,2,2026-03-15,248.96
69,6,2026-08-01,59.71
121,8,2026-07-03,64.85
28,14,2026-07-11,440.39
6,24,2026-06-28,105.16
26,2,2026-01-02,126.43
10,8,2026-07-05,182.93
1,7,2026-07-07,204.17
5150,64,2026-05-09,51.97
20,6,2026-03-01,202.92
1,6,2026-04-26,178.5
1,6,2026-07-26,33.22
1,8,2026-02-22,278.2
18,6,2026-01-13,40.96
9,4,2026-02-13,102.97
2,1,2026-05-12,142.89
1,3,2026-03-12,240.78
10,449,2026-08-17,144.75
7,173,2026-02-02,93.77
7,2,2026-03-22,53.25
1,6,2026-08-26,53.24
1,5,2026-08-17,211.29
1,2,2026-04-04,141.79
2,4,2026-05-26,264.43
17,8,2026-04-14,334.4
84,1,2026-08-02,310.11
301,38,2026-05-26,390.07
15,1,2026-06-02,442.11
1,596,2026-01-03,63.17
3,6,2026-08-18,302.06
4,1,2026-07-17,53.44
1,1,2026-02-24,475.57
15,1,2026-07-20,242.66
2,6,2026-06-19,89.84
1,1346,2026-01-24,118.11
13,2395,2026-02-02,496.53
1,2,2026-03-25,189.21
1590,2,2026-03-16,255.45
4,98,2026-07-22,337.15
3,8,2026-03-20,387.54
5,1,2026-04-02,446.08
2,122,2026-01-24,89.06
90,2139,2026-06-16,177.89
2,11,2026-05-28,107.48
2,1254,2026-04-11,425.36
489,233,2026-01-14,347.98
5,5,2026-07-17,425.14
60,9,2026-08-17,262.53
43,22,2026-04-23,155.87
2,15,2026-02-03,142.53
7,1,2026-02-23,492.98
1,2,2026-08-05,439.46
1,5,2026-05-26,478.33
3,1,2026-02-17,43.54
2,1,2026-03-01,20.1
6,37,2026-05-06,89.81
1,1,2026-06-11,395.93
611,1,2026-03-22,232.31
1,4,2026-04-27,372.38
37,10,2026-05-21,32.67
2,27,2026-08-05,36.0
17,195,2026-07-28,52.39
3,3,2026-08-27,93.78
70,4,2026-01-13,332.14
1,13,2026-07-26,35.63
20,3,2026-03-05,394.76
1,3,2026-07-27,152.04
6,7,2026-06-01,205.26
37,2,2026-03-13,399.21
1,15,2026-08-06,166.97
1,1,2026-03-24,84.54
3,6,2026-06-07,433.99
9,25,2026-01-10,105.4
2,511,2026-03-18,22.88
7,1,2026-03-15,279.3
14,8,2026-04-02,373.21
12,1,2026-04-09,353.59
1,94,2026-08-23,157.92
8,3,2026-05-21,158.52
2,7,2026-03-12,12.49
590,1,2026-07-09,215.4
1,1,2026-05-27,407.39
5,26,2026-03-28,496.71
6,18,2026-07-06,261.64
3,1,2026-05-01,396.27
1,578,2026-06-02,48.72
5,365,2026-05-25,368.02
2,8,2026-02-04,256.11
38,1,2026-02-24,23.64
751,1,2026-03-14,467.91
5,7,2026-05-03,262.5
2,1,2026-02-03,46.79
59,2,2026-08-21,305.08
2391,7,2026-01-22,45.47
16,2,2026-07-18,272.49
1,3,2026-05-22,73.98
69,3,2026-03-22,65.94
6,1,2026-01-20,451.97
239,4,2026-06-06,110.2
3,7,2026-06-16,95.89
2,397,2026-03-03,484.41
41,1,2026-08-23,494.69
7,2,2026-07-26,9.86
2,1,2026-08-10,272.31
1,10,2026-06-07,224.18
1,1,2026-05-20,499.64
36,2,2026-07-11,293.23
1107,3,2026-03-10,250.75
1,1,2026-04-26,499.93
6,4,2026-05-15,253.61
1,1786,2026-04-08,386.46
147,452,2026-06-07,351.87
2,64,2026-01-11,436.85
244,27,2026-08-05,352.04
1,10,2026-03-14,338.45
13,2,2026-05-10,242.3
1,21,2026-08-22,365.34
3,550,2026-05-03,197.04
6,9,2026-08-24,123.15
5,701,2026-02-14,446.58
2,270,2026-04-26,143.06
1268,1,2026-07-17,161.89
153,90,2026-06-05,91.73
1287,3,2026-03-18,372.21
9,6,2026-02-05,353.16
2,2,2026-08-28,242.15
8,1,2026-03-10,346.84
7,11,2026-03-22,137.1
1,95,2026-01-14,55.41
146,32,2026-03-10,263.09
1,3,2026-07-04,236.98
13,1,2026-04-12,389.24
1,2,2026-07-07,190.07
1,1,2026-06-20,255.36
354,10,2026-02-07,496.43
31,61,2026-01-04,488.77
16,5,2026-03-01,244.2
1,17,2026-01-02,231.76
4,6,2026-06-26,336.67
28,2,2026-06-20,330.2
25,1,2026-08-27,180.85
919,4,2026-01-13,112.96
5,2,2026-05-13,23.09
26,4,2026-03-13,433.71
8,9,2026-05-07,488.59
5,19,2026-05-18,491.57
1,4,2026-08-28,499.53
38,1,2026-05-04,7.31
699,1,2026-07-07,441.63
1849,1,2026-02-06,489.63
1,1,2026-07-25,420.62
24,24,2026-03-06,483.84
11,1,2026-06-02,191.48
1,2,2026-05-21,320.56
195,5,2026-04-02,220.87
5392,4,2026-05-13,102.11
1,1,2026-03-21,250.3
121,140,2026-01-16,195.98
1,9,2026-04-19,478.97
1,6,2026-07-21,131.8
20,2,2026-06-02,300.59
1,59,2026-04-22,208.31
24,3,2026-08-05,258.76
1,110,2026-05-26,436.85
157,3,2026-04-02,58.38
4,5,2026-03-10,130.46
14,2,2026-03-10,231.23
28,1,2026-08-07,155.07
12,6,2026-05-05,55.62
6,121,2026-03-13,450.93
1,1,2026-06-17,163.66
6,3,2026-02-17,130.81
1,1,2026-03-13,492.56
3,2,2026-08-20,396.74
1,21,2026-04-08,279.62
54,1,2026-08-12,420.3
2,3,2026-07-28,67.35
702,290,2026-05-19,267.41
624,41,2026-08-03,228.22
10,5,2026-06-13,298.64
9,4,2026-06-05,485.61
3,412,2026-04-07,456.63
1,1,2026-08-26,489.29
14,1466,2026-06-09,259.04
6,6,2026-04-25,11.67
9,1,2026-05-24,89.7
1,4,2026-04-22,177.57
2,2,2026-05-18,153.36
2,6,2026-06-20,394.14
939,15,2026-04-12,216.27
11,7,2026-04-19,152.33
4,16,2026-07-18,164.8
1,3,2026-01-24,419.06
1,1,2026-03-03,206.86
14,80,2026-03-14,97.31
66,2,2026-04-05,333.7
2,29,2026-02-08,63.54
5,3,2026-02-01,498.89
28,2,2026-08-15,36.24
3283,4,2026-07-04,305.31
46,4,2026-04-06,289.74
7,2,2026-01-26,160.78
23,1,2026-06-04,213.5
1,22,2026-08-26,92.9
41,2,2026-04-07,25.61
236,1,2026-02-09,328.84
1,13,2026-04-19,273.43
2,552,2026-08-27,200.06
14,1,2026-06-28,413.34
12,1,2026-08-23,429.24
1,4,2026-05-12,300.3
1,51,2026-03-14,495.92
4,3,2026-03-22,213.74
22,1,2026-01-25,243.39
72,6,2026-05-14,36.8
1,9,2026-03-19,296.12
1,331,2026-04-04,466.05
2,1,2026-01-17,239.48
61,53,2026-01-13,295.62
36,882,2026-04-11,326.82
80,3,2026-05-22,318.6
3,18,2026-04-06,211.21
1,326,2026-08-10,229.81
3,45,2026-02-23,470.66
1,26,2026-04-19,12.53
3,58,2026-06-01,186.83
7,103,2026-08-07,456.97
682,6,2026-05-24,110.95
2,6,2026-05-10,499.05
1,5,2026-02-19,229.61
173,9,2026-02-18,142.11
3,4,2026-06-07,277.69
1131,6,2026-08-01,360.98
438,4,2026-04-28,193.19
2,698,2026-01-11,131.54
2,2,2026-04-19,359.6
75,1,2026-04-25,329.22
792,30,2026-04-23,10.2
2,343,2026-02-12,202.73
4,8,2026-04-23,409.5
1,2,2026-05-15,40.67
9,2,2026-06-21,320.63
1,5,2026-04-07,337.81
20,1,2026-04-27,421.45
8,7,2026-03-16,197.62
535,1,2026-07-07,190.29
27,55,2026-04-04,347.34
3,121,2026-02-08,89.39
1,2,2026-03-20,36.78
12,1,2026-02-07,154.21
6,2,2026-07-20,99.06
56,1,2026-08-21,470.65
1,2,2026-03-28,135.59
1,27,2026-08-01,457.0
14,1,2026-06-02,489.42
1,6,2026-01-03,260.65
20,4,2026-08-27,366.11
1,104,2026-04-25,104.94
1,1,2026-01-02,169.18
2,4,2026-05-17,298.1
4093,72,2026-05-15,32.4
4,1,2026-04-18,280.6
2,1,2026-08-16,19.21
27,32,2026-03-25,178.0
2,2,2026-04-28,27.55
2,1,2026-06-24,104.91
3,5,2026-02-06,90.77
150,2,2026-01-08,235.23
1,1,2026-04-13,68.47
27,10,2026-01-21,90.58
199,13,2026-08-11,353.49
1,2,2026-07-11,391.18
36,9,2026-03-24,260.21
4,41,2026-04-19,467.56
1,2,2026-02-06,161.96
13,73,2026-06-21,192.08
4,24,2026-04-18,384.57
4,17,2026-03-20,195.28
3,3,2026-01-02,11.91
4,4,2026-06-03,50.44
1,3,2026-06-02,443.82
1,8,2026-01-12,203.58
4,13,2026-01-25,55.95
167,77,2026-02-06,320.47
4,1,2026-08-02,466.61
5,55,2026-01-28,456.1
19,6,2026-07-16,137.98
8,2,2026-07-10,111.33
6,2,2026-05-17,403.04
6,128,2026-08-25,190.73
1,24,2026-05-02,498.11
3,18,2026-06-19,133.46
3,2,2026-05-27,172.97
5,12,2026-01-17,195.69
2,1,2026-05-22,413.13
3,7,2026-08-28,314.08
1,3,2026-04-16,401.28
3,57,2026-03-12,463.57
34,1,2026-03-23,384.52
5,4,2026-01-12,104.33
2,2,2026-01-04,490.4
2,6,2026-07-20,378.2
182,2,2026-05-05,409.07
1,9,2026-07-28,112.33
20,2,2026-05-09,222.52
2,4,2026-08-22,450.14
37,9,2026-07-28,124.56
1,5,2026-03-19,270.78
22,3,2026-07-05,437.03
1,1,2026-08-09,119.53
26,74,2026-05-09,136.39
37,2,2026-05-15,406.06
1,1,2026-05-27,214.59
1,1,2026-02-05,116.55
1,6,2026-05-11,391.01
1,23,2026-02-15,283.52
1,114,2026-02-28,498.3
2,4,2026-06-28,55.33
2,266,2026-01-15,445.32
5,15,2026-04-07,341.79
10,6,2026-08-06,5.9
5,1,2026-02-09,489.88
86,4,2026-07-13,215.62
20,4,2026-08-16,9.76
1,2,2026-03-19,416.36
1,2,2026-03-13,319.19
2,14,2026-03-07,192.21
1,2,2026-04-13,146.41
16,409,2026-05-20,125.16
1,2,2026-02-25,427.84
107,50,2026-05-21,88.37
3,1,2026-03-04,215.39
3,84,2026-04-26,154.25
110,10,2026-04-20,312.06
9,8,2026-05-15,23.89
3,1,2026-04-26,398.53
82,4,2026-06-22,33.54
44,87,2026-01-04,105.77
10,24,2026-01-11,243.9
1,1808,2026-06-25,294.63
1,4,2026-06-15,317.92
1,1,2026-02-08,38.95
25,4,2026-08-18,53.7
1779,18,2026-06-20,184.81
12,4,2026-03-20,347.9
28,2,2026-07-15,106.5
7,20,2026-01-21,295.34
3,35,2026-03-11,422.32
2,1,2026-07-13,124.8
424,3,2026-06-03,81.56
11,10,2026-08-13,430.43
43,23,2026-08-21,76.97
1,4,2026-08-05,257.56
9,49,2026-04-09,292.93
1,2,2026-07-01,209.44
2,17,2026-08-19,473.2
138,2,2026-04-26,193.84
3,439,2026-02-11,262.85
59,78,2026-05-11,466.9
3,1,2026-06-05,242.65
14,2,2026-03-11,338.55
37,1,2026-06-02,256.63
1,8,2026-05-08,284.71
1,6,2026-08-18,212.86
4261,63,2026-07-05,480.38
1,12,2026-03-13,473.07
228,36,2026-04-06,283.14
23,9,2026-04-09,224.91
3,1,2026-01-05,114.73
2,1,2026-08-04,104.69
12,3,2026-01-21,225.2
1,3,2026-06-28,396.52
80,1,2026-08-14,9.47
8,290,2026-06-07,143.71
29,1,2026-01-19,482.83
3,33,2026-03-02,211.39
2,1,2026-06-12,459.13
2,3,2026-07-07,58.04
153,10,2026-07-23,23.03
1,30,2026-01-12,205.26
3,6,2026-05-11,34.44
390,1,2026-08-26,314.94
1,32,2026-04-14,401.22
43,1,2026-06-23,225.58
2,19,2026-04-09,225.24
1,6,2026-02-03,381.8
4,3,2026-04-16,458.56
39,138,2026-07-01,101.58
21,5,2026-05-02,205.42
7,36,2026-05-04,27.83
686,1,2026-02-16,136.68
6,63,2026-01-13,74.58
31,3,2026-07-04,19.69
3,3,2026-04-14,171.58
1,1,2026-06-02,190.58
1,3,2026-04-20,269.55
1,43,2026-02-13,105.22
1,33,2026-01-16,165.57
4,3,2026-06-18,316.22
15,2,2026-08-01,391.72
151,2,2026-08-01,132.94
2,135,2026-02-21,105.07
6,1,2026-07-25,444.08
16,2,2026-01-27,72.49
30,26,2026-08-23,230.96
38,8,2026-05-05,387.78
38,1,2026-02-20,406.4
9,2,2026-08-05,485.32
1,67,2026-03-25,36.41
9,5,2026-07-10,153.06
1,5,2026-05-02,118.86
1,6,2026-08-06,288.09
2515,2,2026-05-22,138.14
179,2,2026-07-03,285.37
974,1,2026-06-24,414.23
1,2,2026-04-01,400.07
334,1,2026-05-21,361.68
1,28,2026-05-25,385.66
11,14,2026-08-15,30.32
6,266,2026-02-04,162.34
1,9,2026-05-20,52.51
6,1,2026-03-25,23.62
1,445,2026-02-23,91.37
33,2,2026-06-23,211.97
1834,330,2026-01-27,74.13
1,23,2026-03-25,211.7
23,1,2026-08-11,439.95
9,8,2026-07-10,254.09
3,16,2026-03-08,61.52
340,19,2026-05-07,70.72
1,19,2026-06-26,124.05
6,354,2026-06-24,469.33
2,2,2026-02-09,437.52
217,292,2026-06-13,323.14
3,3,2026-08-15,140.22
1,1,2026-04-06,246.63
1,1003,2026-01-04,470.08
7,1,2026-06-10,104.64
25,19,2026-08-14,7.43
25,1,2026-07-06,271.08
15,1,2026-07-14,312.87
19,6,2026-04-05,106.58
1,4,2026-06-11,448.38
5,18,2026-02-26,119.89
1,1,2026-07-17,464.34
2,24,2026-07-07,166.96
617,2,2026-07-13,248.05
133,87,2026-01-21,29.62
25,4,2026-07-11,193.33
37,1,2026-03-05,257.18
33,3,2026-01-19,421.54
38,1,2026-07-03,154.96
10,106,2026-06-16,285.15
21,2,2026-01-15,12.66
7,1,2026-08-18,291.63
25,24,2026-05-04,354.53
290,1,2026-08-02,80.53
8,3,2026-07-18,260.09
20,1,2026-02-28,5.89
2,10,2026-07-05,200.12
37,40,2026-05-14,259.46
10,26,2026-02-18,222.06
191,8,2026-05-19,366.59
3,401,2026-07-21,176.83
2,24,2026-02-25,49.24
1,1,2026-03-23,19.78
102,144,2026-08-27,341.7
2,1,2026-02-27,212.53
3,3,2026-02-25,238.88
1087,161,2026-05-17,221.45
1472,14,2026-03-12,116.04
3,5,2026-01-08,59.95
2,10,2026-01-24,87.41
14,15,2026-01-10,231.13
77,1,2026-03-09,104.41
1,44,2026-01-17,406.89
29,2,2026-07-18,325.35
2,5,2026-07-15,239.25
71,2,2026-08-14,288.78
11,45,2026-03-19,421.66
1,1,2026-05-24,303.99
1,27,2026-01-27,90.9
18,65,2026-02-10,59.33
16,65,2026-07-15,363.22
2,15,2026-03-03,379.53
17,1,2026-04-05,197.9
3,16,2026-01-02,199.51
40,25,2026-02-16,453.33
1,11,2026-06-20,46.87
7,5,2026-01-13,465.81
2,4,2026-07-21,243.66
63,404,2026-05-20,12.61
8,1,2026-08-04,76.35
1,60,2026-05-27,353.09
13,3,2026-07-02,299.35
2,14,2026-08-05,76.57
1,2,2026-04-26,71.38
1,124,2026-05-16,468.91
1,33,2026-03-12,206.23
4,170,2026-08-24,462.05
908,2,2026-06-12,26.41
10,11,2026-08-21,237.44
1,1,2026-06-02,123.45
4,1,2026-01-18,132.51
38,19,2026-04-26,373.61
3,2035,2026-07-21,498.91
4,223,2026-07-28,94.77
531,4,2026-08-21,334.07
1,233,2026-08-07,203.52
50,1,2026-03-10,94.69
1,104,2026-06-02,441.96
1,72,2026-02-23,284.97
1,1,2026-07-08,226.3
13,2,2026-04-09,41.39
2,2,2026-08-10,428.34
1,2,2026-03-02,237.09
11,1,2026-01-19,443.79
3,4,2026-06-26,330.5
1,10,2026-08-28,275.38
1,34,2026-03-22,245.71
23,8,2026-07-17,74.36
16,17,2026-07-17,236.78
1,2330,2026-04-01,208.92
3,185,2026-02-18,401.56
2,3,2026-06-16,83.74
2559,8,2026-07-13,498.91
2064,10,2026-04-21,146.7
7,1,2026-04-14,311.51
1454,4,2026-07-22,182.99
1,2,2026-01-15,309.7
1,3,2026-05-06,471.18
1,11,2026-04-27,13.11
97,7,2026-05-15,81.22
1,2,2026-05-05,492.77
1,19,2026-03-18,438.87
31,1933,2026-06-05,376.42
5,5,2026-04-10,35.33
2663,2,2026-04-17,174.6
7,1,2026-05-04,195.25
5,1,2026-08-06,474.22
1,3,2026-01-18,109.09
1,42,2026-07-28,156.61
7,2,2026-05-26,299.86
2,139,2026-01-08,371.89
1,135,2026-03-22,209.74
3328,1,2026-02-04,330.9
2275,2737,2026-01-24,43.94
39,101,2026-04-23,282.84
4,20,2026-03-20,190.53
1,2,2026-01-10,249.75
1,19,2026-07-04,193.47
29,1,2026-08-17,188.19
1,87,2026-07-11,239.72
4,1,2026-06-10,415.4
4,65,2026-02-28,475.03
29,8,2026-04-05,403.48
1,2,2026-05-26,462.82
339,4,2026-07-09,232.2
1,3,2026-04-27,15.25
1,7,2026-02-13,94.08
2,1,2026-07-22,419.45
4,38,2026-04-03,406.05
101,11,2026-08-04,220.1
3,9,2026-06-18,166.2
6,48,2026-02-07,438.52
12,2,2026-01-10,66.13
3,26,2026-07-24,147.63
1,1404,2026-08-24,361.9
13,1,2026-03-13,468.7
396,1,2026-01-17,345.59
1,3,2026-07-21,451.75
1,3,2026-01-27,242.28
6,52,2026-08-18,235.35
3,3,2026-05-14,118.31
1,69,2026-01-26,214.59
7,3,2026-03-28,139.24
3183,1,2026-06-03,258.04
40,1,2026-03-03,325.19
20,900,2026-01-05,231.84
1,1,2026-07-22,254.27
31,259,2026-04-13,130.31
1,16,2026-08-27,149.72
2,1,2026-01-26,83.42
5,1,2026-07-10,379.36
2,1,2026-08-23,115.7
11,1,2026-07-20,462.07
6,724,2026-08-27,167.73
1,714,2026-08-19,496.13
1,32,2026-06-20,383.08
8,1,2026-08-24,344.68
4,10,2026-08-07,44.38
1,49,2026-03-05,10.12
26,3,2026-05-28,75.29
1,10,2026-06-14,365.56
2,1,2026-01-21,101.61
387,47,2026-02-05,57.88
1,723,2026-01-25,444.41
1,9,2026-05-16,20.45
24,3,2026-06-10,385.01
40,1,2026-04-13,410.42
1,23,2026-04-07,262.63
157,924,2026-06-27,208.97
120,9,2026-02-08,69.52
1,7,2026-05-07,359.77
42,1,2026-02-02,307.62
1,2,2026-02-21,428.32
10,667,2026-06-26,141.2
5,765,2026-04-03,93.61
37,2,2026-05-27,420.78
2,432,2026-05-27,443.07
1,1,2026-01-20,257.01
2,90,2026-03-08,490.6
3,1,2026-04-14,335.2
12,27,2026-04-16,57.09
2,69,2026-05-18,323.48
1,2,2026-03-23,395.39
17,19,2026-01-14,428.94
8,1,2026-01-23,493.24
3,8,2026-06-17,175.06
1,3,2026-05-10,301.58
20,5,2026-02-06,53.28
2,326,2026-03-22,291.58
596,1772,2026-02-17,6.18
2,1,2026-02-26,132.65
1,2,2026-05-25,37.69
240,4,2026-05-14,490.99
187,23,2026-03-12,181.46
3,181,2026-05-16,423.88
1,11,2026-05-08,332.26
37,9,2026-05-13,160.23
764,9,2026-07-10,307.58
3,81,2026-03-09,440.99
1,4,2026-08-02,378.3
3,11,2026-07-01,17.45
1,1,2026-06-01,321.77
1,2,2026-07-09,189.03
6,11,2026-03-22,366.49
2,4,2026-05-04,400.17
10,1,2026-03-23,155.45
2,68,2026-02-19,332.01
2,3,2026-02-25,290.13
269,3,2026-03-27,380.16
1,16,2026-04-02,355.71
32,1,2026-01-09,310.48
1,136,2026-04-18,451.27
740,132,2026-04-09,451.09
109,12,2026-07-13,80.31
150,2,2026-06-12,440.78
1,4,2026-05-02,224.97
134,3,2026-01-28,315.76
16,9,2026-05-21,67.58
35,2,2026-06-22,135.84
3,8,2026-02-12,424.04
490,2,2026-08-07,39.58
4,85,2026-08-05,416.69
424,27,2026-08-02,32.88
2,14,2026-06-03,247.78
64,25,2026-05-03,281.58
10,531,2026-05-28,451.74
18,79,2026-05-12,371.28
16,1,2026-05-02,445.02
331,4,2026-06-26,24.05
2,1,2026-05-10,469.36
1,26,2026-02-16,294.16
11,4,2026-06-06,222.22
2,1,2026-07-27,149.62
56,6,2026-04-01,272.33
10,2,2026-06-21,473.89
4,1,2026-02-24,439.73
2,3,2026-03-17,385.07
5,3,2026-06-24,80.75
4,7,2026-06-08,271.32
22,4,2026-02-03,79.54
48,1,2026-02-01,416.57
732,2,2026-05-23,365.18
7,69,2026-08-27,336.94
9,6,2026-08-12,304.79
2290,11,2026-05-17,349.15
27,4,2026-02-17,21.06
2,18,2026-02-21,184.75
1,4,2026-04-04,338.4
5,3,2026-02-04,114.62
91,1,2026-03-27,125.09
1,2,2026-03-22,384.17
1,1,2026-03-07,77.62
1,18,2026-07-08,128.14
2,2,2026-03-13,490.28
3,6,2026-06-21,415.51
1,1,2026-04-28,474.84
2306,36,2026-01-20,268.35
778,7,2026-02-03,424.35
1796,1,2026-01-25,93.25
590,57,2026-04-19,409.93
6,1,2026-01-28,131.19
446,27,2026-02-27,371.85
21,1,2026-02-21,144.03
1,52,2026-04-27,394.79
1,455,2026-03-08,278.74
95,33,2026-02-05,460.21
1,1,2026-03-08,386.89
1194,714,2026-01-03,359.18
1,1302,2026-02-26,42.61
421,1,2026-04-17,360.24
3,3,2026-04-11,487.69
2,1,2026-03-28,473.63
318,7,2026-07-07,296.16
1,5,2026-04-01,181.77
1,1,2026-07-16,290.92
1,1,2026-05-06,275.69
6,7,2026-02-06,198.46
1,4,2026-07-09,475.35
1,5,2026-06-23,394.96
32,6,2026-04-24,441.53
3,1,2026-05-14,466.43
4,163,2026-02-20,311.59
541,2,2026-08-23,231.1
2,3,2026-05-15,297.46
11,28,2026-06-27,166.84
1,1,2026-05-20,263.8
22,179,2026-04-23,23.18
2039,2,2026-08-15,236.67
7,1,2026-02-02,458.82
1,2,2026-03-05,76.26
6821,16,2026-07-26,26.84
41,16,2026-04-09,140.16
1,13,2026-05-11,371.64
1,6,2026-02-17,333.54
1,6,2026-06-14,15.13
213,104,2026-01-13,75.25
105,1,2026-04-23,27.36
4,16,2026-07-11,272.69
3,129,2026-05-15,87.15
6443,3,2026-07-26,445.19
54,3,2026-02-05,438.79
2,117,2026-05-21,334.59
19,1,2026-01-09,290.31
3,15,2026-05-08,229.22
1,734,2026-02-25,375.18
5,1,2026-01-02,223.25
9,4,2026-02-06,450.53
30,14,2026-08-09,301.86
8,1,2026-03-26,285.8
21,3,2026-08-16,479.71
3,94,2026-01-16,383.56
68,6,2026-05-27,123.97
7,516,2026-07-07,438.99
11,4,2026-08-21,365.68
3,2,2026-04-21,429.41
1573,2226,2026-01-28,139.27
1,80,2026-02-28,409.46
35,4,2026-06-14,478.49
2,84,2026-06-21,356.55
23,2,2026-05-06,250.62
4,2,2026-04-17,388.92
4,12,2026-03-07,188.38
1,1,2026-02-05,415.14
1,1,2026-04-11,355.05
12,1,2026-03-18,43.31
1,153,2026-08-21,402.92
1,3,2026-06-22,243.58
110,48,2026-07-11,488.83
1,1,2026-05-09,314.18
19,5,2026-04-21,23.92
66,4,2026-07-26,306.79
1,3,2026-04-20,457.84
2,5,2026-02-12,463.79
8,5,2026-01-17,30.58
7,1,2026-02-16,55.0
334,1,2026-04-14,245.03
1,1,2026-08-26,469.29
1,4,2026-04-28,447.55
8,1,2026-02-23,197.76
1,6,2026-01-23,135.18
1,5,2026-05-16,236.12
2,3,2026-02-03,492.94
64,37,2026-03-08,488.09
27,9,2026-01-28,98.79
16,2589,2026-07-28,230.04
8,47,2026-01-05,54.94
4,2,2026-08-15,215.33
3,1,2026-02-12,321.65
4,1283,2026-03-02,486.59
89,1,2026-05-22,365.07
4,4,2026-03-15,273.66
17,2,2026-08-02,97.55
1,25,2026-01-19,385.84
5,1025,2026-08-06,120.34
1,42,2026-08-05,117.8
5,6,2026-05-25,311.04
4,8,2026-03-12,66.27
3,2,2026-06-12,277.61
8,42,2026-03-07,322.04
1,1,2026-08-26,172.65
1,56,2026-04-12,187.13
2,2,2026-04-10,476.93
4,1,2026-08-26,196.49
1,284,2026-03-27,73.68
17,78,2026-01-26,434.27
16,431,2026-04-09,11.47
58,5,2026-06-08,408.03
9,2,2026-03-17,324.54
4,14,2026-06-25,237.7
15,17,2026-04-16,273.96
3,2,2026-08-04,394.92
1,328,2026-03-05,145.57
24,13,2026-02-17,24.17
9,1,2026-06-16,437.83
164,1,2026-03-19,27.69
7,1,2026-03-23,399.61
80,44,2026-07-15,24.32
8,1,2026-04-03,312.26
2,2639,2026-04-11,485.59
1,4,2026-04-19,152.9
1,1,2026-04-20,70.06
37,1,2026-04-24,188.33
9,1,2026-08-05,61.13
1,905,2026-07-01,483.52
6,15,2026-08-23,473.94
1,2,2026-02-14,314.32
5,8,2026-06-09,100.57
28,3,2026-06-01,496.26
1,1,2026-02-28,131.18
5,3,2026-04-11,140.92
1,19,2026-08-13,108.35
5,1,2026-08-26,326.96
5,10,2026-01-02,119.86
3895,13,2026-02-24,50.94
22,61,2026-01-18,354.51
1,1,2026-07-26,103.32
1,10,2026-01-14,228.15
6,9,2026-04-22,76.78
1,2,2026-01-10,169.88
46,30,2026-05-18,466.07
1,17,2026-03-12,62.89
1,1,2026-07-07,352.13
1,141,2026-03-04,418.22
6,1,2026-06-22,432.99
2,2,2026-06-28,413.47
70,19,2026-04-26,331.03
24,2,2026-02-13,306.16
42,101,2026-03-20,412.2
2,232,2026-03-24,154.87
22,2,2026-06-08,90.97
28,8,2026-01-17,52.69
46,92,2026-08-02,397.08
5930,3,2026-01-18,425.03
1,108,2026-04-04,42.85
7,91,2026-03-07,36.8
613,72,2026-04-12,443.47
3,58,2026-03-20,22.28
2,113,2026-01-26,144.18
2,10,2026-03-09,184.2
5,224,2026-02-15,471.78
6525,4,2026-04-18,99.27
1,6,2026-03-01,210.83
29,2,2026-05-22,296.96
3,11,2026-07-04,345.74
151,2,2026-07-20,380.11
57,2,2026-05-09,151.31
1,67,2026-08-24,468.34
48,49,2026-01-27,49.03
30,2,2026-03-12,240.92
2,1,2026-04-20,264.83
1,14,2026-03-04,153.61
1,7,2026-06-26,16.27
1,4,2026-01-28,65.13
89,1,2026-06-13,304.19
1022,5,2026-02-14,142.53
37,1,2026-01-23,330.35
10,2,2026-01-28,247.3
174,14,2026-03-16,313.89
2,19,2026-05-13,475.27
16,1,2026-07-03,378.75
1,54,2026-05-05,145.53
3012,1,2026-06-03,55.5
1,1,2026-07-10,394.16
1,2,2026-06-14,392.46
1,6,2026-03-24,471.33
2,1,2026-06-17,229.7
2,817,2026-01-05,176.18
1,13,2026-06-20,266.87
880,1,2026-01-21,396.68
10,1,2026-04-01,222.0
1,19,2026-05-02,252.51
4,1586,2026-07-01,49.01
492,5,2026-02-21,100.16
14,9,2026-01-08,401.26
4,43,2026-04-27,360.07
6,1,2026-06-11,156.16
10,1,2026-08-03,290.4
6,745,2026-02-25,484.64
2,1,2026-08-10,419.19
18,1,2026-04-23,362.64
3,3,2026-04-03,252.21
1,7,2026-06-28,239.25
11,1,2026-02-08,335.16
1,4,2026-08-19,422.14
559,1,2026-04-10,280.55
3,1,2026-07-19,384.23
5,1,2026-08-23,118.69
8,1,2026-08-19,48.43
3686,4,2026-07-05,362.59
1,2,2026-04-05,248.96
62,2,2026-07-02,111.55
1,1,2026-03-14,430.13
3,28,2026-05-23,146.18
10,9,2026-08-09,353.15
1,4,2026-04-12,258.81
1,3,2026-07-09,400.88
114,1,2026-03-10,251.74
1,1,2026-06-19,303.08
1,32,2026-06-16,233.28
1,5,2026-02-12,304.98
21,31,2026-05-14,431.61
7,2,2026-03-22,7.28
17,19,2026-06-04,230.37
1,2,2026-05-22,173.77
1,8,2026-01-11,349.62
65,106,2026-01-26,401.82
2,20,2026-01-01,322.87
11,1,2026-04-15,203.19
21,1,2026-04-20,35.67
19,1,2026-07-21,82.61
4458,3,2026-01-08,5.93
6,1,2026-02-28,247.86
3,1,2026-04-17,323.55
1,4,2026-07-12,179.53
3,1,2026-05-27,285.09
1,4,2026-01-11,381.76
1,1,2026-05-12,489.75
1,4,2026-05-01,59.38
3,22,2026-03-12,279.78
1,8,2026-08-23,126.64
4,20,2026-07-15,374.41
1,2,2026-06-26,436.14
1,230,2026-03-27,336.18
65,1,2026-01-27,179.34
92,1,2026-04-21,451.3
2,13,2026-02-03,371.15
6,4,2026-04-19,118.26
4,5,2026-06-13,434.9
4,1,2026-06-02,449.93
5,2,2026-03-14,51.17
9,6,2026-05-21,155.08
8,1,2026-06-03,92.63
11,5,2026-03-11,460.09
3,1,2026-07-12,24.75
3,1,2026-06-20,396.71
1,2,2026-04-18,258.54
3707,5,2026-02-17,21.12
1,744,2026-07-01,484.12
4,73,2026-08-15,127.82
3,4,2026-05-20,418.79
107,2,2026-07-01,482.1
100,686,2026-02-28,92.72
4,1,2026-01-22,357.07
4,2,2026-03-06,392.68
1,1,2026-04-07,187.75
9,1,2026-07-02,27.93
63,2154,2026-01-23,170.19
1,4,2026-06-23,440.81
5,1,2026-05-04,468.01
16,1,2026-01-05,483.47
1,98,2026-08-05,419.33
1,3,2026-02-27,171.84
1,1,2026-03-15,125.45
5,3,2026-05-18,294.76
9,3,2026-05-17,157.49
87,31,2026-08-17,478.14
4,9,2026-04-23,421.15
2,2,2026-03-15,487.91
1,7,2026-08-19,213.26
556,25,2026-02-07,168.7
4,1,2026-08-23,339.71
1,35,2026-05-20,286.56
1,1,2026-04-26,75.11
1209,1,2026-03-10,327.59
1,3,2026-02-28,188.06
6,27,2026-07-24,393.79
735,8,2026-05-15,66.07
3,7,2026-03-22,484.58
5,17,2026-04-08,236.96
5,2,2026-08-02,191.55
5,3,2026-05-10,485.87
1,3,2026-02-25,454.13
9,7,2026-07-01,179.87
217,32,2026-03-25,402.31
18,1,2026-08-22,390.35
1,1,2026-04-13,339.15
13,2,2026-02-23,40.77
1,1,2026-08-14,30.44
2,11,2026-06-06,449.71
2,46,2026-04-02,292.07
1,18,2026-02-04,281.56
3,2,2026-04-28,31.36
2,1,2026-07-22,112.03
2,4,2026-02-20,428.75
4,7,2026-03-04,190.78
2,8,2026-02-09,55.28
2,50,2026-06-05,25.04
1,2,2026-06-07,131.19
1,3,2026-02-06,328.0
1,1,2026-05-09,94.81
1,2,2026-03-02,307.36
258,10,2026-03-01,230.56
1,19,2026-03-12,450.61
2,4,2026-02-06,322.81
60,10,2026-08-20,247.09
1,1,2026-05-03,224.53
1,1,2026-02-05,455.39
9,155,2026-08-27,406.45
1,14,2026-05-12,87.98
28,2,2026-08-06,324.06
4,2,2026-05-04,436.14
8,5,2026-02-18,146.83
2,1057,2026-04-28,305.75
2,20,2026-05-10,361.84
4,9,2026-08-01,26.4
2,1,2026-04-27,168.74
172,21,2026-03-05,162.74
2,2,2026-08-07,457.08
333,108,2026-02-19,290.58
20,2,2026-04-08,395.3
11,13,2026-07-18,418.65
74,9,2026-02-01,23.92
9,12,2026-01-12,289.37
19,1,2026-07-07,100.62
7,2,2026-07-21,354.38
14,1,2026-08-08,382.2
1,22,2026-07-14,418.53
13,79,2026-05-11,447.37
36,1,2026-04-06,124.53
6,11,2026-05-12,340.5
3,7,2026-04-06,100.66
1,1,2026-02-25,231.06
12,1,2026-03-02,78.79
8,9,2026-03-23,221.1
6,2,2026-03-05,412.65
5,1,2026-04-05,480.95
185,122,2026-06-04,103.63
1,122,2026-05-19,269.65
6,5,2026-02-08,124.58
5,1,2026-04-18,287.24
44,234,2026-07-02,386.16
2,7,2026-03-09,483.28
1,2,2026-07-05,406.42
6,1,2026-07-09,421.19
25,1,2026-07-13,491.34
5,1,2026-08-14,18.82
5,9,2026-08-08,173.63
1,1,2026-02-12,140.78
31,540,2026-01-24,439.16
1,2,2026-07-26,436.77
2,21,2026-07-26,156.98
5,2556,2026-07-15,226.92
311,1,2026-03-07,134.55
56,2,2026-06-19,113.12
1,1,2026-07-07,487.4
3,1,2026-08-06,415.23
3,124,2026-04-26,361.84
5,1,2026-08-09,204.17
2,3,2026-05-14,482.81
3,1,2026-07-22,115.0
1,10,2026-03-20,317.17
6,3,2026-03-14,386.98
763,1,2026-01-25,422.49
2,3,2026-02-06,416.68
6,1,2026-05-24,226.06
1,20,2026-08-18,206.18
9,1157,2026-07-08,361.57
2,1,2026-07-12,53.64
4,2,2026-06-16,361.41
35,1995,2026-06-07,37.46
1,12,2026-06-17,437.0
4,2650,2026-01-11,165.91
6,4,2026-06-12,168.61
11,3,2026-02-20,13.22
135,527,2026-06-19,138.12
3421,7,2026-04-25,261.87
4,47,2026-07-05,139.88
1,10,2026-02-13,471.41
13,275,2026-06-04,266.78
9,1,2026-03-01,417.72
12,1,2026-08-08,207.76
22,12,2026-08-01,394.11
21,1,2026-07-25,485.26
2,7,2026-06-17,67.03
1058,1,2026-02-19,403.87
3,1,2026-08-02,317.33
20,2,2026-07-08,112.75
2,1,2026-03-13,143.22
2,1,2026-07-13,312.35
21,4,2026-01-18,160.03
2,6,2026-06-15,65.61
6,21,2026-04-02,92.06
1677,87,2026-02-25,290.29
1,49,2026-05-07,347.39
10,1,2026-07-11,313.09
7,3,2026-05-25,479.21
6,39,2026-06-18,386.53
4,2,2026-07-28,228.79
12,9,2026-02-22,212.7
20,5,2026-03-10,44.73
1,601,2026-03-07,417.79
333,1,2026-04-06,330.0
10,7,2026-01-21,456.1
4,1,2026-04-18,452.8
6,1,2026-03-27,323.38
2,1,2026-06-20,245.85
1,7,2026-05-07,240.29
7,1,2026-02-12,111.17
11,2,2026-05-11,293.8
1,8,2026-07-10,456.29
1,1,2026-05-17,19.01
1,18,2026-05-22,236.29
1,31,2026-07-28,387.9
107,1,2026-01-05,417.96
2228,31,2026-07-09,224.76
51,4,2026-07-10,148.36
1,2,2026-03-04,114.07
1,1,2026-06-04,137.16
297,196,2026-06-16,67.92
1,1,2026-02-04,60.27
14,7,2026-05-06,146.54
7,1,2026-02-28,368.17
1,4,2026-03-11,105.44
4,3,2026-08-17,201.24
751,1261,2026-04-28,341.96
1,2,2026-03-28,44.08
5,3,2026-07-06,187.51
60,572,2026-02-14,157.26
20,1,2026-04-08,12.74
7,1,2026-05-23,311.35
107,84,2026-02-19,111.93
4,1,2026-03-15,108.45
4,2,2026-03-10,357.96
1,353,2026-08-22,138.37
1,4,2026-08-06,210.29
31,2,2026-04-20,430.76
1,281,2026-08-06,204.35
2,1,2026-06-23,463.03
1,947,2026-06-26,265.13
3,2,2026-06-16,172.68
1,1,2026-03-03,306.05
1,2,2026-02-08,154.0
1,39,2026-01-13,465.73
3,11,2026-07-15,71.2
2,7,2026-07-01,438.4
6,10,2026-08-14,342.65
1482,2,2026-04-23,498.32
14,67,2026-04-03,448.04
7,2,2026-02-07,320.56
1,2,2026-01-10,105.1
7,14,2026-04-10,474.65
51,1,2026-05-24,205.82
1,1,2026-02-24,22.78
1,175,2026-06-03,161.7
16,2314,2026-04-06,357.55
2,3,2026-02-16,499.49
2,868,2026-06-24,322.8
4,1,2026-01-21,88.46
6,46,2026-02-12,403.31
1,4,2026-08-01,311.63
6,1,2026-01-11,253.55
5,2,2026-07-10,80.43
1,166,2026-05-21,254.05
11,15,2026-07-09,354.25
6,3,2026-08-20,259.78
289,114,2026-02-15,137.13
374,3,2026-05-11,344.44
5,1,2026-07-11,165.01
1,3,2026-03-22,366.35
1,2,2026-03-17,325.85
1,8,2026-01-09,287.11
89,1,2026-05-26,287.31
5,2,2026-05-01,263.7
1,1,2026-05-03,254.61
28,1,2026-03-16,470.64
3,1,2026-07-02,389.72
1,1,2026-03-23,8.72
16,4,2026-08-20,153.68
188,218,2026-04-27,190.29
1,118,2026-04-27,288.99
5,1,2026-01-04,379.15
264,1,2026-06-09,117.51
8,18,2026-04-21,179.17
13,2,2026-03-08,468.4
1,2,2026-07-22,405.93
14,1105,2026-05-01,426.28
1,4,2026-04-02,347.48
13,10,2026-08-03,151.56
2,5,2026-02-12,168.98
10,2,2026-02-01,495.68
9,35,2026-08-20,214.57
2,6,2026-06-03,74.0
1,8,2026-08-28,284.16
5,5,2026-05-02,430.09
6,1,2026-05-19,126.69
1,3,2026-01-02,11.98
8,6,2026-06-03,67.7
362,1,2026-01-11,32.34
1,1,2026-04-07,276.12
1,2,2026-02-09,369.33
51,1,2026-01-27,54.67
20,1,2026-04-24,458.66
10,1,2026-05-15,444.01
5,19,2026-04-14,58.33
34,2,2026-03-01,472.4
322,1,2026-08-08,468.29
448,1,2026-08-04,232.73
157,4,2026-06-07,353.46
1488,3,2026-03-10,483.97
6,20,2026-08-12,362.95
3,666,2026-01-27,392.74
3271,6,2026-04-04,248.76
1,140,2026-08-08,454.47
11,13,2026-01-15,37.14
4,16,2026-07-05,195.23
23,7,2026-08-09,78.06
3,15,2026-04-08,133.07
18,15,2026-01-23,276.12
2,196,2026-03-24,224.51
1545,49,2026-01-10,398.64
3,84,2026-04-15,447.98
1,13,2026-06-04,470.35
5,3,2026-02-10,163.99
28,19,2026-02-04,256.04
566,2,2026-02-19,234.91
1,47,2026-08-04,369.18
23,1,2026-06-26,189.18
1,4,2026-03-20,129.38
8,2,2026-07-11,425.72
3,6,2026-08-26,481.26
1,23,2026-07-13,73.84
1,308,2026-05-02,213.01
4,1,2026-02-04,83.15
89,20,2026-06-25,423.44
32,9,2026-02-12,464.05
1,1,2026-03-12,72.43
3,1,2026-05-28,281.77
173,2,2026-08-12,101.67
2,1,2026-04-01,234.59
5,2,2026-04-07,487.72
1,1,2026-01-21,136.43
1,32,2026-03-20,420.24
6,2,2026-05-14,416.23
110,18,2026-03-01,465.39
30,2,2026-07-03,370.1
35,5,2026-04-19,17.35
2,6,2026-07-06,50.49
1,659,2026-02-17,201.49
5,1,2026-07-12,29.31
13,1,2026-02-04,120.53
4,8,2026-06-24,474.84
68,412,2026-04-01,274.05
1,1,2026-04-25,154.22
1,527,2026-06-16,268.96
31,1858,2026-08-15,410.44
1,5,2026-03-24,393.44
1,2,2026-03-16,440.6
97,5,2026-01-03,62.29
1,112,2026-05-16,467.14
2,1,2026-01-09,248.84
1,542,2026-04-07,184.2
4,217,2026-08-23,311.72
62,1,2026-05-27,459.78
1,3,2026-05-28,409.4
1,11,2026-01-12,138.7
66,1,2026-01-26,13.46
11,261,2026-03-11,138.03
3,1,2026-08-09,207.03
75,1,2026-07-06,164.78
5,133,2026-03-01,383.41
171,3,2026-04-16,195.0
1,2,2026-01-06,244.84
1,45,2026-07-22,448.23
7,5,2026-08-24,440.33
2681,2,2026-05-24,186.38
1,1,2026-04-06,13.81
130,102,2026-01-10,444.82
17,3,2026-07-06,154.07
1,1026,2026-08-17,435.34
6,2,2026-08-14,182.33
555,2,2026-08-02,8.2
1,2,2026-04-25,201.01
42,22,2026-05-14,63.88
33,932,2026-07-22,106.23
30,11,2026-03-14,375.02
5,2,2026-05-13,147.33
4,15,2026-01-04,389.77
5,1,2026-05-07,72.46
6,119,2026-07-11,115.37
6,6,2026-06-28,137.12
2,2,2026-02-17,14.43
1,2467,2026-01-26,134.22
3954,34,2026-08-07,496.6
105,9,2026-02-01,455.84
9,43,2026-02-12,257.71
1640,11,2026-07-03,69.11
1,6,2026-04-27,133.37
14,1,2026-05-07,269.38
1,1,2026-03-17,422.94
30,1,2026-05-16,152.44
1358,1,2026-02-10,37.18
80,4,2026-08-17,466.51
7,22,2026-02-26,23.17
34,13,2026-01-16,386.92
32,3,2026-08-03,92.07
30,2,2026-01-09,392.75
1,1,2026-01-11,18.12
121,51,2026-08-23,171.22
4,13,2026-05-26,11.15
14,7,2026-08-26,293.03
1,1,2026-07-03,480.64
62,1,2026-02-01,249.67
1,1,2026-05-28,368.14
3,1,2026-07-21,430.71
1,2,2026-02-25,481.01
1,1,2026-08-02,317.86
6,2,2026-03-28,437.41
1,6,2026-07-25,361.11
12,8,2026-01-21,241.8
7,1,2026-03-17,360.12
6,7,2026-06-20,405.23
7,1,2026-08-17,437.55
1,41,2026-02-17,487.52
3,7,2026-06-16,265.41
5,122,2026-05-07,170.9
84,18,2026-02-13,492.79
1,9,2026-05-16,166.77
3,6,2026-01-14,483.61
1,5,2026-04-03,151.32
2,70,2026-07-02,173.89
1,1,2026-04-25,275.92
5,40,2026-04-24,170.36
1,24,2026-04-26,50.91
2,17,2026-08-08,295.13
1,1,2026-07-09,129.77
3,1,2026-07-16,19.53
4,1,2026-06-18,482.48
1,1,2026-06-16,429.42
1,1,2026-06-02,491.09
136,29,2026-06-28,406.21
1,158,2026-03-15,223.96
1,1,2026-05-25,401.39
180,3,2026-05-03,435.89
2,347,2026-02-23,10.15
57,1,2026-07-19,69.86
1,172,2026-05-06,418.57
7,3,2026-07-26,487.48
15,1,2026-07-24,405.81
4902,9,2026-03-14,239.97
6,116,2026-07-13,205.6
8,2,2026-07-10,391.18
3,4,2026-04-18,88.62
1,7,2026-05-03,393.53
2,1,2026-08-20,490.1
3,1,2026-01-28,14.63
1,3,2026-02-20,298.3
1,1,2026-03-13,320.64
19,1,2026-07-01,459.55
1,16,2026-01-24,347.42
4,5,2026-06-13,62.85
30,225,2026-04-11,482.28
1,2,2026-02-10,66.77
1,1,2026-01-07,278.29
4,28,2026-03-01,40.15
4,938,2026-03-12,275.41
1,6,2026-01-24,17.33
1059,13,2026-02-04,348.09
61,36,2026-02-03,40.73
1,17,2026-01-07,50.34
10,18,2026-08-28,125.97
17,136,2026-01-16,21.96
1,2,2026-04-17,406.94
3,1,2026-07-25,245.45
2,16,2026-03-05,39.6
1,150,2026-01-07,430.46
3,8,2026-02-04,133.34
517,1,2026-02-25,161.65
18,2,2026-03-25,9.79
309,1,2026-08-19,28.73
9,2,2026-01-14,96.65
2,2,2026-06-11,200.92
17,21,2026-03-15,322.37
17,25,2026-07-05,85.25
41,1,2026-04-17,245.89
1011,22,2026-06-16,70.08
3,7,2026-01-22,284.56
2,2,2026-03-10,196.23
213,1,2026-04-20,411.08
16,2,2026-02-04,119.5
1,16,2026-06-04,236.11
49,2,2026-07-13,254.56
37,1,2026-08-08,176.62
2,82,2026-05-13,414.96
215,67,2026-08-19,450.93
9,1,2026-04-12,330.52
4,284,2026-06-25,494.85
600,2,2026-07-15,46.38
18,136,2026-07-21,310.76
6,1,2026-02-07,261.56
3,2,2026-06-06,5.58
11,5,2026-04-02,109.38
1,22,2026-07-16,288.26
1,5,2026-05-01,466.36
2,1,2026-07-25,462.34
5,79,2026-03-16,271.05
592,19,2026-08-13,379.29
1,4,2026-08-16,435.7
1,8,2026-05-15,198.86
1,1,2026-08-19,91.0
150,1,2026-03-27,252.26
34,4,2026-04-21,202.73
3,2,2026-06-14,6.5
16,162,2026-06-28,388.76
26,2,2026-07-20,325.11
13,227,2026-05-12,187.47
281,1,2026-06-01,245.75
26,208,2026-01-03,480.29
2,2,2026-05-02,54.1
14,7,2026-02-19,149.99
83,4,2026-08-07,411.56
1,2,2026-04-12,293.98
225,52,2026-03-02,129.5
120,2444,2026-01-07,297.64
6,1,2026-07-21,73.6
3,65,2026-06-14,387.68
1,6,2026-07-20,345.75
733,282,2026-06-21,449.12
22,1,2026-07-17,146.26
2,27,2026-04-13,428.66
2,6,2026-07-14,259.13
14,2,2026-05-12,396.03
1215,1273,2026-01-07,226.06
2,2,2026-02-14,249.73
1,1,2026-06-27,291.21
3,3,2026-03-11,472.11
260,137,2026-01-12,124.69
2,33,2026-08-02,316.07
5,313,2026-05-19,488.97
16,2,2026-08-21,178.34
12,3,2026-07-23,187.96
145,1578,2026-05-02,36.82
6,647,2026-02-09,47.76
4,1,2026-01-27,187.17
4,3,2026-07-14,215.53
1,1,2026-01-05,343.03
18,1,2026-06-16,60.96
15,59,2026-07-20,339.02
14,3,2026-03-10,167.39
42,24,2026-03-21,346.43
2327,231,2026-01-22,460.3
2149,6,2026-01-14,446.73
6,1,2026-04-10,177.13
9,20,2026-03-20,30.69
5,2,2026-08-28,388.96
1,12,2026-04-15,57.2
1,112,2026-05-04,497.65
2,1,2026-04-22,90.65
5,4,2026-02-02,391.19
1,21,2026-03-12,51.27
1,1,2026-03-08,356.43
5,1,2026-04-28,239.9
1,2,2026-04-08,39.69
5,1,2026-03-12,276.72
1,1,2026-02-25,328.92
2,11,2026-07-19,486.84
8,2,2026-08-08,291.41
7,59,2026-07-05,332.16
154,3,2026-06-27,492.82
1,1,2026-01-16,198.57
1,8,2026-03-07,362.84
172,1,2026-05-11,45.36
2,38,2026-08-13,298.01
9,9,2026-06-19,290.96
6,2,2026-08-27,270.05
5,2,2026-02-05,375.91
80,7,2026-05-28,355.33
92,33,2026-04-27,49.62
1,2,2026-07-27,80.13
1466,52,2026-07-03,56.78
10,2,2026-05-19,189.84
1,2,2026-04-15,222.08
1,10,2026-07-02,62.48
1,1,2026-05-13,99.83
1,8,2026-07-20,131.56
1,2,2026-04-03,464.43
1024,5,2026-07-16,188.37
15,69,2026-05-12,158.22
6,49,2026-05-10,124.15
1,23,2026-05-11,309.36
4,1,2026-07-25,388.65
26,4,2026-01-19,106.08
15,1,2026-05-17,317.2
258,2,2026-03-11,480.1
165,20,2026-05-14,178.54
1,1,2026-03-20,29.83
1,3,2026-03-27,235.28
4,1,2026-05-04,167.6
5,2,2026-04-13,359.04
9,21,2026-03-28,280.47
1,7,2026-05-27,497.86
12,2,2026-03-18,450.88
3621,11,2026-02-01,442.41
568,2,2026-07-02,488.49
12,1,2026-03-09,323.84
2,602,2026-04-11,84.28
1,130,2026-04-20,60.87
2,1,2026-07-24,329.05
6,1,2026-06-07,195.4
6,2,2026-04-28,475.64
4,2,2026-02-07,62.17
1,2,2026-08-05,45.19
4,4,2026-07-15,273.94
63,1,2026-07-01,203.81
1,1,2026-04-16,480.44
12,6,2026-07-22,346.31
3,1,2026-07-14,71.69
1,13,2026-07-16,447.62
9,2,2026-03-22,100.81
14,92,2026-08-15,342.23
1141,1847,2026-06-09,436.74
8,4,2026-04-15,390.14
661,832,2026-05-10,278.34
8,1,2026-07-10,254.64
7,10,2026-04-04,315.59
2,112,2026-08-25,486.91
6,33,2026-04-01,269.48
41,3,2026-01-21,119.53
3,1,2026-04-06,308.71
5,4,2026-01-16,74.55
2,12,2026-04-26,412.47
51,36,2026-03-28,275.9
13,1,2026-03-01,216.25
1,2,2026-06-10,343.4
12,21,2026-06-02,327.73
207,1,2026-07-19,395.85
2,1,2026-01-24,482.86
23,114,2026-05-21,161.32
1,13,2026-05-03,439.46
113,20,2026-02-19,379.4
30,5,2026-05-28,392.83
7,1,2026-02-28,21.46
2,29,2026-01-27,215.21
26,11,2026-07-05,370.29
5,7,2026-01-23,388.39
16,11,2026-08-24,459.28
2,1,2026-04-25,28.37
3,27,2026-03-21,368.07
6,1,2026-01-03,480.31
23,2,2026-03-01,288.18
10,163,2026-05-17,307.15
786,134,2026-02-28,85.17
3,4,2026-07-14,26.67
3,28,2026-07-24,81.64
1,282,2026-01-16,433.45
8,1,2026-07-08,470.08
1,59,2026-05-26,102.01
7,84,2026-06-08,311.42
1,11,2026-06-25,137.04
1928,1,2026-08-03,19.87
1,3,2026-08-27,78.35
19,27,2026-02-06,397.11
4,4,2026-04-19,40.59
3,1,2026-06-06,227.89
1,46,2026-03-15,468.34
172,1,2026-04-13,352.88
4,9,2026-03-15,85.78
2,22,2026-07-28,130.43
7,658,2026-01-12,12.39
23,65,2026-08-02,471.72
2,1,2026-08-02,10.37
1,1,2026-06-06,344.32
733,2,2026-05-06,464.93
551,30,2026-07-11,477.11
12,1,2026-08-14,62.47
87,2,2026-03-26,332.2
2,4,2026-02-12,340.4
9,1,2026-07-01,251.26
28,1,2026-03-10,91.74
1,1,2026-04-23,429.22
21,16,2026-01-24,497.54
1,5,2026-02-24,437.06
1,1,2026-05-28,330.3
1,1,2026-06-10,326.71
411,6,2026-04-01,479.42
18,3,2026-04-03,282.1
1,4,2026-08-18,267.82
2,6,2026-04-10,474.21
19,2,2026-03-28,325.66
1,10,2026-02-19,285.57
65,1,2026-05-02,272.85
1,3,2026-02-19,429.92
12,31,2026-05-25,280.31
682,9,2026-01-19,491.98
1,1,2026-08-16,496.02
26,1,2026-07-20,313.84
10,2,2026-03-13,305.26
4,1,2026-04-18,208.71
11,16,2026-04-28,308.8
229,90,2026-04-04,406.9
1,2,2026-08-19,311.3
22,3,2026-01-16,278.37
5,1,2026-08-06,220.56
94,4,2026-06-23,428.3
9,13,2026-01-20,95.83
3,1,2026-07-25,191.13
19,5,2026-08-05,270.72
31,1,2026-05-02,491.22
32,29,2026-03-24,116.19
489,1,2026-02-10,269.96
6,7,2026-02-13,357.37
1124,1,2026-08-12,152.03
1,2,2026-07-10,345.89
52,1,2026-02-19,21.63
2,6,2026-08-23,160.92
15,13,2026-04-07,100.82
61,2,2026-08-22,140.08
1,1871,2026-07-22,228.02
1,2,2026-04-03,158.74
10,17,2026-08-14,442.47
181,2,2026-03-14,54.48
13,820,2026-06-25,417.18
37,605,2026-05-18,352.55
2,1,2026-03-15,238.19
3,652,2026-04-06,285.7
1,1,2026-02-05,128.59
4,2,2026-07-28,426.21
4,2,2026-07-13,46.98
78,2,2026-08-28,480.58
229,11,2026-05-27,144.69
4,1,2026-05-03,192.48
111,2,2026-06-15,67.92
50,492,2026-05-08,61.53
1,1,2026-01-17,439.93
1,13,2026-01-22,158.19
203,2,2026-02-13,140.8
1,166,2026-08-25,332.2
6,3,2026-08-10,239.08
1,3,2026-01-25,394.65
13,16,2026-06-21,62.82
3,9,2026-01-08,34.22
239,3,2026-04-23,74.12
2,7,2026-03-13,344.4
7,96,2026-07-03,442.37
3,1,2026-06-15,370.42
14,3,2026-03-26,312.4
1,8,2026-04-25,156.59
88,1,2026-03-09,181.77
277,1,2026-05-06,199.77
8,193,2026-01-08,375.44
23,2,2026-02-06,444.82
94,15,2026-05-11,245.59
5,10,2026-07-20,471.03
6,2,2026-05-06,53.95
2,1,2026-06-08,216.73
5,22,2026-05-01,296.05
20,8,2026-03-23,270.23
5,9,2026-08-09,21.63
30,554,2026-02-04,157.81
6,202,2026-04-14,118.62
37,141,2026-03-03,91.42
1,2,2026-01-16,271.11
11,97,2026-02-25,465.89
1522,127,2026-07-16,154.13
4,36,2026-08-02,343.96
16,225,2026-06-01,214.88
3,2,2026-05-20,109.36
11,255,2026-05-02,167.48
16,9,2026-05-03,103.47
1,5,2026-07-04,387.17
35,14,2026-06-06,402.63
41,2,2026-07-27,483.47
1,6,2026-04-26,392.48
4,7,2026-08-01,50.62
2,3,2026-02-14,9.51
1,74,2026-07-16,297.58
7,19,2026-07-25,315.69
40,1,2026-03-02,45.97
5,64,2026-04-26,139.3
3,6,2026-05-25,381.91
1,1,2026-08-03,43.65
1,149,2026-07-10,59.51
1,2,2026-05-09,7.87
2,1,2026-08-15,446.27
4,22,2026-02-14,171.02
19,14,2026-07-13,306.73
758,23,2026-05-07,114.76
4,2,2026-02-03,21.65
4,3,2026-07-25,117.78
13,135,2026-06-14,244.15
5,3,2026-03-23,128.33
2,14,2026-01-16,72.03
4,51,2026-04-09,463.52
75,6,2026-02-06,379.42
4258,2,2026-01-03,467.73
7,810,2026-07-22,327.08
1,2,2026-06-19,446.51
2,4,2026-08-23,219.96
27,38,2026-05-26,121.28
1,4,2026-01-24,265.09
161,1,2026-03-22,412.92
1,2,2026-01-19,477.08
1,155,2026-05-10,399.08
74,10,2026-05-06,162.3
2,1,2026-05-02,318.04
1,1391,2026-01-24,106.73
163,2,2026-06-04,441.04
1,29,2026-07-10,313.29
18,1,2026-03-08,428.77
12,3,2026-02-14,472.07
6,1,2026-03-11,455.97
1,28,2026-06-25,212.57
3,2,2026-02-09,465.19
2,48,2026-01-11,50.31
1,1,2026-01-07,119.2
1,3,2026-07-25,97.31
91,1,2026-03-03,217.85
37,11,2026-08-18,261.48
1,1,2026-06-19,322.08
59,3,2026-03-17,153.72
218,10,2026-01-27,110.09
27,1080,2026-02-14,467.81
5,736,2026-06-08,477.67
42,6,2026-05-13,213.68
35,6,2026-01-21,183.1
9,1,2026-08-20,372.35
1,724,2026-08-03,436.4
1,4,2026-05-03,121.35
1,1,2026-01-06,299.19
1,1,2026-07-14,243.05
4478,2,2026-05-10,442.58
15,401,2026-02-12,381.77
2392,1,2026-02-09,324.17
425,2,2026-06-26,181.35
1,7,2026-03-03,110.97
1,3,2026-08-18,254.77
2,2,2026-02-17,241.99
198,204,2026-01-27,377.86
1,16,2026-03-07,231.19
2,2,2026-02-24,448.55
4,4,2026-03-22,139.08
5,4,2026-04-19,328.54
1,1,2026-05-22,483.0
4,34,2026-06-08,127.13
113,1,2026-08-20,192.32
108,5,2026-04-03,152.09
2,1,2026-08-11,86.98
20,1,2026-02-07,414.64
1,2281,2026-05-22,343.06
1,7,2026-07-28,301.45
1,45,2026-08-10,60.58
166,159,2026-05-23,87.62
1,2,2026-03-20,197.85
1,60,2026-05-15,75.03
4,1,2026-06-06,341.55
10,1,2026-01-16,197.81
24,93,2026-05-14,80.82
71,7,2026-04-23,164.54
2,1,2026-05-24,277.07
9,45,2026-06-21,253.21
379,9,2026-08-24,291.06
12,67,2026-03-09,72.67
3,1,2026-07-02,23.44
7,10,2026-04-28,104.51
5,1,2026-03-17,219.78
20,55,2026-08-14,85.56
1,2,2026-05-13,333.23
148,1,2026-05-24,321.29
1,1,2026-02-01,281.28
1,2,2026-08-15,423.26
4,5,2026-07-14,364.93
1,1,2026-06-04,74.24
8,108,2026-06-18,475.11
1,50,2026-08-12,353.26
129,7,2026-01-07,235.09
2,25,2026-04-14,177.25
69,1,2026-04-13,375.82
1,533,2026-08-12,163.72
13,2,2026-08-13,308.25
30,2,2026-01-08,224.88
1,24,2026-05-13,215.59
3,2,2026-04-13,192.11
340,2,2026-02-28,348.41
52,1,2026-02-26,139.6
2,7,2026-06-22,7.51
3,27,2026-02-04,101.89
2,1159,2026-08-09,109.67
1,1,2026-05-26,42.9
35,9,2026-05-14,331.66
12,27,2026-08-08,456.68
29,15,2026-07-21,494.89
36,13,2026-03-07,396.0
31,2,2026-03-06,88.56
92,5,2026-05-13,143.52
866,17,2026-01-19,314.34
4,7,2026-07-10,366.67
1,1,2026-04-04,450.29
175,3,2026-01-07,492.91
21,3,2026-07-08,180.86
3554,4,2026-02-22,303.54
3146,1850,2026-01-16,93.1
3,3,2026-07-23,193.78
1,7,2026-05-04,397.09
1,2048,2026-03-04,37.96
52,45,2026-07-23,272.46
89,5,2026-08-02,38.3
1,8,2026-03-01,232.71
303,8,2026-01-18,280.69
1,2,2026-06-23,13.22
3,1304,2026-05-07,155.12
192,2,2026-04-07,308.19
7,1,2026-05-09,481.65
2,11,2026-08-24,212.58
13,98,2026-04-11,373.22
1,3,2026-08-10,157.12
6,46,2026-05-17,142.19
3,1,2026-02-23,163.68
15,4,2026-04-27,338.53
4,1,2026-07-14,429.22
250,1,2026-04-09,362.89
12,3,2026-01-17,192.9
1,1,2026-07-26,131.42
1,4,2026-02-27,176.82
28,1,2026-03-15,389.61
12,110,2026-05-09,301.96
27,1,2026-07-26,286.99
1,7,2026-08-28,12.92
12,16,2026-06-06,234.95
1,1,2026-07-07,59.44
7,5,2026-01-13,378.67
11,1,2026-08-27,201.42
115,1213,2026-02-14,371.68
11,1,2026-08-11,233.24
3,176,2026-03-10,71.81
1,2,2026-03-05,88.85
3,22,2026-07-03,484.43
21,1,2026-06-02,40.4
33,4,2026-06-23,476.42
3,5,2026-02-13,172.21
6,25,2026-06-16,400.03
5,1,2026-01-24,433.64
47,1,2026-02-04,17.88
1,16,2026-06-03,200.35
19,1,2026-08-13,394.79
1,6,2026-04-24,172.85
81,5,2026-03-12,283.74
23,40,2026-06-03,481.92
1,661,2026-07-03,123.6
10,11,2026-01-08,157.84
12,759,2026-07-09,189.64
3,3,2026-02-26,147.79
598,7,2026-07-13,327.41
4,1,2026-06-16,22.13
1,2,2026-03-23,333.64
5,2,2026-05-20,257.66
5,5,2026-07-02,165.81
2,1,2026-06-11,349.71
2,20,2026-07-19,471.75
26,8,2026-04-26,178.12
3,5,2026-02-17,177.64
394,75,2026-06-26,235.72
19,4,2026-05-15,7.64
1,2,2026-03-24,481.9
1,40,2026-03-28,225.78
9,2,2026-04-13,341.47
2,5,2026-01-23,346.84
26,45,2026-06-17,359.55
1,191,2026-02-27,337.54
29,8,2026-04-05,409.46
1,2,2026-04-20,371.82
10,5,2026-06-14,8.74
759,1206,2026-05-17,399.01
5,6,2026-04-11,361.51
12,33,2026-04-17,180.2
2,2,2026-05-23,166.79
3624,3,2026-06-10,375.36
1,1,2026-04-04,153.07
1,3,2026-03-25,392.29
1,79,2026-07-19,92.01
86,42,2026-07-17,373.41
2,1,2026-05-21,20.65
2,20,2026-03-20,493.01
10,1,2026-05-12,237.61
20,72,2026-06-08,307.8
1,1,2026-05-21,71.79
2,10,2026-04-15,409.84
3,13,2026-07-07,97.12
1,4,2026-05-16,211.19
1,2,2026-02-03,148.19
6,3,2026-07-25,34.14
66,15,2026-08-08,402.96
17,6,2026-05-23,97.18
12,1,2026-01-01,163.97
7,233,2026-06-08,276.55
9,4,2026-01-14,249.65
1,3,2026-02-16,321.9
3,745,2026-06-10,285.37
1,547,2026-01-18,474.69
1,1,2026-04-23,292.56
2,62,2026-04-17,367.46
639,11,2026-03-22,399.86
6,1,2026-03-17,349.25
1,2,2026-02-25,320.57
13,6,2026-06-01,150.5
2,24,2026-08-23,279.71
3,8,2026-05-16,233.08
400,60,2026-04-08,342.18
1,3,2026-08-14,498.39
3,3,2026-08-24,137.44
1,1,2026-04-02,181.06
8,12,2026-06-09,223.31
1,2,2026-05-26,26.78
1,6,2026-06-20,300.36
161,2,2026-02-18,285.0
3,147,2026-07-28,292.1
1,6,2026-06-10,133.43
1,10,2026-08-25,427.66
4,1,2026-01-07,472.59
4,1,2026-03-23,54.63
21,1,2026-03-20,375.57
812,1,2026-08-28,62.15
4512,1,2026-01-09,13.0
2,2,2026-01-03,336.51
2,1,2026-05-01,215.77
16,1135,2026-08-12,323.79
1,1,2026-05-12,289.78
1,19,2026-01-23,344.24
2,1,2026-07-16,206.71
4,8,2026-04-05,88.27
1,4,2026-01-23,325.82
1,44,2026-05-02,53.21
1,2,2026-04-09,189.32
4,11,2026-03-06,327.96
2,1,2026-06-10,145.06
625,1,2026-01-03,343.69
1,1,2026-06-11,99.35
3,3,2026-06-13,262.89
3,3,2026-05-26,306.6
1,1,2026-03-23,52.5
2,1,2026-03-19,55.41
1,4,2026-04-18,144.42
21,19,2026-08-20,289.48
2,49,2026-01-28,118.29
5,2,2026-02-12,248.94
1,1,2026-05-17,460.03
1,9,2026-06-24,455.05
1,1,2026-03-01,21.46
52,2,2026-03-02,203.44
17,10,2026-04-08,254.49
17,1,2026-04-09,440.78
1,11,2026-01-02,395.8
1,189,2026-01-11,391.42
1,8,2026-01-20,107.53
266,11,2026-08-11,416.09
462,2,2026-07-23,80.03
18,1,2026-01-21,342.03
162,613,2026-05-19,35.07
1,229,2026-05-04,34.67
5,1,2026-06-27,115.86
5,12,2026-06-15,152.91
212,20,2026-05-24,282.97
12,8,2026-01-21,346.36
365,3,2026-02-19,409.29
4,28,2026-02-07,53.09
56,195,2026-02-11,92.27
1,113,2026-08-20,375.48
39,1,2026-07-02,56.45
1,1,2026-05-22,363.27
2,7,2026-08-07,194.75
1,10,2026-02-13,292.24
6,1,2026-08-21,147.33
3871,5,2026-03-02,467.89
1,1,2026-01-10,492.83
547,4,2026-07-06,365.61
48,4,2026-07-02,366.14
17,1,2026-05-21,257.93
25,1,2026-05-03,484.4
23,1,2026-06-03,54.55
75,908,2026-01-13,360.0
706,2,2026-08-23,345.23
1,1,2026-03-13,251.52
232,32,2026-03-24,168.03
637,6,2026-08-15,459.39
35,2,2026-02-14,95.72
20,1,2026-05-27,247.8
2,1,2026-06-11,230.16
9,8,2026-02-22,90.86
14,1,2026-07-23,70.78
30,1,2026-04-14,95.37
3,2476,2026-01-03,129.5
46,2,2026-05-07,293.2
6,1,2026-04-16,319.54
80,126,2026-03-15,225.87
1,59,2026-07-17,38.15
1,6,2026-02-14,103.15
13,5,2026-02-05,55.75
3,6,2026-02-26,81.13
1,66,2026-06-08,471.15
100,366,2026-01-16,97.63
1,1,2026-01-06,73.68
49,7,2026-02-02,490.89
3707,3,2026-03-18,74.15
248,51,2026-01-07,169.94
1,1,2026-04-03,313.99
2,24,2026-04-06,29.19
736,20,2026-03-10,278.88
33,1,2026-03-18,486.9
59,6,2026-01-06,173.72
7,1,2026-08-26,347.87
1,28,2026-02-09,439.34
5,1,2026-07-22,415.88
4,1,2026-08-11,265.27
113,4,2026-05-09,416.44
9,50,2026-08-15,155.98
5,550,2026-03-23,482.65
5,4,2026-05-06,33.48
6,1,2026-06-25,298.94
2,704,2026-05-07,71.04
381,1,2026-02-10,211.51
1,1047,2026-07-12,215.56
2,5,2026-04-25,453.37
1,4,2026-08-21,496.59
112,17,2026-02-28,86.09
1,42,2026-04-23,355.3
19,1,2026-02-17,408.64
16,4,2026-04-25,262.49
834,1,2026-01-19,497.12
1,1,2026-06-20,430.28
1,1,2026-08-10,473.49
5,32,2026-04-12,426.31
1255,1,2026-02-02,40.75
6,4,2026-05-13,59.68
3,6,2026-01-16,101.67
1,298,2026-05-24,369.5
2,130,2026-07-11,443.74
1,29,2026-07-02,381.99
1,4,2026-04-10,452.57
2,3,2026-05-24,358.08
3,32,2026-04-27,130.35
1,14,2026-08-19,499.2
1,21,2026-08-26,352.63
13,195,2026-07-11,345.34
2,2,2026-02-02,225.15
4,1,2026-01-13,315.24
2,79,2026-03-13,260.28
5,174,2026-05-24,412.45
5,4,2026-08-17,495.66
2,5,2026-03-18,470.74
1,9,2026-02-28,252.26
1,2,2026-08-01,363.78
16,1,2026-04-25,335.82
4,5,2026-02-24,465.0
4,1,2026-05-12,398.27
12,533,2026-07-17,381.34
13,382,2026-07-28,172.53
6,1,2026-02-15,147.53
19,1,2026-03-12,265.76
201,1726,2026-02-25,322.99
5,1,2026-08-12,324.02
11,1,2026-02-02,161.65
1,29,2026-07-20,436.47
432,137,2026-06-16,372.28
14,3,2026-05-08,82.41
4,1,2026-06-26,60.56
119,1,2026-06-09,12.0
418,2,2026-05-26,146.8
1,2,2026-07-15,249.79
3,593,2026-03-27,192.17
20,28,2026-04-16,127.81
28,11,2026-06-27,466.43
17,2,2026-03-27,62.69
100,1,2026-05-01,54.53
55,161,2026-07-16,21.21
108,3,2026-07-05,75.87
1,2,2026-08-23,218.73
7,5,2026-06-26,88.24
162,6,2026-03-15,200.58
4,706,2026-02-20,455.94
2077,1,2026-01-20,391.08
1,1,2026-08-03,341.02
1,1,2026-04-09,469.07
19,1,2026-02-22,361.79
2,11,2026-04-02,248.02
1,2,2026-01-07,452.8
71,3,2026-02-28,75.63
4,1,2026-05-15,383.58
38,187,2026-08-06,153.57
19,1,2026-01-07,281.94
2,28,2026-04-14,240.95
2,2,2026-07-12,437.31
7,88,2026-06-11,384.67
1,1,2026-04-15,104.65
5,78,2026-01-08,104.5
14,1,2026-03-25,116.05
4,23,2026-01-15,224.28
69,40,2026-05-22,157.63
1,44,2026-02-17,82.89
18,10,2026-03-19,49.77
1,52,2026-04-20,185.38
1,1,2026-04-10,96.58
2,3,2026-02-03,472.63
1,24,2026-05-05,189.76
8,4,2026-07-20,162.68
4,5,2026-04-05,300.26
2,3,2026-04-13,144.92
6232,87,2026-07-25,152.87
31,1,2026-08-02,254.94
32,3,2026-01-21,80.07
25,6,2026-01-14,413.35
1,19,2026-01-03,411.41
5,495,2026-02-09,187.87
1,259,2026-06-08,24.09
33,15,2026-06-27,418.52
1,203,2026-06-27,145.49
2,2,2026-01-14,188.69
50,5,2026-02-02,81.56
2,40,2026-02-11,413.65
10,4,2026-04-25,163.71
1,1,2026-02-03,214.18
1,3,2026-06-07,171.75
2,1,2026-03-09,220.36
15,19,2026-04-23,297.39
4,77,2026-02-12,274.1
8,1,2026-07-20,97.11
298,60,2026-02-28,459.15
2,2,2026-01-07,268.16
1,10,2026-05-08,481.55
4,4,2026-07-17,289.91
1,12,2026-01-03,370.93
1096,7,2026-04-12,315.59
245,2,2026-01-25,190.87
23,551,2026-06-01,68.92
1,9,2026-03-19,56.28
2,1,2026-01-13,412.56
15,7,2026-03-12,100.36
3,7,2026-01-02,211.89
2,22,2026-06-18,300.21
1,1,2026-07-01,323.85
1,1,2026-04-01,200.62
82,10,2026-04-12,238.86
3,2,2026-05-17,415.23
1,18,2026-03-15,67.92
1,26,2026-03-03,401.23
1,15,2026-04-16,466.32
36,74,2026-05-20,222.71
4,2,2026-08-21,421.88
57,260,2026-06-02,397.43
3,2,2026-06-11,26.0
1,4,2026-06-18,379.93
1,9,2026-03-27,354.46
4,1,2026-06-18,487.8
3,1,2026-04-23,183.82
4423,3,2026-04-16,487.95
1,1,2026-06-02,54.85
9,40,2026-03-04,73.59
112,8,2026-07-16,413.41
26,57,2026-04-14,290.47
1,7,2026-01-10,266.16
2,1,2026-08-22,110.63
24,14,2026-08-13,469.84
8,11,2026-02-09,206.54
1,1,2026-07-21,40.89
125,9,2026-05-04,431.4
53,66,2026-07-05,8.18
4,1,2026-08-22,396.39
222,1928,2026-01-17,168.12
4,1,2026-01-14,183.71
1,85,2026-01-01,224.47
1,2,2026-06-19,178.67
50,9,2026-08-21,62.13
20,11,2026-04-09,176.9
3,121,2026-06-09,450.47
11,184,2026-05-07,239.45
1,6,2026-06-23,18.79
19,5,2026-05-26,28.2
237,2,2026-01-03,370.11
28,11,2026-05-25,266.31
22,1,2026-02-18,315.66
2447,69,2026-03-08,375.14
50,1,2026-05-20,277.93
5,4,2026-04-20,266.37
505,2,2026-02-04,18.11
1822,226,2026-07-13,475.84
5,37,2026-07-26,479.43
3,125,2026-02-26,143.33
1,1,2026-05-14,202.25
1,1202,2026-05-09,271.5
9,8,2026-02-09,101.34
34,339,2026-02-01,219.12
132,1,2026-03-07,65.26
7,4,2026-07-24,369.76
1,2,2026-05-18,409.53
2,1,2026-08-02,253.62
5,163,2026-02-07,63.91
4,2,2026-05-27,380.8
13,1,2026-04-25,288.28
1,25,2026-06-16,408.71
34,11,2026-08-03,265.88
2,36,2026-07-10,283.44
29,278,2026-01-09,251.5
32,459,2026-03-05,208.39
3993,2,2026-04-15,132.79
14,14,2026-04-18,141.01
1,3,2026-08-09,101.61
5,1,2026-03-20,480.43
10,1,2026-01-18,50.87
3,99,2026-06-20,116.5
10,7,2026-08-24,410.94
9,57,2026-08-25,188.12
4,10,2026-06-18,470.33
2,2,2026-07-05,39.21
9,13,2026-03-07,187.03
17,2,2026-05-14,291.45
6,1,2026-01-03,169.18
1,2,2026-02-19,132.19
270,5,2026-05-19,87.66
5,2,2026-01-16,314.44
9,5,2026-04-20,491.55
2,2539,2026-07-11,8.4
2,2,2026-01-14,496.21
3,12,2026-04-25,108.38
34,1,2026-05-08,371.02
78,57,2026-03-07,317.76
3,2,2026-08-16,474.28
5,4,2026-02-23,318.65
2,1,2026-05-05,6.91
665,7,2026-01-07,163.92
1748,1,2026-06-03,340.77
96,4,2026-07-20,207.29
3,6,2026-07-14,411.81
12,29,2026-04-06,102.5
3207,1,2026-07-12,402.14
3,117,2026-08-06,132.29
18,2446,2026-03-07,402.37
6,181,2026-05-15,185.48
1,1,2026-02-04,227.35
1,1,2026-04-12,208.33
7,28,2026-03-24,261.62
423,6,2026-05-08,411.55
1,6,2026-07-01,369.33
3,19,2026-08-07,234.37
18,1,2026-07-18,426.03
1,1,2026-05-13,406.89
1,27,2026-04-12,361.54
1,5,2026-05-20,444.52
283,16,2026-04-05,153.64
5,10,2026-02-23,148.28
336,1,2026-05-02,56.97
2,115,2026-05-26,313.66
2,40,2026-07-16,424.38
4,6,2026-03-17,16.99
1,12,2026-05-01,351.25
1,2,2026-04-06,44.03
5244,1,2026-08-10,170.73
22,9,2026-02-03,229.22
1,6,2026-03-27,50.28
4,2,2026-01-23,12.92
3,2,2026-05-25,284.72
467,8,2026-07-21,268.83
1,21,2026-07-04,103.26
2,2,2026-07-25,468.99
1,1,2026-04-18,240.62
12,31,2026-01-22,490.11
448,34,2026-03-27,81.75
4,1,2026-06-23,296.71
4,1,2026-06-27,30.63
1,32,2026-08-11,304.2
2735,2,2026-05-22,427.69
6,13,2026-02-02,363.91
1,2,2026-06-19,47.54
31,2,2026-08-05,296.74
6,5,2026-06-09,498.2
2,1,2026-01-19,158.11
6,27,2026-01-04,16.23
20,2,2026-07-24,323.2
2,3,2026-02-01,187.27
4,1,2026-03-04,494.96
4,88,2026-08-28,69.54
18,1,2026-02-02,135.28
2,4,2026-05-28,52.41
1,2,2026-08-14,174.13
1,1,2026-06-11,136.51
2,8,2026-03-10,215.66
4,119,2026-03-24,474.0
1,2,2026-07-23,352.27
3,149,2026-06-26,56.1
28,2,2026-01-25,15.96
5,4,2026-05-12,209.59
20,2,2026-06-27,60.31
343,30,2026-05-21,345.35
3,30,2026-07-07,5.71
1,2,2026-01-01,97.41
7,260,2026-03-06,493.85
13,38,2026-04-06,92.5
5,313,2026-08-26,143.12
1,13,2026-04-16,243.58
475,6,2026-07-27,78.65
3,6,2026-01-13,20.04
1,10,2026-05-18,269.26
1,600,2026-05-07,313.11
3,31,2026-05-19,457.56
16,2,2026-01-05,199.6
50,1,2026-03-05,52.01
54,1,2026-08-25,74.43
6,98,2026-07-16,418.14
6,3,2026-08-16,141.02
1,5,2026-04-06,491.3
82,2,2026-08-04,257.61
3,2,2026-07-26,227.62
3,231,2026-08-04,46.58
2,42,2026-02-07,95.65
1069,2,2026-06-25,186.29
2,1379,2026-06-23,66.3
343,1,2026-04-15,262.79
1,15,2026-08-22,131.47
1,1,2026-08-20,266.46
1,2,2026-05-07,135.01
20,2,2026-01-13,451.03
41,1,2026-06-20,325.63
48,1,2026-03-17,23.27
2,1,2026-02-12,107.27
230,5,2026-03-24,313.19
21,1,2026-07-24,267.0
2,1,2026-06-02,268.77
4,181,2026-03-22,409.1
38,1,2026-06-16,468.16
1,20,2026-06-23,35.33
8,11,2026-02-19,128.26
3,8,2026-03-27,233.24
6355,128,2026-05-24,180.63
1,1,2026-04-01,366.53
107,2,2026-08-01,67.32
26,165,2026-02-18,233.85
1,5,2026-01-22,139.1
1,2,2026-03-13,468.9
3,12,2026-04-11,349.96
5,1,2026-01-15,287.86
178,3,2026-04-21,267.28
144,885,2026-07-12,119.89
17,7,2026-08-13,287.41
1,1,2026-07-05,446.37
659,1,2026-05-02,313.71
4,37,2026-07-17,355.75
1,1,2026-02-13,440.74
4,1719,2026-02-10,178.98
5942,2,2026-04-11,185.1
1,1,2026-01-26,330.89
4,5,2026-07-24,23.76
18,8,2026-07-12,386.51
2,2,2026-03-03,387.28
1,13,2026-08-24,277.76
9,71,2026-06-11,413.28
1,2,2026-06-13,198.81
63,4,2026-01-20,417.98
4,4,2026-04-17,41.93
6,47,2026-04-11,284.94
4,3,2026-03-03,407.27
68,3,2026-04-10,215.16
278,1,2026-06-22,369.65
2,1,2026-03-17,485.69
12,16,2026-06-12,71.32
2,3,2026-03-01,255.46
1,2,2026-05-17,235.56
1,149,2026-03-26,304.37
38,1,2026-01-18,100.12
6,23,2026-07-12,297.76
2,2,2026-01-20,296.07
8,1,2026-02-07,350.38
2,3,2026-08-06,395.88
328,2334,2026-04-28,112.09
11,1,2026-04-27,170.55
138,1,2026-02-16,101.01
1,1,2026-06-12,136.87
4,2,2026-08-03,451.31
6,1,2026-06-26,361.83
1,21,2026-02-02,117.81
14,9,2026-05-15,36.79
19,3,2026-01-21,72.15
8,2,2026-01-04,286.26
1,1,2026-01-22,350.47
1,5,2026-08-27,48.59
9,55,2026-07-22,345.55
3,39,2026-07-15,396.56
2,889,2026-07-02,14.86
2248,2,2026-02-28,393.64
231,1,2026-02-03,108.27
2,15,2026-06-26,306.39
1,1,2026-06-24,420.46
1,1,2026-07-09,200.49
16,20,2026-05-24,231.49
3,2,2026-07-03,392.06
5,2,2026-01-16,63.16
2,13,2026-02-16,166.44
7,1,2026-05-28,300.61
2,2,2026-08-24,239.5
56,39,2026-05-26,176.3
2,4,2026-02-06,282.52
11,2,2026-06-05,284.99
3,45,2026-06-28,193.36
1,2,2026-01-12,142.11
18,39,2026-01-23,279.37
18,333,2026-04-03,188.22
2,2,2026-01-11,449.51
1,27,2026-01-08,497.63
7,1,2026-06-26,146.16
19,1,2026-07-12,127.0
10,100,2026-04-07,319.16
1133,48,2026-06-06,492.35
4,5,2026-07-01,114.86
3,29,2026-01-13,56.63
3,1,2026-08-13,465.2
26,113,2026-07-25,497.87
385,44,2026-05-03,201.96
4,10,2026-05-16,35.62
1,4,2026-08-18,353.15
6,1,2026-06-06,236.01
1,8,2026-04-11,213.03
10,1,2026-05-24,15.2
1,2,2026-05-15,320.01
13,141,2026-08-19,117.08
3,4,2026-02-01,5.12
22,3,2026-03-13,278.73
3,45,2026-06-22,253.12
5,4,2026-07-03,499.35
2,2,2026-05-02,419.34
420,4,2026-07-14,457.01
2,1,2026-01-18,415.09
4,3,2026-07-12,175.78
4,3,2026-03-26,289.43
335,1,2026-04-06,108.65
1,1,2026-05-24,166.23
1,7,2026-04-02,73.3
1,720,2026-05-21,446.49
7,2,2026-03-15,149.16
147,2,2026-01-08,375.61
218,1,2026-02-26,416.11
4,1,2026-08-26,490.72
5,3,2026-01-14,218.4
2,1,2026-02-04,230.38
4,4,2026-04-13,56.63
18,20,2026-01-13,271.24
23,97,2026-02-02,263.86
7,2,2026-01-11,89.32
2,1,2026-03-07,429.7
143,1,2026-06-21,469.76
3,39,2026-03-19,420.65
2,1,2026-05-12,373.85
1,1,2026-02-19,278.75
1,2,2026-06-27,350.22
19,64,2026-05-11,277.04
2,1,2026-08-11,105.19
5,6,2026-04-12,301.83
59,175,2026-03-09,467.55
4,64,2026-03-28,332.44
261,1,2026-05-18,203.06
1,1,2026-08-19,467.66
7,1,2026-04-24,333.53
28,7,2026-01-08,51.34
7,208,2026-01-22,325.3
25,4,2026-05-23,111.92
16,155,2026-05-23,395.89
4,6,2026-08-09,125.76
1,452,2026-07-01,149.97
1751,3,2026-03-20,447.5
1,1197,2026-02-05,232.63
25,1,2026-06-07,289.72
18,1,2026-03-05,295.85
48,752,2026-07-21,35.72
23,1,2026-03-10,157.29
2,3,2026-06-22,84.81
9,26,2026-08-08,241.81
10,22,2026-05-05,198.8
21,3,2026-03-22,145.14
5,1,2026-07-04,200.86
3,1,2026-08-10,485.9
1,2,2026-01-28,349.79
1,4,2026-06-03,442.78
80,14,2026-04-11,362.72
2,9,2026-06-13,144.06
13,1,2026-03-09,97.12
1,1,2026-01-28,344.93
2,1,2026-01-01,340.85
1,4,2026-02-22,150.52
35,23,2026-05-17,114.62
2,3,2026-05-09,25.17
75,19,2026-04-19,317.9
4,3,2026-03-16,7.63
1,2,2026-03-13,272.96
4,20,2026-02-07,421.8
1,8,2026-04-18,11.19
3,18,2026-07-16,240.45
10,4,2026-02-28,214.66
342,14,2026-03-14,338.44
10,4,2026-04-05,299.94
33,1,2026-07-28,81.8
291,81,2026-02-19,170.31
16,10,2026-06-09,361.11
18,750,2026-06-23,318.4
2,1,2026-02-10,465.8
5,9,2026-04-03,284.06
1,19,2026-06-05,72.66
1,1,2026-03-26,320.78
2,2,2026-05-14,406.79
17,8,2026-05-05,372.48
2,8,2026-04-19,441.48
8,146,2026-01-02,235.06
3,2,2026-03-25,86.22
24,1,2026-03-21,201.78
294,6,2026-07-06,423.64
29,1,2026-04-14,364.76
1,28,2026-05-09,425.38
88,10,2026-05-10,200.89
1,149,2026-02-11,367.78
13,8,2026-04-22,136.4
1,14,2026-05-14,217.77
271,2,2026-02-04,264.73
3,2,2026-01-04,22.34
1,2,2026-05-25,39.46
17,8,2026-06-14,448.38
2,1,2026-08-23,225.7
47,66,2026-03-28,246.59
8,4,2026-06-26,85.55
118,624,2026-01-25,253.63
1,35,2026-05-27,220.78
5,1,2026-08-06,410.73
22,78,2026-03-07,467.79
1,11,2026-07-08,11.74
2,825,2026-07-27,415.91
2,8,2026-08-14,140.17
4,2033,2026-06-02,176.03
1,33,2026-08-21,69.99
2,9,2026-05-04,484.07
293,26,2026-05-04,290.56
1,1,2026-04-24,208.44
4,1,2026-03-23,143.81
1,21,2026-06-25,348.76
1,10,2026-01-19,6.48
1,1,2026-08-27,268.79
4,91,2026-03-26,147.4
7,10,2026-05-19,179.86
1,46,2026-07-19,333.29
62,1,2026-04-19,243.78
4,303,2026-08-02,170.17
1,3,2026-04-06,203.79
3,2,2026-04-01,472.95
84,1,2026-08-23,58.48
4,4,2026-08-04,438.36
14,1,2026-08-20,19.98
163,7,2026-03-18,148.29
10,2,2026-02-27,278.53
5,5,2026-05-03,363.37
1,5,2026-04-04,297.11
6489,1,2026-02-05,195.37
2,20,2026-04-27,345.81
4,3,2026-04-13,159.65
2,3,2026-05-21,252.67
3,4,2026-01-23,11.66
1,2,2026-06-25,129.93
22,5,2026-03-26,312.9
15,1,2026-01-14,83.38
2,2652,2026-05-04,439.06
1,2,2026-02-25,365.52
16,1,2026-01-24,363.48
9,2,2026-03-23,169.6
769,12,2026-01-05,409.84
22,1,2026-08-21,9.36
8,4,2026-05-02,19.31
9,6,2026-07-18,281.11
1,27,2026-01-02,158.17
5,10,2026-01-22,224.63
244,5,2026-08-03,339.68
7,613,2026-07-19,92.22
1,2,2026-02-13,115.46
15,4,2026-08-25,477.57
1,1,2026-08-14,300.88
3,970,2026-07-03,401.3
32,9,2026-01-16,369.72
2,1,2026-04-03,14.71
122,1,2026-07-10,5.16
1,7,2026-04-09,498.46
3,835,2026-08-22,393.74
10,1,2026-06-20,81.12
19,1,2026-08-24,268.39
10,2,2026-03-16,342.48
51,252,2026-03-04,140.42
126,54,2026-06-18,447.38
32,4,2026-08-08,9.81
22,11,2026-02-10,139.88
44,7,2026-05-17,89.89
22,3,2026-02-08,420.35
7,1,2026-07-15,113.81
1,462,2026-02-19,391.17
11,1,2026-02-09,368.28
4,25,2026-08-09,459.18
1,3,2026-08-23,20.97
7,2,2026-08-08,145.62
58,2,2026-08-27,288.68
1,1,2026-07-21,413.23
1,4,2026-02-03,217.53
396,1,2026-04-06,219.43
22,1,2026-07-18,468.24
10,21,2026-04-09,305.97
5,10,2026-08-17,96.18
7,3,2026-08-14,103.27
2,1,2026-04-01,28.1
47,1,2026-07-20,432.46
4,13,2026-07-27,120.05
141,1,2026-03-23,370.52
42,1,2026-04-03,329.75
9,119,2026-01-27,299.26
1,1,2026-01-07,133.02
3,7,2026-01-03,267.13
511,4,2026-03-19,69.15
6,1,2026-02-22,59.4
13,1,2026-08-10,432.49
6551,10,2026-06-26,152.98
5,7,2026-03-04,294.86
1,25,2026-05-25,465.91
5,10,2026-03-08,212.69
148,3,2026-06-01,106.83
327,3,2026-06-28,118.23
65,2,2026-05-03,279.65
3,5,2026-03-01,95.18
25,4,2026-07-04,19.37
1,21,2026-04-05,151.52
1,3,2026-05-03,61.17
634,150,2026-04-19,379.33
154,2,2026-05-16,433.49
67,3,2026-04-20,365.62
743,1,2026-05-24,11.71
3,17,2026-08-28,131.27
9,3,2026-04-19,278.01
1,1,2026-07-12,188.66
88,1,2026-05-28,26.08
4274,37,2026-04-12,297.84
33,2,2026-06-05,295.58
133,9,2026-01-20,406.75
79,26,2026-01-17,115.25
1,4,2026-08-05,187.75
49,14,2026-02-04,467.69
1,17,2026-04-09,225.64
67,22,2026-01-02,271.24
9,1,2026-07-20,285.0
56,5,2026-02-19,475.3
1,1749,2026-01-06,253.41
4,1102,2026-08-08,325.26
28,1,2026-05-16,94.34
21,2,2026-07-07,255.8
44,1,2026-01-06,89.72
6,7,2026-02-22,379.97
1,18,2026-07-13,296.27
110,611,2026-06-13,342.46
35,8,2026-02-19,29.96
2,4,2026-08-18,302.93
3,5,2026-05-22,75.49
1,13,2026-07-17,355.86
2,7,2026-07-26,184.2
727,1142,2026-01-07,442.81
1,29,2026-06-09,325.62
11,2,2026-01-25,215.63
2,69,2026-08-11,320.8
9,2,2026-05-01,286.53
1,1,2026-06-07,473.16
4,1,2026-08-25,293.72
2,2,2026-06-25,263.07
3090,2,2026-01-26,199.29
2,2,2026-02-10,287.91
8,55,2026-05-13,492.32
243,11,2026-06-10,413.61
1,1,2026-03-19,13.1
7,18,2026-02-14,473.99
9,7,2026-03-05,420.43
1,4,2026-08-22,407.04
16,485,2026-07-25,326.2
5,2,2026-05-11,301.79
2,40,2026-02-27,220.81
9,611,2026-08-06,490.49
6,1,2026-04-14,72.14
1,2,2026-05-17,441.78
8,6,2026-01-01,416.39
40,3,2026-02-23,18.02
1,94,2026-03-21,125.61
11,1,2026-06-27,186.55
5,2,2026-06-06,408.65
3,1237,2026-02-03,248.41
2,144,2026-01-13,57.54
2,5,2026-08-12,6.6
1,4,2026-03-27,102.97
322,4,2026-06-13,474.2
21,1210,2026-04-22,383.62
10,217,2026-04-04,234.45
1,26,2026-02-02,22.36
40,29,2026-07-27,115.51
2,1,2026-07-06,77.27
2422,10,2026-01-01,131.21
1,1,2026-03-14,242.05
1,1057,2026-02-18,140.35
7,1,2026-01-08,71.36
3,48,2026-08-11,487.95
122,16,2026-08-10,366.37
2914,1,2026-08-06,403.14
3,3,2026-08-16,107.05
5,1,2026-08-20,410.01
3,5,2026-06-07,285.96
2,1,2026-04-09,434.83
9,2,2026-08-06,308.17
5,92,2026-07-26,479.98
148,2,2026-04-16,120.41
188,15,2026-03-28,257.64
1,446,2026-04-14,9.23
1,9,2026-08-13,471.33
1,1,2026-01-05,223.75
114,1,2026-01-12,273.17
7,2,2026-04-27,105.6
16,1,2026-05-04,56.09
156,6,2026-07-22,205.62
2,28,2026-04-04,303.87
43,1408,2026-03-02,45.09
1,107,2026-08-19,17.88
2,7,2026-03-15,89.27
37,225,2026-08-12,213.27
2,1,2026-03-06,402.76
116,659,2026-07-24,13.1
2,1,2026-06-01,148.03
68,2,2026-04-03,327.41
5,256,2026-06-05,369.42
2,269,2026-08-19,53.03
26,653,2026-06-25,158.45
2,3,2026-02-04,227.8
4,2,2026-08-03,343.38
3,34,2026-04-24,124.21
3,1,2026-07-26,221.24
270,1,2026-07-24,57.04
5,2,2026-06-27,256.76
2,7,2026-08-16,111.41
10,2,2026-04-06,429.44
3,2,2026-01-18,223.73
1,1,2026-01-23,149.28
24,3,2026-08-12,479.49
26,3,2026-05-18,101.84
64,1,2026-08-05,106.31
1,1,2026-03-26,488.24
119,20,2026-05-08,478.96
3,7,2026-03-27,477.95
141,21,2026-08-23,14.88
102,1,2026-01-16,44.02
77,2,2026-08-04,398.0
16,8,2026-08-11,31.54
11,4,2026-08-25,437.12
29,21,2026-06-21,491.23
1,5,2026-04-22,274.57
10,88,2026-04-02,339.35
1,4,2026-01-14,244.5
726,128,2026-06-28,488.45
7,1,2026-05-20,171.36
28,9,2026-07-25,376.13
1,1,2026-08-03,70.52
13,120,2026-04-05,424.36
6,2,2026-03-27,114.8
1,25,2026-02-12,429.61
3,238,2026-03-09,437.75
1,1,2026-07-06,482.15
1,1,2026-03-07,498.21
17,2,2026-06-24,216.57
2,3,2026-07-03,173.94
2982,2,2026-04-26,273.42
1,2,2026-06-26,158.53
4,1,2026-08-19,367.97
10,9,2026-08-16,41.57
14,13,2026-02-22,113.81
9,101,2026-03-23,465.45
11,491,2026-05-07,179.89
2,3,2026-08-26,141.57
1,131,2026-04-26,439.07
2,3,2026-06-12,6.61
3,1,2026-03-26,311.73
1,1,2026-02-01,18.97
38,2,2026-05-03,413.93
2,14,2026-04-14,308.1
1,1,2026-02-13,410.91
1058,87,2026-05-20,138.7
36,1,2026-02-23,37.77
1,6,2026-02-26,382.88
1,11,2026-03-19,97.32
15,6,2026-04-22,113.28
10,69,2026-03-25,298.3
5,1270,2026-06-09,247.47
1,109,2026-01-23,31.82
2,25,2026-07-14,455.93
1,3,2026-01-28,202.48
6,1,2026-06-27,65.38
21,4,2026-02-04,9.63
15,5,2026-01-20,132.72
1,4,2026-08-02,316.89
537,3,2026-06-08,152.41
13,10,2026-08-24,303.65
31,129,2026-08-15,111.98
1,1,2026-01-02,161.48
325,80,2026-03-22,416.42
5,50,2026-08-03,179.74
101,10,2026-07-04,460.11
4,18,2026-05-06,237.27
78,9,2026-03-10,81.07
1,1,2026-01-14,91.4
13,143,2026-08-08,498.25
37,354,2026-02-12,140.1
77,1,2026-01-03,201.59
1,1,2026-08-03,411.2
1,3,2026-05-08,321.65
17,84,2026-04-25,223.08
2,1,2026-05-01,153.81
5,36,2026-03-25,29.0
22,17,2026-04-19,81.96
1,8,2026-08-21,294.05
1,5,2026-08-05,260.14
7,1,2026-05-25,180.39
3,12,2026-05-08,457.41
243,1,2026-02-09,332.49
327,1,2026-05-18,468.74
1,2,2026-03-15,329.55
940,4,2026-03-26,328.1
2,2,2026-01-02,280.0
258,38,2026-03-19,194.89
1,1,2026-05-26,120.17
1,3,2026-07-08,108.58
54,7,2026-07-11,355.63
5,1,2026-04-22,324.53
1,4,2026-06-15,470.16
1,87,2026-03-22,201.76
10,1,2026-04-25,313.91
54,57,2026-07-09,130.3
1,6,2026-07-07,334.97
4,9,2026-08-05,154.35
1,1,2026-08-12,314.63
30,1,2026-05-21,271.38
1882,393,2026-06-03,5.22
27,3,2026-02-15,74.54
6,1,2026-08-06,253.19
65,2,2026-06-08,192.22
1,23,2026-04-27,489.38
2,367,2026-04-01,58.09
191,3,2026-07-20,78.75
2,2,2026-06-03,464.23
1,1,2026-01-02,390.78
18,37,2026-08-28,444.8
778,1,2026-01-03,342.64
61,70,2026-01-23,231.53
1,51,2026-06-19,480.2
1,1,2026-05-28,249.57
8,3,2026-04-01,74.6
99,1,2026-08-01,438.4
11,11,2026-02-06,149.42
2669,1,2026-07-06,214.24
1,435,2026-07-02,115.49
10,8,2026-05-06,268.01
8,1856,2026-08-23,17.39
6,3,2026-03-12,478.21
3,46,2026-08-11,7.6
1,8,2026-05-02,188.6
1231,1,2026-05-07,373.98
3,3,2026-05-11,224.08
3,7,2026-02-13,223.01
286,1,2026-01-26,388.34
4,3,2026-04-08,238.88
25,296,2026-01-19,306.62
12,3,2026-02-05,475.78
4,1,2026-01-13,134.37
1,1,2026-05-01,90.32
1,1,2026-07-20,95.24
1,6,2026-08-03,467.47
11,3,2026-04-19,28.24
534,5,2026-08-21,219.46
179,3,2026-08-23,57.37
34,4,2026-07-01,439.06
33,1,2026-02-02,34.82
1,1,2026-01-26,74.51
7,1,2026-08-28,287.88
5,4,2026-08-01,465.59
1,9,2026-04-09,499.58
1,9,2026-03-22,38.49
1,1,2026-01-04,180.85
27,1,2026-07-02,150.4
35,1,2026-02-21,15.3
1,138,2026-03-01,182.37
14,10,2026-04-27,84.21
1,2,2026-05-02,437.3
1791,1,2026-03-26,111.36
123,3,2026-01-14,32.88
16,1762,2026-07-01,202.83
1312,2,2026-07-22,160.79
90,8,2026-05-01,155.01
10,203,2026-01-19,308.63
1,1,2026-08-16,291.3
16,5,2026-06-02,469.21
5,319,2026-01-05,359.69
24,64,2026-06-05,384.27
1,11,2026-04-22,263.45
15,252,2026-07-07,285.46
1,1,2026-05-19,260.03
7,6,2026-01-26,404.85
2,21,2026-05-03,375.42
2,2,2026-07-09,277.62
2,4,2026-06-11,240.95
2045,1,2026-03-28,304.14
1,15,2026-01-16,187.81
2,1250,2026-05-25,391.95
6,15,2026-05-21,200.31
1,3,2026-01-25,485.94
3,2,2026-04-26,205.93
1,53,2026-07-12,495.45
1,1,2026-08-28,296.44
1,3,2026-08-14,237.26
1,134,2026-08-13,165.02
3,55,2026-05-18,392.97
13,2,2026-02-20,318.92
1,4,2026-02-26,274.72
1,7,2026-07-12,392.9
1,1,2026-05-19,105.81
17,2763,2026-07-08,351.05
3,788,2026-06-04,106.69
23,1,2026-01-26,352.3
7,297,2026-01-21,353.08
197,6,2026-07-24,361.58
20,8,2026-04-28,499.76
56,6,2026-04-22,421.01
1,1,2026-05-25,263.66
18,41,2026-07-27,417.15
1,3,2026-01-25,337.92
5,1,2026-04-20,100.19
1031,4,2026-03-22,387.26
7,32,2026-08-27,199.48
13,1,2026-03-06,238.85
2,89,2026-06-27,240.36
1,2,2026-01-26,367.56
4,1,2026-01-08,125.85
1,2,2026-01-14,128.93
5,1,2026-03-18,495.49
4,1,2026-08-20,68.84
9,1,2026-08-08,37.61
1,1,2026-07-21,134.38
194,10,2026-06-24,307.18
15,135,2026-04-14,198.8
1,1,2026-07-20,383.85
2,211,2026-01-23,121.2
1,72,2026-07-22,71.69
322,1,2026-02-23,145.59
1,5,2026-03-20,108.81
86,3,2026-07-19,198.62
1,3,2026-04-07,202.35
34,6,2026-04-11,37.11
3,22,2026-05-24,198.84
9,2,2026-06-22,60.26
1,3,2026-07-25,182.44
1,11,2026-04-19,354.71
1,2,2026-07-05,70.24
1,152,2026-07-10,239.76
5,52,2026-03-03,213.59
24,1,2026-03-25,147.13
2,14,2026-04-04,468.96
2,2,2026-04-10,341.57
46,127,2026-03-15,128.73
3,1,2026-05-21,364.78
37,3,2026-03-15,83.45
115,1,2026-05-03,284.43
1,83,2026-03-13,103.89
2,1,2026-05-05,474.53
9,87,2026-04-04,464.1
59,16,2026-01-20,154.55
2354,21,2026-04-01,186.82
3,1,2026-07-02,354.27
1,5,2026-07-22,100.48
1377,2,2026-05-12,147.68
2,1823,2026-04-22,172.15
1,1,2026-02-10,411.9
3,6,2026-07-01,409.54
2,3,2026-01-17,307.65
1719,7,2026-03-09,464.17
2,7,2026-06-22,266.74
8,2,2026-06-27,314.18
3,1,2026-02-01,236.35
1905,16,2026-04-26,136.21
2,56,2026-01-26,334.58
10,2,2026-05-25,287.45
2,1340,2026-02-23,356.89
1,513,2026-05-08,378.78
1,56,2026-03-15,342.69
2,6,2026-03-25,457.2
98,1,2026-06-13,121.99
96,109,2026-06-17,464.75
5,2,2026-02-27,250.98
20,1,2026-07-19,119.09
6,5,2026-08-27,109.34
4,86,2026-04-18,257.27
93,1,2026-07-18,149.56
4,1,2026-08-02,206.92
20,2,2026-01-26,126.13
177,1,2026-04-26,132.39
6,1,2026-05-03,369.43
2006,6,2026-08-20,348.14
1,4,2026-07-10,213.17
3,1,2026-08-19,497.05
23,40,2026-02-15,52.12
3,169,2026-02-04,188.3
2,1,2026-07-08,254.55
1,2,2026-07-25,128.33
10,26,2026-05-21,27.89
1,8,2026-01-19,346.69
4,16,2026-01-05,408.85
5,5,2026-04-25,269.6
1,1,2026-04-25,253.15
7,4,2026-05-01,352.39
66,1,2026-06-25,72.68
1,1,2026-02-02,442.24
5,8,2026-02-18,251.36
3647,13,2026-04-20,331.65
5,6,2026-04-15,414.29
5,40,2026-07-09,287.33
1,2,2026-05-07,356.53
8,154,2026-06-02,391.46
14,1,2026-05-07,9.36
2,1,2026-04-06,23.96
1,1,2026-05-04,49.1
3,1,2026-03-23,446.64
15,44,2026-05-05,198.15
7,1,2026-06-09,276.01
1,9,2026-06-16,365.2
5,7,2026-04-13,149.86
13,1,2026-05-09,100.84
1,2,2026-03-09,340.24
1,31,2026-03-03,439.99
46,171,2026-07-07,290.96
15,17,2026-01-26,30.7
1,1,2026-02-18,384.4
1,1132,2026-02-03,249.04
6,13,2026-04-14,454.76
7,296,2026-05-22,18.68
1,7,2026-07-23,176.83
177,19,2026-01-25,485.85
6,60,2026-01-24,23.27
3,1,2026-08-15,468.85
1,1,2026-01-02,404.84
1225,1,2026-01-02,456.28
1,3,2026-02-23,484.92
800,25,2026-07-16,105.4
1585,17,2026-03-19,99.36
3,3,2026-03-25,474.29
7,3,2026-02-22,221.82
33,13,2026-07-06,386.0
5,1915,2026-05-18,352.65
1002,1,2026-02-05,219.73
7,36,2026-07-12,305.17
12,1,2026-01-10,312.12
5098,2,2026-05-12,224.17
1136,3,2026-05-19,343.06
1,1,2026-07-15,242.38
246,318,2026-02-15,102.17
38,9,2026-06-22,408.0
3726,5,2026-07-27,233.01
4,16,2026-08-01,455.11
353,1,2026-05-15,202.6
4,1,2026-04-10,412.86
3,6,2026-06-06,84.22
1,3,2026-07-16,477.7
2,27,2026-02-27,287.33
2,4,2026-05-19,262.16
11,5,2026-08-07,287.34
32,1,2026-04-25,53.9
100,131,2026-04-13,124.55
1,1,2026-05-15,322.93
3,895,2026-01-08,242.23
2594,1,2026-06-25,340.05
1421,4,2026-08-01,239.79
4,10,2026-08-08,303.72
5,1,2026-08-26,83.02
2,1,2026-07-06,121.85
21,1,2026-02-24,168.57
2,1,2026-06-19,171.76
2,3,2026-06-08,407.69
2,6,2026-02-24,174.9
1,1337,2026-05-06,417.24
29,1,2026-05-22,399.08
1,43,2026-06-27,453.85
1,615,2026-02-18,172.97
3,1,2026-04-21,178.14
67,11,2026-05-28,262.17
28,1,2026-07-08,120.12
160,8,2026-06-04,273.82
2,4,2026-03-14,457.01
9,1,2026-05-03,83.94
4,1,2026-02-16,438.25
4,31,2026-03-11,71.13
1,1,2026-05-25,168.22
1,3,2026-05-03,456.71
641,1,2026-05-06,70.9
10,23,2026-07-27,391.49
22,5,2026-08-01,62.3
1,2,2026-08-01,495.72
3,10,2026-07-09,145.48
2,9,2026-08-26,209.06
1,1,2026-05-23,9.14
2,437,2026-05-25,124.27
55,13,2026-04-11,13.46
1,127,2026-04-02,148.98
8,1,2026-07-16,320.4
1,9,2026-07-18,226.42
1,2,2026-08-24,312.49
3,9,2026-06-25,65.94
4,2,2026-03-06,269.39
4,1,2026-05-04,426.09
81,1,2026-01-16,340.21
21,84,2026-05-06,391.08
8,1,2026-03-23,247.57
11,3,2026-03-23,52.06
1,1,2026-03-16,273.45
1,3,2026-02-26,332.22
1,1,2026-03-09,99.81
12,6,2026-03-21,20.86
1,2,2026-03-28,134.87
2,71,2026-07-08,322.25
4,438,2026-04-03,317.45
2,6,2026-01-28,190.64
65,11,2026-02-22,397.55
23,45,2026-06-05,72.25
2,2,2026-03-04,54.75
10,7,2026-06-07,351.6
1,9,2026-02-11,301.62
3943,7,2026-05-13,264.36
5876,3,2026-05-28,268.52
875,10,2026-06-02,54.95
2,1,2026-06-11,470.17
4,57,2026-04-14,201.21
4,6,2026-05-22,181.26
1,52,2026-07-20,88.65
5448,6,2026-07-14,378.64
28,5,2026-02-04,483.39
3,1,2026-05-20,316.89
96,427,2026-03-17,411.3
37,93,2026-08-04,188.04
956,1,2026-07-01,77.6
9,2,2026-05-04,10.41
10,8,2026-06-27,175.58
7,23,2026-03-20,434.45
1,3,2026-06-09,96.18
32,1,2026-08-22,220.25
4,30,2026-01-15,352.51
1,43,2026-06-12,464.26
3,1,2026-08-01,123.72
1,7,2026-06-04,425.9
14,3,2026-08-16,169.08
14,238,2026-08-07,365.86
5,3,2026-02-09,394.41
33,2,2026-06-02,7.43
1,6,2026-07-11,387.58
16,1,2026-06-27,231.99
5,30,2026-02-01,496.21
1,1,2026-08-10,331.42
204,18,2026-04-26,166.34
1,5,2026-01-13,360.12
1,17,2026-01-16,95.11
1,5,2026-06-06,389.37
1,1,2026-04-25,430.84
1,1,2026-03-27,92.68
22,3,2026-04-23,447.62
58,1,2026-08-26,281.41
2,2,2026-08-24,85.61
56,1,2026-06-10,139.34
240,1,2026-05-15,77.01
2,2,2026-04-02,430.58
1,13,2026-04-15,127.97
6,4,2026-03-11,232.41
1,44,2026-01-07,276.49
4,1,2026-07-16,333.3
1,9,2026-03-12,345.97
1,1,2026-04-16,19.38
3,2,2026-01-21,11.33
5,3,2026-01-22,6.23
1157,1,2026-01-04,190.0
9,1,2026-07-08,265.55
5,30,2026-05-12,47.35
4,1,2026-03-06,16.34
448,3,2026-04-22,84.56
1,1,2026-06-06,372.01
5,2429,2026-01-11,333.88
16,8,2026-01-14,73.71
1,13,2026-06-16,398.61
17,148,2026-03-16,226.11
1,27,2026-05-16,198.34
180,5,2026-02-23,43.71
2,1,2026-01-04,440.62
11,7,2026-03-28,225.66
1,828,2026-03-08,321.53
1,1,2026-02-14,150.92
3,4,2026-06-16,120.4
3,3,2026-06-09,33.73
1,1,2026-08-22,413.33
2,20,2026-06-27,437.15
37,2,2026-03-07,361.58
1,19,2026-08-27,238.12
6,3,2026-02-28,75.71
1,1,2026-05-13,225.56
1,464,2026-05-07,141.02
181,9,2026-02-04,214.52
2,1,2026-01-09,363.71
1639,1,2026-01-02,382.17
5,234,2026-08-26,312.46
13,3,2026-03-18,319.63
177,23,2026-05-15,357.19
9,24,2026-08-28,408.51
1,1898,2026-02-07,308.42
6,1,2026-02-05,168.42
44,26,2026-03-14,211.72
1,1,2026-04-25,70.75
33,7,2026-06-01,473.51
721,2,2026-01-04,63.22
3,17,2026-06-10,116.91
1,1,2026-04-28,243.62
22,1,2026-08-07,205.38
3,3,2026-06-22,471.96
3,1,2026-07-21,20.74
37,1,2026-07-15,178.3
7,4,2026-08-15,440.72
4,5,2026-07-23,331.67
3,2,2026-01-06,360.84
10,86,2026-04-26,108.92
4,17,2026-06-14,143.38
40,15,2026-04-04,28.34
32,300,2026-04-04,438.13
2,1,2026-08-27,37.39
1,1,2026-07-01,203.9
1,11,2026-06-11,53.95
10,2,2026-05-10,219.96
49,1,2026-06-10,218.4
1,1,2026-07-19,207.48
314,1,2026-08-18,361.29
1,53,2026-01-07,306.29
6,2,2026-04-18,434.67
68,1,2026-05-19,93.07
9,6,2026-05-08,276.34
2105,5,2026-05-08,224.68
5654,13,2026-07-27,197.68
7,2,2026-07-14,41.03
1,6,2026-01-01,82.5
2,41,2026-05-08,232.1
3,292,2026-05-27,436.15
3362,1,2026-02-18,212.98
5,69,2026-03-15,269.21
9,5,2026-07-17,375.64
10,19,2026-07-06,201.02
1222,6,2026-03-28,268.7
1,20,2026-07-08,94.3
11,164,2026-02-05,266.97
18,1,2026-06-06,346.55
1,34,2026-08-12,385.86
7,20,2026-06-14,16.02
1,1,2026-03-14,143.6
2,33,2026-06-17,54.59
1,46,2026-02-10,74.45
1,9,2026-03-11,206.66
13,1,2026-01-15,414.17
2,2641,2026-07-08,167.62
3,5,2026-07-09,329.17
5,4,2026-03-23,384.2
1,5,2026-04-28,266.26
302,12,2026-06-17,322.56
12,2,2026-04-24,57.71
1,24,2026-04-22,289.46
11,123,2026-02-01,332.9
1,1,2026-01-26,499.84
458,8,2026-06-20,280.35
48,62,2026-04-07,276.95
5,31,2026-03-28,184.04
1,4,2026-08-13,414.08
129,3,2026-02-12,160.3
2,2,2026-04-11,30.02
23,5,2026-03-23,498.42
1,1,2026-06-16,344.51
129,1,2026-05-10,196.09
1,492,2026-04-27,413.76
39,6,2026-06-17,395.83
1,19,2026-07-27,456.19
3,42,2026-03-16,171.89
22,38,2026-07-25,208.38
78,1,2026-06-17,365.05
20,1,2026-06-25,477.9
8,3,2026-06-20,186.71
4193,435,2026-04-01,114.1
41,73,2026-08-02,449.0
4,1,2026-08-13,490.44
17,5,2026-07-18,185.58
1,805,2026-05-12,389.19
1530,37,2026-08-11,306.75
1,1,2026-05-12,90.37
1,11,2026-06-02,158.79
2,1,2026-07-14,72.02
1,109,2026-01-09,195.27
5,18,2026-06-08,111.05
5,3,2026-08-20,215.89
9,1,2026-03-27,114.61
2,3,2026-07-19,26.47
9,5,2026-01-25,422.87
75,372,2026-03-07,437.29
175,90,2026-05-12,487.78
2,2,2026-03-05,402.59
117,3,2026-03-28,158.14
2,2,2026-05-24,310.01
1,29,2026-08-09,315.56
19,1,2026-01-01,288.86
1,1,2026-03-03,283.71
1,108,2026-01-23,329.54
3,962,2026-06-10,258.87
7,174,2026-05-04,20.79
1,42,2026-04-16,280.54
14,1,2026-08-23,364.41
1,5,2026-04-19,120.04
72,2,2026-02-21,288.8
1,1,2026-08-15,460.57
2,1,2026-06-06,212.48
7,2,2026-04-25,325.17
9,3,2026-05-21,417.85
19,1,2026-07-09,92.11
194,30,2026-01-04,139.93
10,6,2026-08-03,294.51
2,1,2026-06-22,137.44
49,8,2026-07-11,435.79
3,2,2026-01-26,286.3
5,1500,2026-07-08,440.84
114,45,2026-04-12,478.62
554,5,2026-05-08,49.23
1,142,2026-08-13,459.0
1,1,2026-04-02,440.6
146,719,2026-01-05,169.79
24,1,2026-06-07,184.83
77,4,2026-03-13,403.06
25,3,2026-01-07,451.07
1,10,2026-06-02,44.69
1851,32,2026-05-17,81.31
1,10,2026-07-06,80.41
1,3,2026-04-24,106.45
1,370,2026-04-09,164.38
1,8,2026-01-26,248.06
4,1,2026-07-28,75.22
2,1,2026-05-12,457.04
4,21,2026-06-10,325.56
3,3,2026-02-18,187.37
2,2,2026-05-07,53.23
1,1,2026-06-08,380.57
116,1,2026-03-09,323.1
1,4,2026-03-04,262.22
13,4,2026-08-19,289.32
2,3,2026-08-16,268.64
57,106,2026-06-07,484.4
137,2,2026-05-27,279.14
1,3,2026-07-27,204.31
2,4,2026-08-17,328.75
4,30,2026-02-15,199.87
4,1,2026-05-21,309.35
1,742,2026-06-10,189.09
1,2,2026-08-17,229.99
1,2,2026-06-26,335.8
8,1,2026-05-22,411.98
4,1,2026-01-23,493.74
1,12,2026-06-25,118.0
1,3,2026-04-05,35.99
15,10,2026-02-05,435.12
2,2,2026-02-09,471.21
1,156,2026-05-23,481.54
5,83,2026-04-09,491.94
1191,1,2026-01-17,85.54
4,17,2026-07-19,131.7
286,36,2026-06-12,328.2
2,246,2026-08-21,220.96
1,1,2026-02-02,388.19
57,19,2026-01-08,221.99
25,69,2026-02-09,354.11
1,2,2026-01-28,487.28
2,1,2026-08-01,250.27
218,7,2026-05-02,418.98
39,32,2026-02-23,188.16
28,48,2026-07-15,157.79
1,1,2026-06-02,432.5
22,1,2026-08-24,73.75
42,1,2026-03-16,117.74
5,1,2026-02-07,48.01
96,3,2026-07-25,347.3
3,3,2026-06-12,346.27
4,31,2026-02-15,8.64
16,5,2026-03-24,115.88
13,20,2026-01-06,235.01
427,1,2026-04-08,225.09
21,16,2026-08-01,68.96
7,168,2026-06-10,114.34
1,66,2026-05-08,109.01
5,16,2026-07-13,328.82
3,5,2026-01-05,177.43
8,1,2026-03-26,215.39
10,3,2026-03-14,35.44
10,12,2026-08-22,441.08
2,2,2026-03-03,36.34
3,3,2026-01-19,96.34
1,1,2026-03-13,496.85
2,2,2026-01-18,65.53
402,1,2026-06-19,401.11
5,31,2026-03-01,415.28
1,1,2026-03-01,247.99
2,2,2026-04-15,50.75
17,2,2026-01-07,486.84
3,1,2026-03-07,321.97
20,36,2026-04-01,485.26
9,2,2026-07-01,228.58
91,26,2026-01-07,386.55
21,24,2026-02-22,311.78
7,3,2026-02-14,495.87
60,2,2026-06-11,201.81
321,3,2026-08-17,455.3
1,2,2026-02-09,213.85
5,2,2026-05-26,271.8
53,4,2026-06-22,16.62
1,3,2026-04-19,333.22
1,129,2026-07-22,375.34
4,445,2026-02-11,437.73
14,1,2026-03-20,143.07
66,1,2026-03-06,458.31
12,18,2026-05-03,453.33
7,47,2026-08-10,472.7
146,19,2026-05-20,92.37
65,2,2026-03-26,322.1
42,10,2026-05-16,196.55
205,114,2026-02-07,473.6
34,342,2026-02-16,289.24
4,2,2026-02-27,468.31
8,13,2026-01-27,483.98
2,504,2026-08-11,80.59
1,1,2026-08-02,94.44
336,10,2026-07-03,316.32
3,4,2026-06-09,66.03
1,14,2026-02-24,7.56
1,2,2026-08-14,106.18
143,2,2026-02-09,492.16
7,1,2026-02-21,159.33
1,126,2026-01-27,289.36
45,32,2026-07-22,450.94
1,10,2026-04-03,394.91
1,2028,2026-05-05,349.5
1695,1,2026-07-19,252.62
2,4,2026-08-07,394.46
1,125,2026-03-03,62.19
13,1,2026-01-17,313.41
2277,1,2026-06-05,62.12
24,168,2026-05-07,107.94
7,347,2026-01-10,344.76
353,1,2026-06-02,198.57
9,2,2026-06-24,104.37
2,38,2026-03-03,33.33
2,1,2026-05-21,250.59
93,112,2026-03-20,7.65
4,43,2026-03-25,286.73
3,12,2026-07-14,243.72
2,125,2026-06-12,299.56
1,6,2026-08-22,205.42
8,2,2026-08-15,165.1
1,4,2026-06-23,215.99
91,8,2026-04-05,151.48
2,4,2026-06-05,257.52
1,3,2026-04-09,122.62
7,2675,2026-03-20,355.69
1,5,2026-04-21,140.42
25,11,2026-05-05,421.07
3,1,2026-01-26,188.77
2,28,2026-07-25,159.07
856,1,2026-08-09,425.11
24,15,2026-06-14,400.08
1,1,2026-02-22,479.86
23,2,2026-05-07,8.62
2,12,2026-01-21,46.48
260,3,2026-02-17,302.0
4,157,2026-08-05,377.51
1,7,2026-05-19,235.47
2,61,2026-08-23,199.33
63,39,2026-07-06,107.22
163,6,2026-05-27,225.94
29,13,2026-07-15,87.2
5,1,2026-01-01,267.24
1,1,2026-02-18,478.97
69,8,2026-01-20,433.06
117,3,2026-01-26,275.78
2,3,2026-07-22,169.91
161,13,2026-08-04,446.34
1,1,2026-01-11,379.48
3,3,2026-01-14,191.87
1,2,2026-06-01,418.65
1,121,2026-03-27,482.6
1,7,2026-04-17,437.97
108,1,2026-05-25,467.58
15,17,2026-08-09,289.73
7,1,2026-07-15,152.81
3,2353,2026-01-23,315.99
2,1,2026-03-18,499.69
6,29,2026-04-14,160.91
17,1,2026-03-05,249.77
2,43,2026-02-11,38.57
5,1,2026-01-16,495.78
3,1,2026-07-24,248.43
1,2,2026-04-01,115.15
1,1,2026-07-21,254.59
320,4,2026-07-16,322.15
3,2,2026-07-04,171.58
1,5,2026-06-19,379.96
6,2,2026-01-26,67.75
2,12,2026-03-20,43.49
5,1,2026-04-23,266.59
637,87,2026-06-08,306.04
16,1406,2026-08-17,309.61
1,8,2026-06-04,53.17
4,3,2026-07-28,265.12
2,1,2026-04-08,473.8
2,85,2026-08-23,102.17
1063,54,2026-08-18,304.82
17,2,2026-04-03,315.67
2,12,2026-05-28,24.26
45,47,2026-01-27,343.54
303,97,2026-04-09,391.85
1,2,2026-05-23,264.3
1,1,2026-03-26,379.54
2,7,2026-06-22,476.37
107,20,2026-04-03,46.39
14,2,2026-06-04,27.73
303,2,2026-06-12,492.79
1,20,2026-03-11,101.33
1,36,2026-04-18,12.55
7,5,2026-02-14,211.39
3,2,2026-06-14,475.68
19,17,2026-02-15,251.01
17,3,2026-04-16,258.13
84,8,2026-02-13,246.74
206,3,2026-06-26,415.44
2,82,2026-02-22,279.25
7,40,2026-06-23,52.96
1,49,2026-04-18,356.1
2,28,2026-01-27,156.04
1,1,2026-06-10,153.21
1,176,2026-03-04,352.62
7,432,2026-08-03,316.47
75,1,2026-06-09,116.19
39,8,2026-03-20,63.28
115,1,2026-02-20,27.57
277,4,2026-01-20,384.77
15,1,2026-01-01,312.95
7,13,2026-04-07,438.06
3,7,2026-05-10,433.69
4,2,2026-05-22,39.97
5,49,2026-04-23,355.68
5,27,2026-05-19,443.81
5,1,2026-03-02,499.17
413,217,2026-02-25,164.4
1,403,2026-06-04,76.88
114,5,2026-06-16,350.28
1,5,2026-05-10,118.18
14,4,2026-01-22,269.49
31,50,2026-01-10,153.15
3,6,2026-03-16,168.28
1,46,2026-05-12,111.79
2048,1,2026-06-22,364.38
1,4,2026-01-19,496.62
1,5,2026-06-23,256.23
1,2,2026-08-23,242.57
3,20,2026-04-22,58.27
1,6,2026-02-07,66.08
1,5,2026-05-05,162.66
5,14,2026-02-07,385.49
6,2,2026-01-20,498.43
5,5,2026-02-10,131.78
4,40,2026-01-08,406.53
5,2728,2026-03-19,338.79
1,2,2026-05-25,156.69
2,4,2026-05-24,221.02
3,23,2026-01-13,120.03
20,78,2026-01-03,49.19
5,2,2026-08-02,368.82
1,161,2026-01-14,239.19
8,1,2026-07-28,15.51
353,2,2026-07-12,116.2
8,169,2026-06-19,459.58
5,10,2026-05-19,348.24
1,1,2026-05-23,426.35
53,2,2026-07-04,336.19
65,3,2026-05-26,81.93
12,91,2026-07-02,198.79
244,2,2026-03-02,115.08
25,3,2026-04-09,286.22
1291,282,2026-07-18,290.32
142,1,2026-04-24,304.91
1,2,2026-06-07,133.54
44,1,2026-05-16,372.63
37,770,2026-01-05,21.18
4,23,2026-04-13,309.77
12,2,2026-02-12,169.4
439,2,2026-04-07,116.62
7,2,2026-05-11,237.55
52,1,2026-05-14,440.58
142,1,2026-06-24,323.01
19,1,2026-07-02,405.4
26,3,2026-06-24,330.41
1945,10,2026-08-01,488.91
6,2,2026-04-22,179.14
33,1,2026-08-07,97.86
2,8,2026-01-15,11.94
14,1,2026-08-03,460.89
2,29,2026-03-14,236.82
2,1,2026-07-08,476.49
323,1,2026-06-15,151.95
1,3,2026-08-03,264.4
596,5,2026-05-10,441.21
448,1,2026-04-05,218.01
3,2,2026-02-03,20.47
2,1,2026-02-04,231.38
1,1,2026-02-20,389.34
364,1,2026-05-17,273.0
1,181,2026-01-26,86.61
34,8,2026-03-27,10.41
20,6,2026-05-03,439.73
2,4,2026-06-05,391.0
34,1,2026-02-12,138.93
1,41,2026-06-07,140.35
7,3,2026-07-13,261.86
1,60,2026-06-22,359.98
5,3,2026-03-23,153.69
1,26,2026-07-10,349.06
14,3,2026-06-06,220.48
3,1,2026-04-04,455.17
1,1,2026-02-13,55.44
1,118,2026-03-23,89.46
6,1744,2026-01-08,328.02
2,3,2026-06-28,138.33
2013,20,2026-06-18,186.65
1088,1,2026-08-12,224.13
10,2,2026-04-27,376.91
1,4,2026-05-19,18.87
4,2,2026-04-25,471.3
1,11,2026-05-12,281.23
1,86,2026-06-20,218.62
1,1,2026-05-10,313.09
17,1,2026-08-26,286.85
1,6,2026-06-26,314.33
76,8,2026-07-02,300.28
2,1,2026-02-19,350.41
1,1,2026-06-16,49.61
23,4,2026-05-11,181.13
21,1,2026-08-03,325.07
354,3,2026-04-12,162.73
1,8,2026-02-20,428.4
34,2,2026-01-23,244.02
3,3,2026-02-27,429.12
1,31,2026-05-03,132.71
1,2,2026-08-01,396.37
877,1526,2026-02-17,65.33
268,314,2026-01-23,56.96
1,191,2026-06-02,202.06
23,560,2026-04-02,285.65
5,16,2026-01-19,194.87
52,1,2026-05-27,265.06
1,3,2026-02-05,240.83
4,11,2026-08-06,301.68
35,1,2026-01-11,57.54
6,11,2026-04-07,369.09
5,83,2026-04-09,25.93
1,3,2026-06-25,371.42
1,2,2026-06-27,488.75
2,5,2026-01-21,45.94
37,4,2026-03-13,419.18
1,84,2026-03-25,402.98
1,3,2026-01-21,252.52
4,1,2026-06-20,65.32
5,11,2026-03-19,209.76
20,1221,2026-03-13,309.77
4711,27,2026-05-08,93.18
96,20,2026-08-25,472.89
3,1,2026-08-25,396.83
2,5,2026-02-02,426.41
1,7,2026-02-02,232.74
1,2,2026-05-13,392.0
8,4,2026-01-13,481.51
2,2,2026-01-16,342.37
1,1,2026-03-10,168.44
141,20,2026-06-11,153.43
4,3,2026-04-01,43.34
3,3,2026-06-08,310.67
35,2,2026-03-28,276.01
3,2,2026-04-26,100.0
1,219,2026-04-14,390.02
5,2,2026-04-09,356.94
4,1,2026-04-11,402.24
15,1,2026-03-20,485.39
3,84,2026-05-25,499.26
2,1,2026-06-02,201.94
2,133,2026-03-20,59.77
1,561,2026-01-01,216.12
3,1,2026-05-16,228.93
1,15,2026-06-15,185.69
23,23,2026-02-15,100.41
1,64,2026-01-05,227.8
2,1776,2026-03-07,110.65
5,4,2026-04-19,46.31
12,1,2026-03-19,183.66
1,1,2026-04-10,126.05
2,2,2026-08-01,491.78
1,4,2026-05-11,155.76
1,2,2026-03-27,398.61
2,2,2026-06-23,45.57
1,1,2026-01-14,252.61
33,2,2026-03-11,49.59
1,385,2026-06-22,264.91
7,171,2026-08-14,389.39
6,3,2026-01-24,257.59
9,13,2026-08-03,195.78
1,1,2026-01-20,6.45
56,1,2026-06-01,266.45
4,125,2026-04-07,365.66
20,101,2026-01-02,225.38
54,30,2026-07-24,153.64
11,9,2026-05-16,294.31
1,23,2026-06-26,96.3
5,1,2026-04-01,440.19
326,1,2026-02-12,124.22
7,3,2026-04-17,187.47
3,1382,2026-06-10,432.91
2270,2,2026-07-19,440.56
2,321,2026-02-06,498.86
36,27,2026-06-25,474.09
56,14,2026-05-28,171.01
5,7,2026-06-18,361.86
11,2,2026-08-16,19.01
77,6,2026-03-23,109.69
4055,1281,2026-01-25,486.35
1,3,2026-02-01,108.9
91,39,2026-06-17,95.11
66,8,2026-02-23,351.22
17,43,2026-08-23,391.54
24,17,2026-07-15,117.57
339,1,2026-03-28,492.93
1,2,2026-08-22,431.28
31,8,2026-08-12,453.39
1,1,2026-03-03,80.71
9,1,2026-01-20,236.67
3,3,2026-08-27,232.44
3,1,2026-03-06,434.94
33,6,2026-08-26,204.78
89,625,2026-02-17,368.95
1,354,2026-05-10,442.91
1,11,2026-06-25,34.5
2154,1060,2026-02-03,490.17
237,10,2026-01-17,112.96
6,729,2026-08-21,284.93
5,1,2026-06-15,318.35
3,6,2026-06-01,426.44
1,8,2026-07-06,83.57
1328,2,2026-04-08,235.36
4,9,2026-07-01,400.34
40,1,2026-01-11,34.2
31,35,2026-04-20,469.18
1,2,2026-03-09,377.7
1,6,2026-07-23,427.21
445,1,2026-08-26,309.75
2,3,2026-04-08,83.64
12,2,2026-07-15,490.82
9,21,2026-04-04,200.03
216,3,2026-07-15,56.84
2,4,2026-08-12,414.52
2,13,2026-06-20,20.87
2,1,2026-03-24,110.0
2,5,2026-02-19,156.39
2,37,2026-01-06,291.55
13,4,2026-04-09,233.37
1,1,2026-02-24,334.72
1,1,2026-03-08,141.03
7,8,2026-02-08,219.21
3,2,2026-02-21,83.28
2,15,2026-02-13,299.43
2,55,2026-07-15,66.19
2,4,2026-01-26,482.68
1,1,2026-01-04,16.75
4,8,2026-01-27,251.44
3,5,2026-04-08,239.39
134,410,2026-02-25,447.24
1,166,2026-06-24,272.51
2,1,2026-07-03,110.72
4,1,2026-07-12,180.44
11,10,2026-03-13,470.58
270,1,2026-06-27,102.97
15,17,2026-04-20,197.29
13,236,2026-05-15,422.21
7,2,2026-05-22,167.77
1,1,2026-04-15,371.37
50,1,2026-02-24,224.86
443,15,2026-05-06,69.55
1,116,2026-03-18,310.52
1738,7,2026-03-28,483.48
16,18,2026-01-26,362.45
1,2,2026-05-03,397.95
1,2,2026-04-02,333.21
1,30,2026-02-01,16.96
221,1,2026-08-20,237.19
1,3,2026-05-12,334.75
1,25,2026-07-13,164.74
5,2,2026-07-01,121.65
7,3,2026-05-13,378.34
1,1,2026-01-15,12.42
1,1,2026-04-25,307.61
3,10,2026-01-06,164.24
109,1,2026-01-04,230.1
105,170,2026-02-04,426.28
1,1,2026-03-02,353.54
15,4,2026-03-26,9.3
115,5,2026-02-26,9.55
1,2,2026-04-18,55.38
191,21,2026-07-19,193.97
147,18,2026-01-24,198.09
10,1,2026-08-26,102.25
1319,426,2026-05-21,277.0
3,106,2026-02-05,216.06
323,3,2026-02-16,463.41
1,2,2026-03-21,449.01
4,12,2026-04-14,157.08
1,5,2026-05-09,231.38
317,5,2026-01-26,454.82
8,1,2026-02-10,107.27
11,491,2026-03-21,404.57
8,3,2026-02-15,486.03
1,61,2026-06-17,320.36
16,3,2026-01-10,34.8
524,1,2026-08-13,357.12
2100,1,2026-08-23,223.58
3,3,2026-06-09,104.39
7,6,2026-07-27,309.61
37,79,2026-04-20,50.27
1551,24,2026-07-07,383.82
1,31,2026-08-27,492.34
6,1,2026-08-24,157.82
9,18,2026-05-08,495.42
12,914,2026-04-17,194.79
23,1,2026-03-03,206.98
3,8,2026-07-27,264.7
2,3,2026-05-12,418.79
1,271,2026-02-01,196.65
3,2,2026-01-20,468.76
418,5,2026-06-01,109.19
1,2,2026-05-09,332.42
4,1,2026-01-14,212.19
12,2,2026-04-27,396.27
397,18,2026-01-23,121.23
10,3,2026-01-18,405.91
1,1,2026-04-04,426.1
1,183,2026-08-21,167.63
1,2,2026-08-18,112.89
97,372,2026-03-14,106.42
76,3,2026-03-23,240.47
509,400,2026-01-16,45.45
4,88,2026-02-02,29.44
36,2,2026-01-12,323.91
7,2,2026-05-03,11.51
1,1,2026-08-18,161.05
25,4,2026-04-12,319.84
1,10,2026-06-03,26.37
7,1,2026-05-16,322.03
1,1,2026-06-18,205.21
2,5,2026-02-14,338.74
16,1,2026-07-09,78.98
1,1,2026-04-17,58.23
149,1,2026-08-26,497.62
2,658,2026-08-22,212.28
1,3,2026-06-21,457.96
3616,1,2026-06-03,411.05
2620,5,2026-02-21,378.22
83,2,2026-06-15,262.32
1,21,2026-04-20,208.73
3,1,2026-03-17,448.49
8,30,2026-03-24,387.43
2,3,2026-02-08,217.96
1,1,2026-05-14,497.72
103,11,2026-07-17,150.72
63,1,2026-04-08,234.61
5,60,2026-04-15,144.13
1,2,2026-07-04,385.5
1,12,2026-05-04,320.78
7,1,2026-07-25,494.73
13,41,2026-03-02,408.17
3,1,2026-08-06,371.54
1,3,2026-01-20,466.73
2,11,2026-08-18,339.82
7,152,2026-01-19,163.25
277,1,2026-03-12,374.97
1,115,2026-05-23,182.79
1,8,2026-08-04,181.54
10,22,2026-08-03,413.65
6,2,2026-03-13,101.02
4,1,2026-02-04,259.57
2,5,2026-01-19,201.66
1,2,2026-06-02,472.37
1,3,2026-05-27,306.03
1,4,2026-06-16,315.37
9,1,2026-02-18,79.97
7,2721,2026-05-02,381.53
1,1,2026-03-24,348.6
2,4,2026-06-15,237.49
1,1,2026-06-11,432.49
3,12,2026-08-27,179.47
10,2,2026-04-27,137.57
360,105,2026-01-03,408.34
1,29,2026-01-22,99.56
4700,2,2026-05-28,114.66
1,13,2026-06-25,255.21
1,75,2026-03-13,469.9
1,244,2026-05-21,34.99
1,6,2026-06-08,439.66
1,8,2026-02-28,336.52
1,5,2026-01-07,292.09
1733,4,2026-02-05,433.41
3,13,2026-01-24,8.96
12,1,2026-05-17,384.19
1,46,2026-01-18,355.78
1,7,2026-07-16,78.07
2,14,2026-05-20,125.7
24,26,2026-06-03,119.85
4,21,2026-08-01,227.41
29,3,2026-06-07,290.79
1,1663,2026-03-04,263.53
61,8,2026-06-28,475.54
2,3,2026-01-11,274.88
207,2,2026-05-21,277.39
795,1,2026-03-11,253.16
65,2,2026-08-16,219.79
1,1,2026-03-09,113.17
1,1,2026-08-03,422.47
5,1,2026-01-02,264.33
7,1,2026-05-09,171.45
5,2,2026-05-03,68.41
590,1,2026-05-05,124.4
98,1,2026-08-14,130.8
1,2,2026-03-16,227.75
1,5,2026-03-27,278.55
111,27,2026-06-07,356.04
2,4,2026-08-14,51.63
312,9,2026-06-27,342.14
2826,5,2026-06-07,439.91
2,1,2026-05-06,401.07
1,8,2026-06-08,397.36
1,1,2026-03-24,225.75
15,63,2026-02-04,205.22
284,3,2026-06-04,9.51
7,1,2026-07-24,281.52
1,8,2026-05-15,25.4
7,7,2026-04-15,60.52
3,17,2026-06-14,12.13
2,1,2026-06-12,309.8
1,1,2026-03-11,274.11
2,2,2026-01-13,445.6
85,1,2026-05-22,68.74
35,24,2026-03-06,101.59
1,1,2026-07-07,149.07
25,69,2026-06-26,17.65
8,11,2026-01-12,114.14
141,13,2026-07-14,173.71
3,84,2026-03-05,307.02
175,86,2026-03-02,408.32
1,54,2026-04-10,180.99
49,7,2026-08-18,429.41
1,6,2026-06-09,307.07
16,24,2026-01-21,35.91
17,2,2026-03-05,172.94
36,3,2026-04-22,202.98
9,2,2026-01-05,219.09
69,10,2026-07-12,144.95
5,9,2026-06-24,149.05
35,3,2026-01-22,52.19
129,6,2026-07-09,59.28
2,1,2026-08-10,174.84
1,1,2026-05-09,107.99
4,1,2026-07-03,13.85
1,130,2026-03-12,449.28
2,2,2026-04-05,189.62
6,23,2026-02-28,254.52
81,36,2026-03-25,100.91
1,3,2026-06-08,337.08
1442,9,2026-08-02,394.6
2,4,2026-04-10,399.0
1,4,2026-08-28,422.68
327,4,2026-04-13,422.54
2,2,2026-01-05,196.45
11,2,2026-02-26,112.96
1,58,2026-03-27,204.03
10,1,2026-04-26,143.86
1,87,2026-02-03,143.72
40,2,2026-02-18,159.78
3,12,2026-07-20,276.94
319,4,2026-06-01,173.67
26,48,2026-06-28,292.56
10,2,2026-05-20,13.94
2,5,2026-06-03,238.51
3,7,2026-04-16,486.88
2,2,2026-04-07,194.05
495,1,2026-06-22,466.07
3,87,2026-06-03,339.28
15,935,2026-07-23,170.56
759,1,2026-04-20,421.03
9,2,2026-04-05,463.95
1,848,2026-03-05,187.93
5924,2,2026-04-18,411.13
4,5,2026-07-11,190.67
5,1,2026-07-22,171.31
14,18,2026-07-07,78.35
38,17,2026-08-03,471.43
1,16,2026-06-13,245.33
1,6,2026-01-10,249.7
1,93,2026-08-16,473.98
1,3,2026-01-17,432.75
22,1,2026-08-15,195.86
1,1,2026-07-24,274.13
85,1,2026-07-09,259.68
1,3,2026-01-16,400.91
2,1,2026-05-26,498.37
1,3,2026-06-15,149.91
1115,4,2026-05-15,131.18
8,2,2026-04-02,307.59
22,1,2026-03-26,229.51
290,5,2026-01-24,378.46
137,180,2026-05-23,267.73
4,33,2026-03-27,118.55
1,9,2026-04-09,383.06
5,6,2026-03-20,68.38
2,1,2026-07-20,33.88
2,1,2026-04-20,151.86
1,14,2026-08-06,389.87
7,4,2026-03-02,304.46
1807,2,2026-03-23,239.59
1,31,2026-06-14,267.25
2,4,2026-03-11,380.51
140,3,2026-04-13,119.19
14,1,2026-06-17,472.81
9,7,2026-05-20,263.23
5,2,2026-08-26,205.06
366,1,2026-02-23,125.18
1,3,2026-06-14,103.96
5,4,2026-01-26,359.54
1,14,2026-07-17,74.85
1,7,2026-03-07,345.64
1,1,2026-03-22,319.47
1,16,2026-03-21,292.93
2,11,2026-08-11,475.37
3,1,2026-01-14,295.59
3,1,2026-01-05,24.41
1,4,2026-01-09,146.53
1,992,2026-02-28,143.6
11,103,2026-08-18,91.89
9,1,2026-05-15,411.57
2,186,2026-05-09,237.91
3,4,2026-05-20,366.91
2,88,2026-04-01,98.62
2,3,2026-03-20,441.71
2,16,2026-08-10,429.94
65,5,2026-02-07,471.62
252,2,2026-03-02,165.35
3,687,2026-05-20,222.91
1,25,2026-03-02,464.81
3,47,2026-04-11,383.3
1,1,2026-08-13,48.7
146,1,2026-01-12,25.34
7,13,2026-04-07,467.07
28,2,2026-04-04,220.45
3,17,2026-05-13,437.31
5,4,2026-02-20,468.71
571,1,2026-08-17,214.8
1,37,2026-01-13,101.3
15,17,2026-03-20,252.16
1,3,2026-03-12,129.16
2,1,2026-08-10,452.96
13,2,2026-06-06,359.92
31,8,2026-01-10,179.8
345,13,2026-03-04,407.82
2,1,2026-04-25,178.97
42,988,2026-07-16,232.56
39,3,2026-02-13,492.05
34,3,2026-06-24,242.54
20,1,2026-08-27,45.29
3,637,2026-05-06,331.51
59,220,2026-03-02,139.03
5,4,2026-05-10,468.51
3,5,2026-03-18,89.67
1,12,2026-05-20,196.94
1,388,2026-01-05,57.86
402,100,2026-05-13,492.38
14,1,2026-01-14,469.37
1,292,2026-05-11,391.58
190,21,2026-05-08,9.93
7,2,2026-07-05,102.12
10,73,2026-08-24,354.27
1,1,2026-01-10,124.92
4,1,2026-02-28,283.33
1,14,2026-06-14,219.43
13,5,2026-08-15,329.86
8,1,2026-04-23,113.85
105,259,2026-07-07,303.69
4,2,2026-02-07,156.13
1,58,2026-01-14,27.67
2,2,2026-02-12,262.41
1,9,2026-01-16,148.14
1,30,2026-03-10,480.82
16,123,2026-07-18,460.59
2,13,2026-05-09,384.38
14,7,2026-07-14,279.58
1,430,2026-02-26,397.18
24,5,2026-03-25,45.43
42,5,2026-08-22,5.58
15,1,2026-08-08,476.11
1,3,2026-01-27,469.03
2,2,2026-02-07,180.79
5,1,2026-05-22,221.79
18,1,2026-03-07,187.94
7,1,2026-07-28,192.11
32,18,2026-02-17,154.55
1,9,2026-01-11,143.11
178,3,2026-08-20,135.95
17,17,2026-06-15,191.42
2,30,2026-05-27,464.59
4,52,2026-08-13,348.52
76,3,2026-03-15,225.64
15,4,2026-01-04,379.48
2,39,2026-02-18,52.04
13,1,2026-04-02,56.1
411,2,2026-08-20,259.35
3,1,2026-03-13,6.48
1,5,2026-02-17,252.58
3,3,2026-03-04,308.6
35,5,2026-03-01,368.41
1,58,2026-02-09,207.26
52,1,2026-06-15,121.59
1,24,2026-03-07,347.16
2,2,2026-06-02,367.98
2,3,2026-07-10,381.67
278,4,2026-08-04,245.0
4,12,2026-04-08,292.92
5,30,2026-03-20,259.56
3,1,2026-08-12,324.41
155,5,2026-01-19,249.4
1794,2282,2026-06-13,119.69
1,1,2026-08-28,140.61
5,87,2026-01-17,50.94
351,2,2026-01-13,354.75
1,16,2026-03-05,431.45
2,1,2026-02-18,54.23
62,9,2026-01-27,246.52
1,10,2026-06-20,369.82
4,35,2026-02-25,174.31
3,4,2026-07-10,118.14
53,5,2026-01-24,415.02
5516,6,2026-01-26,472.76
3,8,2026-03-28,55.22
7,47,2026-02-21,62.67
2,1,2026-02-26,54.46
40,78,2026-07-19,104.89
27,1,2026-02-10,305.11
1,1,2026-07-20,339.0
67,1,2026-07-15,248.65
1,32,2026-01-17,97.53
1,9,2026-06-02,204.45
1,1,2026-03-12,45.0
26,1,2026-06-03,94.21
2,1,2026-07-08,311.55
15,11,2026-01-03,58.33
2,1,2026-02-16,421.02
35,11,2026-02-20,198.64
3,11,2026-03-23,27.56
1592,482,2026-08-23,191.08
5,5,2026-07-02,474.42
1,1,2026-05-22,415.4
6,1,2026-06-18,297.4
4,19,2026-07-01,16.64
1,1,2026-06-23,126.26
2,1,2026-08-07,420.32
1,1,2026-06-09,261.11
2,2,2026-06-22,261.54
2,1,2026-01-02,360.52
13,10,2026-01-18,90.2
5,2,2026-03-28,264.16
2,36,2026-05-23,418.14
2,19,2026-03-18,357.31
1,2,2026-08-24,433.92
3,81,2026-01-05,92.58
3,99,2026-07-09,474.46
1,3,2026-04-11,435.37
1,1,2026-01-09,34.98
6,6,2026-04-19,443.01
1,1,2026-07-15,482.89
14,7,2026-05-15,104.18
3,1901,2026-07-18,441.23
1,10,2026-06-18,235.7
4,11,2026-06-07,128.57
6,6,2026-06-19,187.22
7,5,2026-04-25,44.34
214,21,2026-02-15,113.56
2,1,2026-03-05,360.56
1,1,2026-02-04,22.18
13,2,2026-01-15,464.05
1,4,2026-07-06,177.33
8,27,2026-01-22,236.17
1,11,2026-02-28,210.36
9,6,2026-02-09,190.14
1,1,2026-01-23,498.09
3,2,2026-01-17,187.52
2,2,2026-05-13,479.19
7,4,2026-08-18,470.4
2,116,2026-03-21,87.32
2,79,2026-06-23,361.72
642,3,2026-08-20,16.7
3,1,2026-05-05,392.44
12,26,2026-02-11,87.4
1,22,2026-05-28,374.56
26,48,2026-05-04,161.21
2,52,2026-04-19,247.93
32,1,2026-04-03,390.26
1,66,2026-03-27,23.09
9,1,2026-06-09,198.55
2,15,2026-03-16,272.74
4,2,2026-02-21,233.84
199,1,2026-04-22,122.94
2,1,2026-06-12,424.71
1,6,2026-04-20,117.97
7,5,2026-01-22,5.35
3,5,2026-04-11,355.75
3,3,2026-06-17,423.12
5,4,2026-04-18,160.92
25,6,2026-02-09,129.87
6,1,2026-08-23,134.07
45,7,2026-03-19,395.64
1195,2,2026-08-10,107.95
5,6,2026-07-01,391.34
4,1,2026-08-26,60.17
39,5,2026-01-28,76.92
2,11,2026-06-17,264.58
4,2,2026-02-24,320.23
1,2,2026-06-16,129.75
2834,9,2026-03-08,52.63
1,29,2026-01-07,13.67
2,2,2026-01-17,205.48
11,1,2026-04-28,179.52
14,1,2026-05-03,201.58
111,2,2026-08-19,277.68
15,4,2026-08-06,412.98
1059,1,2026-05-09,201.68
105,51,2026-05-15,149.51
1,1,2026-03-25,420.26
2,347,2026-07-09,379.94
13,2,2026-05-22,361.59
8,12,2026-01-07,208.88
1,1,2026-05-11,7.78
15,683,2026-06-05,76.21
8,4,2026-08-11,30.24
11,1,2026-06-23,195.77
4,18,2026-07-13,19.03
9,1,2026-01-15,171.86
2,435,2026-07-11,39.53
1,14,2026-07-20,458.35
1,7,2026-07-16,381.49
8,1,2026-05-10,402.5
1,9,2026-02-05,41.19
17,216,2026-03-22,174.54
628,5,2026-06-18,199.09
1,3,2026-07-23,205.56
1,1,2026-01-06,105.2
1,1,2026-07-26,105.6
17,1,2026-04-10,418.33
3,4,2026-03-04,140.99
1,44,2026-03-13,427.7
2,10,2026-03-06,118.56
107,47,2026-03-22,414.41
154,2,2026-03-16,359.07
15,11,2026-08-16,11.07
1163,61,2026-08-28,10.18
7,1,2026-07-17,412.86
80,19,2026-05-08,254.78
7,10,2026-05-10,386.91
1,29,2026-04-07,375.09
16,123,2026-03-26,235.19
403,4,2026-07-06,235.68
2,1,2026-01-24,287.89
39,2,2026-05-13,85.01
33,4,2026-07-10,269.33
9,2,2026-05-09,224.14
18,3,2026-01-04,330.69
1,34,2026-04-05,465.14
3,1,2026-02-10,18.1
1154,1,2026-01-03,70.43
375,14,2026-02-25,163.59
2,3,2026-04-06,194.22
3,88,2026-07-27,9.46
1,3,2026-04-07,304.81
3,60,2026-06-23,310.05
3134,1,2026-04-06,133.56
7,1,2026-05-19,184.92
8,27,2026-04-18,11.01
1,4,2026-03-28,291.12
3,21,2026-05-06,251.99
1,18,2026-05-25,151.88
36,5,2026-05-19,452.5
5348,77,2026-06-15,339.03
413,2,2026-08-02,203.45
5,1,2026-05-11,37.53
2067,50,2026-02-20,51.2
51,3,2026-07-24,372.63
1,16,2026-06-05,255.34
1409,2,2026-02-18,472.42
1,96,2026-05-02,285.07
26,1,2026-07-05,311.32
20,7,2026-05-18,403.45
12,16,2026-02-17,169.82
117,180,2026-04-15,216.7
5,13,2026-03-28,228.94
1,141,2026-06-04,405.79
2,1,2026-04-28,199.85
7,2,2026-07-20,485.77
1,262,2026-07-13,69.67
99,6,2026-06-23,499.52
89,1,2026-02-19,240.99
1,3,2026-05-21,272.71
1,3,2026-03-24,49.6
5123,1,2026-03-13,82.13
5,2,2026-04-16,376.59
1,4,2026-07-09,397.37
1,1,2026-08-28,92.12
1,11,2026-03-10,103.08
6,3,2026-08-12,37.0
2,3,2026-05-28,15.0
63,7,2026-04-27,316.48
80,2,2026-03-21,377.94
14,120,2026-06-27,138.92
177,15,2026-05-23,330.18
1,1,2026-02-05,260.69
23,5,2026-04-14,139.14
508,7,2026-07-15,92.25
235,2,2026-05-19,168.81
469,3,2026-05-14,26.62
1,3,2026-03-21,457.68
4,1,2026-01-19,440.11
1,1,2026-01-26,204.94
13,4,2026-06-18,322.04
1,1,2026-04-10,393.09
45,39,2026-05-01,375.59
3,2,2026-08-01,371.71
17,161,2026-05-20,406.68
35,3,2026-06-21,219.25
1,1,2026-02-14,147.37
1303,3,2026-05-03,5.24
19,76,2026-04-24,11.06
2,71,2026-07-18,256.99
5,73,2026-07-12,198.98
2,6,2026-01-04,398.65
8,48,2026-06-25,72.89
1,1,2026-06-13,465.93
3,2,2026-06-18,468.93
2,20,2026-02-02,16.16
15,3,2026-08-16,200.71
5,406,2026-01-07,327.4
11,8,2026-01-24,371.46
1,17,2026-07-28,58.36
1,3,2026-07-28,119.2
8,5,2026-04-20,140.99
1,3,2026-02-12,260.67
16,627,2026-05-07,432.73
1,416,2026-04-14,407.28
1,962,2026-08-21,84.08
7,943,2026-08-22,289.19
8,3,2026-07-11,498.42
3,4,2026-03-02,467.33
7,1,2026-03-02,66.78
3,1,2026-05-03,486.99
9,1,2026-05-09,97.36
6169,1,2026-04-06,23.47
1,49,2026-03-17,448.02
4,5,2026-06-12,125.28
106,25,2026-04-21,489.6
32,15,2026-07-09,295.27
113,815,2026-05-24,482.78
1,4,2026-08-07,331.19
18,4,2026-04-01,104.22
90,10,2026-07-21,270.41
3659,17,2026-03-09,84.81
4,1,2026-05-18,445.07
53,1,2026-02-24,54.04
1,9,2026-05-10,404.79
17,1,2026-03-01,195.03
26,96,2026-07-09,28.46
1,1,2026-03-03,459.78
2,4,2026-08-24,238.07
1,6,2026-07-25,145.42
5,9,2026-07-07,36.29
2,21,2026-03-05,348.36
1,110,2026-06-11,91.4
1368,1,2026-05-03,97.93
8,3,2026-07-18,123.61
338,2,2026-07-26,304.41
14,1,2026-01-15,377.46
115,780,2026-07-06,435.92
3,54,2026-02-12,296.36
1,1,2026-02-18,398.51
2,43,2026-06-25,207.73
1,2,2026-06-25,362.69
42,3,2026-04-27,190.28
1,1,2026-07-13,351.42
2,2,2026-04-20,72.9
1,1,2026-05-02,190.41
8,821,2026-03-24,354.13
1,5,2026-07-22,463.9
4,45,2026-08-28,217.68
1,1,2026-03-28,475.53
1,3,2026-04-22,300.98
5,52,2026-05-26,72.49
30,1,2026-04-24,481.29
4,4,2026-05-25,367.58
35,5,2026-07-12,182.03
1,2,2026-04-18,298.2
3,1,2026-04-24,212.65
4,3,2026-06-24,283.67
14,8,2026-07-18,132.74
1,2,2026-03-26,362.95
13,21,2026-03-06,73.13
1,7,2026-02-16,458.73
5,1,2026-06-15,222.42
1373,1,2026-01-09,171.69
45,33,2026-02-19,294.25
1,40,2026-01-14,110.98
1,1,2026-01-19,220.46
3,1,2026-08-26,108.25
3,1,2026-08-05,316.88
4,212,2026-01-28,165.35
3,80,2026-01-02,352.97
4,202,2026-02-09,8.21
3828,2,2026-04-19,103.09
25,56,2026-02-12,13.14
1,2,2026-01-27,462.09
134,9,2026-02-26,154.58
1,34,2026-04-21,363.65
1,1,2026-05-15,243.88
2,2,2026-01-14,131.48
9,1,2026-08-22,170.1
1,9,2026-04-12,331.24
8,22,2026-06-08,480.1
4,5,2026-03-01,99.86
597,20,2026-06-10,383.21
4,15,2026-06-04,351.91
3,1,2026-06-28,316.73
1,2679,2026-04-12,78.21
3,6,2026-06-02,245.94
51,2,2026-01-02,68.64
7,5,2026-04-12,259.72
2,23,2026-03-24,343.21
3,1,2026-05-03,48.27
1,7,2026-05-11,318.98
64,1,2026-03-27,76.14
41,16,2026-06-04,263.95
17,9,2026-05-14,296.53
1,7,2026-04-03,142.81
25,7,2026-05-08,144.46
17,1,2026-03-06,405.32
16,4,2026-03-20,163.41
4,62,2026-07-25,221.66
1,1,2026-05-17,420.51
1,3,2026-01-06,488.11
1,118,2026-07-28,407.78
2,1,2026-05-19,80.36
2,32,2026-07-06,21.89
1,372,2026-08-22,274.19
19,2,2026-08-26,479.5
2,1,2026-02-13,297.61
6,1,2026-04-11,359.79
64,3,2026-05-05,426.7
6,121,2026-03-04,93.54
5,3,2026-05-08,294.39
7,7,2026-08-12,146.23
275,587,2026-06-05,437.67
1,463,2026-05-04,244.44
2,4,2026-02-19,103.6
2,1,2026-07-24,231.94
19,1,2026-07-01,264.17
2,2,2026-05-08,80.96
19,13,2026-04-24,200.63
1066,69,2026-06-11,258.51
5,5,2026-01-09,482.49
4,18,2026-06-27,368.15
2,30,2026-03-08,201.32
603,1,2026-04-19,27.89
1,1746,2026-06-18,42.59
239,14,2026-01-21,139.95
24,1,2026-01-06,474.96
56,1,2026-04-05,471.03
1,1,2026-02-17,408.97
1,4,2026-04-21,164.29
6,20,2026-08-09,38.46
4,317,2026-07-08,143.83
2,3,2026-03-24,472.01
11,1,2026-03-16,410.08
2,4,2026-01-18,6.45
2,1,2026-07-25,51.39
1,10,2026-07-14,343.23
1,4,2026-04-23,427.0
2,6,2026-02-15,172.98
2,1,2026-04-23,149.95
13,420,2026-05-24,138.28
8,4,2026-08-02,381.05
9,1508,2026-04-14,73.98
4,34,2026-04-10,496.96
31,6,2026-06-16,98.16
2,1,2026-07-15,358.32
5,2,2026-04-06,296.41
220,1,2026-01-11,73.63
1,1,2026-06-19,143.99
715,129,2026-01-02,227.59
10,142,2026-04-21,213.14
2,23,2026-04-25,116.4
436,55,2026-02-28,176.73
12,8,2026-04-01,121.95
284,246,2026-06-23,110.81
2,1,2026-07-14,24.41
858,2,2026-02-23,53.0
2,22,2026-06-24,152.3
13,213,2026-01-08,155.93
9,1,2026-08-04,196.15
20,14,2026-03-23,221.53
12,2,2026-02-07,42.44
3,5,2026-03-02,318.31
9,1,2026-05-26,70.1
1,2,2026-03-06,449.1
1,6,2026-05-07,157.86
6,24,2026-02-21,345.11
15,3,2026-03-26,459.86
5,84,2026-04-11,265.99
334,6,2026-05-14,344.29
1,4,2026-08-09,475.16
134,7,2026-05-24,398.1
4,3,2026-04-05,91.24
76,1,2026-06-12,375.87
1,32,2026-06-14,231.73
63,13,2026-06-10,426.54
1,226,2026-03-01,435.95
4,46,2026-06-21,356.51
3,2,2026-07-09,427.75
4,7,2026-05-09,497.99
78,1750,2026-06-07,303.26
10,3,2026-01-24,253.44
1,1,2026-05-06,115.59
6,2,2026-08-15,174.07
192,1315,2026-03-15,206.67
40,2,2026-05-09,477.72
6,13,2026-06-24,185.26
42,18,2026-01-20,309.45
14,1,2026-07-14,470.96
11,2,2026-07-10,471.74
15,6,2026-08-06,247.36
4,2,2026-04-10,139.35
132,1,2026-06-17,26.74
1,9,2026-02-03,40.87
181,17,2026-01-21,161.32
187,2,2026-04-27,199.07
2,1,2026-07-05,313.55
870,29,2026-05-03,14.58
7,89,2026-01-27,167.9
2,5,2026-05-10,308.7
36,1,2026-04-14,266.35
510,1,2026-04-02,214.32
3,2,2026-04-19,320.91
14,911,2026-01-06,142.59
4,2,2026-07-27,191.02
2,1,2026-06-20,498.16
10,77,2026-02-02,88.63
6,20,2026-05-07,379.54
182,44,2026-07-23,360.45
5,3,2026-03-05,330.36
7,1,2026-02-03,422.79
770,5,2026-01-11,219.02
4,145,2026-08-04,309.09
3,9,2026-07-14,277.63
4,2,2026-07-17,303.97
3,2,2026-07-28,475.57
11,1,2026-04-23,358.89
15,1,2026-05-11,357.36
99,2104,2026-08-08,389.18
1,1,2026-01-17,104.4
142,1,2026-06-16,140.78
4,11,2026-02-25,5.33
3,11,2026-04-16,364.56
11,2,2026-01-16,300.43
1,199,2026-03-10,274.53
1,1,2026-04-11,173.83
2,23,2026-05-28,251.15
1,1,2026-05-27,149.66
3,1166,2026-08-18,62.27
9,2,2026-05-11,152.61
2,9,2026-06-16,397.95
1,1,2026-02-17,295.21
4,2,2026-07-21,260.78
6146,14,2026-06-25,100.38
1,2,2026-04-24,442.9
3,1,2026-03-21,345.06
1,1,2026-08-15,450.87
16,4,2026-04-28,360.54
1,1,2026-01-15,50.43
2,6,2026-01-25,122.76
11,334,2026-02-02,50.73
232,145,2026-08-25,487.44
6,27,2026-03-20,76.25
1,8,2026-06-18,155.99
507,46,2026-04-26,60.69
33,87,2026-03-28,163.12
1,7,2026-04-05,85.2
6,2,2026-06-04,340.47
11,23,2026-08-14,416.67
5,126,2026-03-05,437.63
9,38,2026-02-10,189.53
2,2,2026-07-26,116.1
7,36,2026-05-27,298.1
7,3,2026-07-27,82.5
9,1,2026-05-17,496.24
12,3,2026-04-12,391.82
27,3,2026-05-15,386.0
13,6,2026-04-02,16.85
1,4,2026-05-01,311.59
2,18,2026-01-08,251.5
1,3,2026-05-23,491.87
19,333,2026-02-23,91.9
3,570,2026-05-24,123.7
5,67,2026-04-13,470.12
5,14,2026-06-14,474.06
5612,897,2026-01-16,478.95
1,3,2026-04-21,191.14
10,53,2026-03-28,318.89
3,2,2026-03-12,81.33
1,2,2026-08-02,91.55
48,3,2026-01-20,495.5
354,1,2026-03-11,336.92
40,200,2026-08-27,409.5
2,7,2026-01-01,255.08
1,10,2026-02-23,69.68
1,2,2026-03-24,184.25
870,234,2026-01-27,286.07
4,5,2026-02-09,23.35
655,1,2026-05-13,367.0
10,6,2026-07-24,426.62
1,43,2026-08-24,335.53
3,1,2026-08-08,156.89
3,26,2026-01-09,375.89
1,4,2026-04-01,334.99
8,118,2026-06-23,413.33
1,832,2026-01-21,219.12
1,1,2026-07-13,102.04
5,3,2026-01-15,468.7
813,130,2026-02-01,232.45
1,4,2026-08-18,146.31
13,6,2026-03-09,153.17
6,275,2026-01-24,319.26
181,4,2026-08-05,464.54
3,31,2026-01-14,237.87
7,1,2026-08-15,399.42
64,2,2026-02-10,59.07
3,3,2026-04-02,185.49
15,80,2026-07-07,378.44
42,66,2026-05-19,81.68
6,869,2026-03-26,18.98
13,3,2026-02-20,378.17
5,1,2026-02-24,402.7
7,28,2026-07-16,485.28
2,266,2026-06-26,185.84
39,59,2026-03-28,206.83
3,1,2026-05-11,157.43
3,1,2026-04-28,404.68
27,1,2026-01-05,253.79
28,1,2026-05-09,202.81
6,52,2026-03-16,145.45
8,6,2026-05-09,459.92
4,35,2026-03-19,486.86
1,4,2026-07-12,456.56
2,1,2026-02-16,354.14
2,1,2026-06-21,272.8
1535,3,2026-06-01,385.67
2,81,2026-01-21,427.47
1,2,2026-05-19,15.43
1,30,2026-03-19,190.33
2,182,2026-04-11,335.67
2,26,2026-06-24,268.21
1351,35,2026-02-03,455.67
15,5,2026-05-08,148.86
3,16,2026-07-19,418.69
3,19,2026-03-17,366.02
19,12,2026-07-19,298.0
1,1,2026-06-07,403.54
3,4,2026-02-13,86.68
6,1,2026-03-13,240.39
8,61,2026-05-03,498.5
86,4,2026-06-18,110.77
1,1,2026-05-02,227.21
1,12,2026-05-23,391.52
27,1,2026-02-25,143.37
2870,1,2026-02-20,192.84
6,13,2026-01-22,450.98
1,60,2026-03-02,111.55
2,2159,2026-06-04,85.59
146,4,2026-05-25,30.42
1,6,2026-07-25,328.7
4,1305,2026-01-06,409.13
12,137,2026-07-16,471.64
5,2,2026-08-02,27.33
4,7,2026-06-12,373.36
2,935,2026-07-27,432.83
48,1,2026-04-22,150.45
14,2,2026-06-16,482.32
15,1,2026-08-28,118.64
1,1,2026-05-01,399.09
5,140,2026-08-13,55.37
31,362,2026-06-20,474.52
3,11,2026-07-20,67.68
1,1,2026-05-17,281.89
1,2,2026-02-18,90.32
6,3,2026-05-21,419.65
2,334,2026-02-05,181.63
35,1,2026-03-25,401.35
6,109,2026-05-08,63.55
1,1,2026-06-18,296.79
4,352,2026-06-03,112.79
7,1,2026-02-13,85.92
425,1,2026-08-19,98.08
6610,4,2026-07-28,498.82
1,1,2026-08-21,128.33
13,13,2026-07-20,492.75
4,5,2026-05-25,314.66
1,1,2026-07-14,271.91
94,330,2026-01-10,338.18
75,52,2026-03-24,247.6
6,13,2026-03-01,338.35
1335,22,2026-06-19,75.02
1,14,2026-04-23,446.62
15,3,2026-03-02,241.43
3,6,2026-07-15,149.53
23,23,2026-06-09,410.24
9,38,2026-01-04,276.98
1,1,2026-05-18,316.2
5,406,2026-06-22,133.38
9,2,2026-02-22,389.21
11,3,2026-05-16,36.6
7,3,2026-04-13,159.21
1,220,2026-04-15,234.6
15,5,2026-08-10,351.31
9,11,2026-05-21,34.3
8,1,2026-01-07,186.75
198,3,2026-07-13,108.28
206,1,2026-08-28,257.71
1,1,2026-03-20,495.56
1,1,2026-02-07,486.56
2,2,2026-02-21,138.21
265,3,2026-04-23,306.65
1,12,2026-01-03,299.61
4,742,2026-08-12,397.83
4,5,2026-03-10,447.27
4,79,2026-04-27,257.36
1,1,2026-07-26,117.55
164,121,2026-06-12,34.53
12,21,2026-07-13,490.56
649,4,2026-04-16,223.28
2079,1,2026-02-04,144.21
2,2,2026-03-05,391.65
1,3,2026-03-26,439.16
27,1,2026-01-28,381.41
966,3,2026-06-10,136.52
2,6,2026-07-10,152.67
33,1,2026-02-16,123.71
3,22,2026-07-20,487.34
2,142,2026-05-04,149.13
116,1,2026-03-11,231.34
1,3,2026-05-14,91.55
1,403,2026-07-28,392.18
1,36,2026-04-14,26.85
1,4,2026-04-21,460.67
3,1,2026-05-27,423.43
2,2,2026-03-20,320.62
4,2,2026-06-13,391.45
1,98,2026-04-18,218.86
10,1,2026-02-10,406.39
4,1,2026-01-25,49.03
20,6,2026-02-06,153.76
63,1,2026-03-17,208.17
1,15,2026-01-10,494.35
27,11,2026-03-18,442.76
1,639,2026-08-05,159.25
1,1,2026-06-09,301.24
37,3,2026-05-17,188.36
1,2,2026-06-08,352.13
147,2,2026-04-06,196.87
573,9,2026-06-16,219.27
68,10,2026-06-06,111.94
34,2,2026-05-26,100.68
2,1,2026-07-15,328.56
1,64,2026-04-09,114.33
9,1,2026-08-13,476.1
7,9,2026-04-27,208.11
2,11,2026-01-04,447.5
3,23,2026-01-25,478.22
6,6,2026-07-24,333.24
1,1,2026-01-15,153.19
1,6,2026-07-22,26.87
5,1,2026-01-09,57.33
13,1053,2026-05-13,325.96
1,7,2026-03-02,34.21
1092,21,2026-03-05,231.05
2,10,2026-08-06,282.52
16,124,2026-01-10,439.45
7,5,2026-05-13,288.3
1,1316,2026-08-24,104.4
1,5,2026-08-06,39.89
4,1,2026-03-10,152.92
6,1,2026-04-17,383.42
23,421,2026-01-28,28.54
1,11,2026-05-25,161.16
149,1011,2026-04-12,269.33
2,21,2026-07-02,76.54
1,1,2026-08-13,78.42
1,610,2026-06-25,168.37
1,1,2026-02-14,215.95
1,1,2026-02-09,20.1
1,77,2026-04-06,181.37
5,3,2026-03-27,457.72
48,3,2026-04-16,285.8
1,799,2026-08-09,10.55
2,1,2026-06-13,295.67
35,9,2026-01-23,482.49
16,2,2026-02-17,31.69
1,1,2026-01-20,7.05
5,2,2026-06-18,426.26
3,3,2026-05-05,226.88
1,3,2026-06-09,346.58
5424,7,2026-07-04,137.41
1,7,2026-06-07,256.72
6,49,2026-02-11,245.18
7,605,2026-04-25,125.22
4,1,2026-02-06,287.86
1,1,2026-06-17,37.73
13,1,2026-06-21,24.67
5,2,2026-01-14,36.56
3,3,2026-04-14,63.76
19,4,2026-05-04,361.95
145,2290,2026-06-02,418.65
65,518,2026-06-15,297.64
24,24,2026-08-23,371.98
16,2,2026-06-07,150.99
3675,2,2026-06-26,484.18
15,1,2026-03-09,416.3
1,1,2026-02-05,159.28
4,3,2026-05-25,156.54
318,4,2026-03-23,474.29
15,1,2026-04-26,338.33
3,1,2026-04-19,57.57
3,1,2026-03-01,396.69
9,2,2026-08-04,18.88
2,3,2026-08-03,461.28
29,22,2026-02-03,107.24
1,451,2026-06-06,38.09
1036,166,2026-06-10,167.03
1,81,2026-04-05,181.82
2,503,2026-03-08,447.41
106,228,2026-05-02,422.18
1,2,2026-03-04,275.61
2,1,2026-03-10,363.57
42,1,2026-08-20,171.94
25,21,2026-03-06,384.1
3,1,2026-05-24,492.96
4,8,2026-07-15,350.92
10,4,2026-07-14,197.91
25,1,2026-02-05,406.68
32,281,2026-05-19,403.75
102,20,2026-07-15,19.42
2,43,2026-04-21,391.13
1,2,2026-05-23,396.35
3,2,2026-04-16,313.18
2,10,2026-01-04,432.29
8,543,2026-03-04,471.33
4,1,2026-05-09,37.24
2,1,2026-01-10,155.52
154,28,2026-05-14,399.24
1,2,2026-05-23,216.38
480,1,2026-04-18,221.57
2,22,2026-01-20,117.19
92,5,2026-01-15,355.87
69,1,2026-02-01,406.17
9,5,2026-02-19,328.94
1082,16,2026-04-07,7.93
3,4,2026-07-19,345.25
156,3,2026-02-09,463.08
12,24,2026-01-01,359.35
10,9,2026-08-21,494.51
4,1,2026-01-02,186.38
1,1,2026-07-28,77.19
2,1,2026-05-23,145.5
2,274,2026-04-13,374.58
8,3,2026-04-06,378.44
1,23,2026-04-26,245.74
1,2,2026-08-24,162.76
18,18,2026-01-07,199.72
2,3,2026-08-17,113.71
1,3,2026-02-25,61.07
1101,1,2026-04-15,316.32
8,16,2026-02-16,285.75
20,55,2026-07-17,159.13
14,1,2026-02-08,270.14
1,1,2026-06-06,498.68
28,4,2026-08-20,15.13
7,12,2026-04-20,410.49
14,7,2026-02-14,178.01
2,6,2026-07-13,313.97
16,7,2026-04-27,330.23
8,1,2026-05-14,487.22
1,76,2026-01-27,22.88
81,2,2026-03-24,99.89
5,775,2026-02-06,17.65
4,2,2026-02-03,464.06
7,3,2026-03-21,475.17
32,16,2026-07-26,67.91
45,2,2026-03-23,225.81
2,61,2026-06-04,440.17
3,1,2026-04-08,374.57
1,87,2026-07-03,405.58
2893,129,2026-01-11,65.93
53,5,2026-03-04,63.71
2,12,2026-08-23,184.84
1,24,2026-05-20,293.04
2,1,2026-06-11,334.97
15,1,2026-03-16,121.31
62,1,2026-01-18,473.52
1,1,2026-02-05,81.12
436,1,2026-08-20,429.85
2,1,2026-01-02,492.42
1,11,2026-06-17,312.54
1,1,2026-07-26,40.58
2,4,2026-06-20,170.67
1475,192,2026-08-21,90.63
40,1,2026-08-04,458.94
7,23,2026-03-23,91.01
2,1,2026-02-11,113.48
1756,9,2026-01-16,56.5
1,9,2026-08-26,221.81
35,1,2026-07-24,460.24
1335,3,2026-02-11,76.92
2,20,2026-04-19,299.48
27,52,2026-04-24,269.81
162,3,2026-07-08,183.29
33,10,2026-06-22,359.51
5,187,2026-01-25,48.17
87,1,2026-04-02,114.83
3,6,2026-06-11,40.62
17,8,2026-04-22,46.03
7,3,2026-01-24,62.9
2,47,2026-02-18,34.23
1,15,2026-07-02,436.84
1,1,2026-07-27,27.45
9,2,2026-03-10,298.32
5,1,2026-08-11,19.26
13,47,2026-02-15,310.43
52,1,2026-02-25,196.84
1,1,2026-05-27,366.64
46,13,2026-03-05,35.14
17,19,2026-07-06,146.61
1,1,2026-08-16,488.01
10,191,2026-05-21,476.68
11,2,2026-05-08,22.97
3,26,2026-01-12,75.05
2,3,2026-06-11,435.15
4,1,2026-07-01,226.71
6297,4,2026-01-27,489.51
1,1,2026-06-07,448.93
1,1,2026-02-10,28.91
287,5,2026-05-17,232.33
124,8,2026-06-13,142.47
1,3,2026-03-10,139.8
6,6,2026-03-02,219.78
2,3,2026-01-04,162.92
1,17,2026-01-26,234.51
5,13,2026-06-08,137.04
1,72,2026-08-12,189.4
2,42,2026-01-20,497.79
2,1,2026-01-27,192.67
25,6,2026-04-24,240.99
5,24,2026-06-25,61.59
5,6,2026-02-25,33.57
79,274,2026-07-27,318.82
33,132,2026-08-09,429.58
2,3,2026-04-21,468.6
10,7,2026-04-16,200.37
3,10,2026-02-28,281.55
45,31,2026-01-07,354.79
1,1,2026-02-08,25.83
1,9,2026-08-10,57.67
7,2,2026-05-26,36.2
59,1,2026-01-02,195.69
3,4,2026-05-01,112.27
10,7,2026-02-06,365.55
1,4,2026-07-11,32.94
1,2,2026-02-26,208.12
1,1,2026-05-09,155.16
17,23,2026-07-13,16.02
1717,14,2026-08-24,455.98
27,419,2026-07-11,184.39
126,9,2026-06-17,341.4
2,2472,2026-06-27,75.28
10,1,2026-04-25,294.79
1,71,2026-07-26,133.5
1,5,2026-02-17,240.91
2,17,2026-08-26,387.77
2,56,2026-03-01,306.94
14,67,2026-06-19,243.67
3,14,2026-06-04,323.43
2,4,2026-02-08,113.5
5,14,2026-07-19,63.32
1,361,2026-03-16,25.36
71,5,2026-04-10,85.01
69,1,2026-05-22,477.22
61,40,2026-08-12,201.37
20,11,2026-07-10,333.02
18,14,2026-08-27,132.52
9,16,2026-04-09,138.59
2,4,2026-07-21,438.21
3353,3,2026-07-07,123.09
3,3,2026-03-05,263.29
1,8,2026-04-06,82.24
19,66,2026-03-21,17.34
3,4,2026-02-24,235.27
1,2,2026-01-16,301.89
69,410,2026-04-21,336.78
3,2,2026-05-24,28.16
1,3,2026-03-14,273.79
2,1,2026-03-15,490.05
1699,7,2026-03-10,491.2
3,37,2026-03-19,211.92
1,3,2026-02-16,316.99
2,3,2026-04-10,60.21
204,74,2026-05-02,253.9
4,3,2026-01-19,197.38
5,1,2026-05-25,490.92
58,2,2026-06-23,460.55
1,4,2026-03-07,401.68
1,2,2026-02-15,73.99
3,2,2026-05-01,491.43
31,14,2026-03-12,88.31
44,27,2026-04-16,483.85
1,132,2026-01-06,165.5
7,1,2026-02-28,447.81
2,2,2026-02-16,172.45
4,1,2026-06-07,424.83
6,2,2026-02-04,412.72
2,1,2026-08-26,256.16
5,2,2026-02-19,238.88
4,1,2026-03-11,356.35
15,1,2026-07-09,162.57
1,1,2026-05-28,439.52
522,17,2026-08-25,439.84
3,1,2026-04-26,32.03
2,28,2026-04-08,498.65
33,2,2026-05-18,401.4
2,3,2026-05-19,194.02
8,20,2026-05-05,436.06
3261,2,2026-02-15,59.66
2,1,2026-02-26,138.25
4,3,2026-05-06,109.8
104,2,2026-06-17,259.93
1,1,2026-08-28,116.37
1,27,2026-06-03,348.15
3,58,2026-06-16,416.17
1,1,2026-04-25,476.68
11,4,2026-03-13,236.74
9,29,2026-01-07,203.84
4,1,2026-05-04,338.14
8,6,2026-04-15,448.47
2,3,2026-08-09,27.91
1,2608,2026-01-09,136.3
2,11,2026-03-19,228.92
36,30,2026-02-06,362.63
5,4,2026-01-13,347.42
2,1,2026-02-23,340.0
3,8,2026-01-19,110.84
6657,5,2026-03-02,180.01
1,11,2026-08-04,122.63
4466,29,2026-06-02,383.18
2,35,2026-07-10,443.88
2,9,2026-01-25,371.82
4,53,2026-06-01,132.42
59,17,2026-06-24,476.89
6,4,2026-06-20,21.85
2,4,2026-01-28,188.71
1,22,2026-08-09,256.36
25,3,2026-02-12,266.79
1,15,2026-06-06,299.49
8,15,2026-07-14,249.06
6,1,2026-04-11,134.26
5,2,2026-02-01,26.36
811,1,2026-02-14,259.23
6,378,2026-04-18,397.69
2,1,2026-05-22,320.59
2,8,2026-01-02,414.41
13,3,2026-03-18,23.53
4,1,2026-08-04,318.01
1,1,2026-04-21,256.22
2,1,2026-05-16,480.49
2,2,2026-06-27,394.18
4,4,2026-07-01,85.54
1,1,2026-01-03,40.01
58,5,2026-02-21,14.7
2,77,2026-03-16,301.49
2,1,2026-01-02,179.17
4404,1,2026-04-11,296.63
72,4,2026-08-13,192.63
1979,2,2026-02-08,329.0
1,6,2026-03-21,52.64
1,5,2026-07-08,186.45
1,1,2026-06-09,438.45
3,1969,2026-06-20,434.44
112,4,2026-07-25,122.62
2,29,2026-03-19,238.8
3,4,2026-07-21,175.95
2,18,2026-02-09,469.42
1,6,2026-02-16,347.03
38,3,2026-05-24,198.76
1,1,2026-01-20,459.52
2,1,2026-02-15,68.48
44,1,2026-01-19,280.1
1,6,2026-06-12,109.97
93,1,2026-04-28,242.07
60,6,2026-07-17,134.97
1,1,2026-02-06,106.4
38,4,2026-04-18,277.36
7,2,2026-03-16,84.87
21,13,2026-02-12,43.7
5,83,2026-02-05,348.19
5,1,2026-01-18,486.02
45,9,2026-07-02,98.59
46,6,2026-05-16,23.86
7,2,2026-08-22,259.13
2,2,2026-04-15,382.84
127,5,2026-07-28,271.82
31,7,2026-04-09,343.13
10,1,2026-02-01,199.99
6,16,2026-01-18,416.53
10,17,2026-01-12,387.14
400,1268,2026-03-18,61.48
3,14,2026-08-17,15.67
7,3,2026-08-18,6.8
398,1,2026-05-12,98.22
143,6,2026-07-14,365.43
1,9,2026-05-14,417.08
22,9,2026-01-15,276.74
1,19,2026-06-07,266.1
19,20,2026-04-15,280.35
69,2,2026-07-06,446.86
9,26,2026-04-20,380.85
18,1,2026-04-11,274.31
4,2,2026-03-20,28.15
580,3,2026-02-21,20.59
2,2,2026-08-14,37.54
1,2,2026-02-19,111.1
20,40,2026-02-08,277.27
1,23,2026-05-20,397.26
1,61,2026-05-18,262.49
63,2,2026-07-01,139.67
9,3,2026-02-21,169.94
6,5,2026-03-09,165.65
6,29,2026-01-14,268.74
38,2,2026-07-09,327.04
1,1,2026-07-25,123.66
4,8,2026-03-02,387.46
1,14,2026-07-12,330.46
4,429,2026-02-20,328.75
7,1,2026-01-01,408.71
294,1,2026-04-26,239.79
2,1,2026-06-11,136.41
261,3,2026-07-23,128.07
19,7,2026-06-28,229.84
1,47,2026-01-28,216.04
8,24,2026-02-18,295.42
1,4,2026-05-05,476.67
73,1070,2026-01-08,369.11
73,3,2026-07-05,86.75
6,3,2026-08-15,45.37
1,21,2026-05-08,471.68
1,140,2026-04-24,149.06
3,2,2026-05-19,22.63
21,3,2026-08-24,54.01
1,440,2026-05-28,6.93
1,5,2026-02-07,21.34
1,2,2026-03-09,256.8
5,2,2026-08-18,397.97
14,2,2026-04-17,67.56
4,3,2026-07-05,318.3
201,27,2026-03-16,258.15
29,1,2026-08-16,73.03
4,447,2026-01-03,249.99
5,6,2026-08-16,239.02
13,24,2026-07-13,296.16
5,5,2026-06-26,312.53
1,2,2026-05-12,86.08
1,7,2026-01-04,289.4
1,1,2026-03-05,421.59
2,2,2026-02-12,62.41
2356,41,2026-08-20,427.73
23,7,2026-07-28,99.82
13,63,2026-06-26,305.41
5,4,2026-06-17,116.11
3,2,2026-01-02,158.34
24,48,2026-02-15,166.37
58,208,2026-02-23,127.09
3,3,2026-02-10,24.68
3,2,2026-08-01,310.6
2,7,2026-07-26,364.28
3,2,2026-07-15,338.73
1,69,2026-05-15,205.39
1,2,2026-01-16,72.26
4,11,2026-02-24,381.33
1,5,2026-03-08,107.12
27,19,2026-02-18,142.26
1,16,2026-08-10,423.26
23,1,2026-06-15,161.22
4,1,2026-05-10,258.49
40,289,2026-08-04,333.84
4,5,2026-01-21,434.85
1,1,2026-04-03,291.84
2,2,2026-03-04,492.25
345,2,2026-03-23,290.82
2,1,2026-04-08,278.0
13,48,2026-03-22,288.41
6,725,2026-06-01,455.16
1,1,2026-08-27,393.72
52,4,2026-07-17,477.11
29,1,2026-02-03,170.96
6,18,2026-02-15,23.63
436,3,2026-05-05,136.25
4,4,2026-03-02,488.2
1,1,2026-07-05,266.27
1,25,2026-04-26,217.05
1,117,2026-07-07,140.14
2,11,2026-07-15,13.29
10,1,2026-02-21,407.64
3,1,2026-08-24,194.19
4,30,2026-04-06,232.91
11,3,2026-03-12,417.02
8,1,2026-08-06,131.98
3,1,2026-01-20,106.43
1,1,2026-06-19,196.13
26,1,2026-01-17,15.35
63,1,2026-03-11,290.1
15,1,2026-08-15,91.89
16,70,2026-03-22,300.5
20,3,2026-08-13,428.87
12,115,2026-07-18,10.46
1,9,2026-02-28,239.06
28,4,2026-05-23,365.2
43,417,2026-08-15,261.77
1,375,2026-06-11,129.76
1,6,2026-02-15,418.16
1,48,2026-06-03,322.66
270,1760,2026-01-11,369.82
3,90,2026-05-25,28.75
304,3,2026-04-19,267.26
3,3,2026-07-05,16.73
200,1,2026-02-15,349.84
1,25,2026-01-27,474.63
1,1499,2026-06-22,169.29
1,2,2026-03-02,220.2
1,12,2026-08-20,199.13
5,353,2026-04-20,423.19
3,9,2026-02-16,62.06
1,1,2026-03-21,275.57
48,45,2026-05-01,17.04
1,92,2026-06-15,433.0
1,1,2026-08-13,20.82
12,2,2026-07-25,415.66
13,21,2026-02-06,310.59
15,6,2026-01-26,143.46
1,8,2026-05-22,414.12
2,144,2026-08-14,396.94
198,19,2026-02-17,477.46
432,38,2026-01-23,168.56
7,2,2026-03-21,395.0
1,1,2026-03-12,394.93
5747,286,2026-07-10,476.3
2,2,2026-08-11,59.38
6,2,2026-04-28,442.82
18,1,2026-05-18,284.09
15,1056,2026-06-07,481.9
36,423,2026-07-21,135.49
1,1,2026-07-24,183.0
4059,29,2026-08-21,240.91
1,203,2026-05-20,116.29
9,4,2026-05-27,283.21
1084,1,2026-02-26,6.09
3,7,2026-03-25,228.01
3,9,2026-03-25,376.24
15,8,2026-04-16,214.42
85,38,2026-04-23,376.05
58,4,2026-01-26,479.85
2,4,2026-04-05,325.34
1,1,2026-06-06,238.14
111,171,2026-02-08,124.39
4,17,2026-06-07,46.75
1,1,2026-03-07,359.67
1,145,2026-06-01,133.27
1,30,2026-02-06,70.61
2,17,2026-05-24,307.09
78,1405,2026-01-03,73.46
9,6,2026-04-19,336.4
34,1,2026-05-05,363.59
3,2774,2026-05-09,484.18
1,57,2026-07-20,212.85
28,3,2026-06-08,402.11
92,8,2026-06-04,300.3
1728,119,2026-02-21,218.08
3,3,2026-02-16,37.69
5,21,2026-08-27,37.93
2,1,2026-03-13,346.79
1,1,2026-04-05,333.32
7,5,2026-02-04,139.28
3,7,2026-07-11,288.39
1,2,2026-04-03,136.45
18,17,2026-05-21,141.84
1,2,2026-08-13,20.47
54,8,2026-06-05,173.75
6,1,2026-01-03,188.71
5,4,2026-07-28,41.94
1,10,2026-01-12,110.15
110,1,2026-02-02,229.02
1,299,2026-04-03,203.88
720,33,2026-01-02,88.64
5,4,2026-06-03,463.29
22,1,2026-02-22,145.27
1,53,2026-02-01,382.01
2,4,2026-01-14,17.15
24,5,2026-04-03,435.08
85,1,2026-01-23,399.51
1,2,2026-04-06,478.54
5,45,2026-05-09,222.44
1,1,2026-01-12,114.68
12,1,2026-05-22,398.15
54,1,2026-06-12,104.12
2,1,2026-01-23,346.9
1,7,2026-01-19,81.61
1991,25,2026-01-17,115.66
1,16,2026-07-01,395.33
4,9,2026-05-22,121.46
12,1,2026-06-17,79.73
660,2,2026-05-21,18.73
74,16,2026-03-06,317.24
6,2,2026-04-21,84.81
4,1575,2026-02-17,149.66
2,171,2026-03-15,268.98
5,1,2026-06-13,33.3
3,10,2026-05-11,278.01
1803,1,2026-05-10,243.8
1,1,2026-06-21,310.16
8,1,2026-02-28,451.43
1,4,2026-06-14,170.3
2,9,2026-07-19,228.38
15,7,2026-05-13,45.7
15,98,2026-02-13,70.89
33,3,2026-04-25,473.23
2,663,2026-06-09,420.82
1,4,2026-05-09,359.21
2,3,2026-05-25,34.52
2,12,2026-04-23,408.45
1,5,2026-07-17,199.47
5,22,2026-05-28,36.63
2,22,2026-07-21,146.74
25,4,2026-08-22,20.79
196,122,2026-07-12,387.83
3,70,2026-08-27,119.65
73,2,2026-07-18,297.45
2,9,2026-01-19,143.44
9,7,2026-04-16,171.34
1,202,2026-04-09,385.42
32,57,2026-01-15,454.74
1,4,2026-08-24,208.74
5,2,2026-05-10,168.76
15,16,2026-07-21,343.68
28,19,2026-07-22,258.91
226,3,2026-03-28,335.59
2,114,2026-06-25,434.71
27,1,2026-08-19,221.9
2,363,2026-05-14,60.98
1,73,2026-04-25,357.29
260,17,2026-07-17,362.26
2,2,2026-04-04,37.57
13,14,2026-05-11,126.83
26,1,2026-03-07,32.61
1,2,2026-07-15,352.07
1,42,2026-03-08,171.9
2,1,2026-06-24,113.93
36,8,2026-04-06,350.51
1,1,2026-06-26,235.11
1,1,2026-05-15,247.58
332,4,2026-03-28,105.61
34,3,2026-07-26,92.99
129,10,2026-02-08,432.37
88,2,2026-01-27,31.77
5248,6,2026-07-27,323.87
35,1,2026-06-16,119.12
4,2,2026-07-26,404.57
2,2,2026-07-25,483.51
26,1,2026-02-01,248.39
1,3,2026-08-01,24.5
3,29,2026-06-17,280.88
12,2,2026-02-17,19.15
158,1447,2026-08-08,406.14
4,19,2026-07-02,145.63
14,17,2026-07-18,227.65
15,22,2026-04-15,209.48
1,352,2026-05-26,144.8
6,1,2026-08-20,270.72
140,4,2026-08-16,409.09
6,1,2026-01-13,17.86
1663,5,2026-08-03,361.21
1,2,2026-06-08,266.76
1,4,2026-01-03,71.49
4,33,2026-05-25,21.0
6,10,2026-06-13,119.7
2,1,2026-05-24,348.7
1,1,2026-03-14,96.11
4,4,2026-01-25,35.57
1,1,2026-08-08,371.46
48,190,2026-02-24,89.58
1,7,2026-03-25,184.21
4973,20,2026-03-12,367.85
5,15,2026-08-28,388.81
23,98,2026-05-23,36.58
6,11,2026-01-08,155.04
3,19,2026-08-03,321.86
132,92,2026-03-26,210.88
553,7,2026-08-16,23.37
5,5,2026-01-23,62.54
82,1,2026-05-24,358.44
3,11,2026-05-26,317.13
2,2,2026-05-17,74.3
1,6,2026-08-07,118.13
3,3,2026-07-05,108.43
79,2,2026-02-16,222.38
3031,2,2026-03-10,116.87
8,4,2026-06-28,185.57
2,411,2026-01-14,421.64
1,2,2026-03-05,242.01
5,2,2026-04-01,444.67
5,1,2026-04-23,316.8
14,15,2026-08-28,361.03
4,1,2026-01-21,491.01
14,1,2026-08-03,115.25
3,25,2026-08-16,293.82
165,1,2026-01-23,167.42
8,3,2026-07-12,188.88
280,2,2026-08-14,128.29
3,4,2026-05-13,459.07
314,7,2026-07-12,406.64
3,6,2026-07-16,490.44
3,14,2026-08-10,96.18
1,2,2026-01-02,88.93
54,31,2026-08-26,56.21
2,2,2026-01-02,143.07
9,17,2026-06-16,378.58
1,1,2026-07-05,291.16
1,5,2026-04-11,405.68
5989,1,2026-01-26,379.76
11,1,2026-04-03,302.59
6,2,2026-03-27,239.08
1,1,2026-03-05,92.0
2,4,2026-01-10,267.4
1,67,2026-07-07,90.31
1,1475,2026-08-11,266.54
1,1,2026-02-04,458.26
3,30,2026-06-23,464.22
2,24,2026-03-06,477.93
272,2,2026-06-20,352.02
4461,8,2026-07-07,21.82
154,1,2026-03-26,8.91
1,1,2026-08-08,407.11
1,4,2026-03-02,132.24
255,4,2026-04-01,11.81
22,146,2026-07-19,498.83
3,62,2026-07-06,120.3
4,19,2026-05-12,82.18
2,257,2026-03-28,65.94
10,43,2026-08-07,428.29
375,271,2026-02-26,196.59
2,1,2026-05-26,417.74
1,1,2026-05-27,165.13
4077,11,2026-02-25,295.24
3,6,2026-08-25,317.75
7,3,2026-03-18,475.3
2,1,2026-01-15,382.67
3,2,2026-04-10,302.51
21,9,2026-08-10,313.18
379,36,2026-05-13,489.65
3,20,2026-07-22,95.12
81,7,2026-02-08,313.31
166,231,2026-01-16,336.48
4,4,2026-02-27,77.33
1,1,2026-07-22,91.78
4,1,2026-02-04,373.87
1,13,2026-01-19,120.34
1516,1,2026-07-21,53.98
2,2,2026-08-20,98.3
2,1,2026-02-09,128.1
2,2,2026-04-01,338.07
68,9,2026-02-08,110.02
3,1,2026-04-06,48.06
5,4,2026-02-18,172.59
150,3,2026-02-06,206.73
1,4,2026-05-01,326.08
13,2,2026-08-12,98.77
21,1,2026-07-04,485.58
259,64,2026-01-15,309.7
1,2,2026-04-21,160.73
2164,5,2026-03-16,322.24
5,1,2026-05-10,241.98
4,3,2026-03-02,71.32
3,1,2026-01-02,357.35
5,1,2026-08-21,426.02
16,1,2026-01-06,346.88
317,3,2026-01-24,301.74
1,1,2026-07-27,47.75
59,22,2026-04-22,480.06
4,4,2026-01-05,388.51
1,1,2026-06-11,227.67
1,2,2026-04-11,110.21
1,10,2026-08-11,449.41
10,2,2026-08-02,44.9
3,1,2026-04-28,168.53
8,1,2026-06-08,260.67
11,1,2026-08-01,321.58
9,7,2026-05-03,126.63
2,4,2026-04-28,298.31
7,4,2026-02-12,432.61
13,7,2026-08-09,326.52
64,4,2026-03-26,432.13
1,6,2026-08-12,464.89
46,676,2026-02-13,303.15
1,1,2026-05-27,37.61
9,6,2026-03-10,155.29
2,8,2026-04-17,265.97
1,11,2026-03-05,194.03
1,2,2026-05-11,460.5
758,20,2026-06-08,466.85
3,7,2026-07-24,420.14
10,82,2026-05-05,341.6
3,4,2026-06-23,251.52
1,11,2026-05-28,125.46
32,22,2026-01-13,163.37
5,2,2026-07-19,366.1
180,73,2026-05-06,431.19
2,1,2026-06-03,309.06
61,2,2026-05-23,40.03
22,110,2026-07-23,279.61
2,21,2026-07-22,447.88
17,39,2026-08-22,226.06
5615,128,2026-06-26,317.56
287,242,2026-04-08,201.89
5,12,2026-02-12,264.3
65,2230,2026-02-20,82.94
1,6,2026-08-03,287.93
3,4,2026-05-27,319.51
2,1,2026-07-21,435.97
4,1,2026-07-15,116.35
7,1,2026-02-22,35.49
13,30,2026-02-09,50.07
2,8,2026-01-09,357.42
1,1,2026-04-13,66.99
1,3,2026-06-03,287.28
6,231,2026-05-25,179.7
1,14,2026-02-23,130.54
1,3,2026-05-02,143.48
1,45,2026-07-25,23.26
9,1,2026-04-27,355.06
1,356,2026-04-08,315.22
10,8,2026-08-12,26.36
1,2,2026-08-21,40.29
2,2,2026-03-18,306.05
4,1728,2026-04-18,352.47
9,1,2026-05-13,474.4
335,5,2026-04-21,83.43
16,1,2026-03-05,87.65
1277,641,2026-05-24,8.78
7,75,2026-08-05,220.65
1,961,2026-04-27,222.68
50,1,2026-05-26,123.47
3,225,2026-04-12,217.53
1,1,2026-08-09,409.56
1,1,2026-05-08,385.72
1,148,2026-02-13,462.1
62,6,2026-05-10,353.42
1,1839,2026-04-19,227.72
1,1,2026-08-24,425.21
3,2,2026-05-02,34.25
1,2,2026-02-26,216.85
2,13,2026-01-17,450.45
27,32,2026-03-19,242.26
111,17,2026-01-08,61.09
2,27,2026-03-25,97.99
2,7,2026-04-12,476.09
1,4,2026-03-07,437.68
7,2,2026-03-01,203.0
22,5,2026-02-07,251.22
32,2,2026-08-14,64.25
39,1,2026-01-10,149.66
2,4,2026-07-03,286.48
1,15,2026-08-03,18.01
858,111,2026-06-21,204.91
18,901,2026-03-13,226.21
90,3,2026-02-03,252.98
29,8,2026-02-19,400.9
1,25,2026-05-01,282.07
1,65,2026-04-25,358.52
47,1,2026-04-10,280.27
5,2,2026-03-18,229.95
10,2,2026-04-05,497.76
1,165,2026-07-02,18.64
4,1,2026-07-05,438.73
986,569,2026-04-18,185.39
8,1,2026-07-05,358.51
13,12,2026-03-14,439.64
18,1,2026-03-09,86.94
16,10,2026-03-25,153.09
1,74,2026-05-05,123.1
4955,1,2026-06-22,324.62
203,10,2026-03-21,95.44
88,111,2026-05-13,177.18
1,35,2026-01-15,383.99
10,14,2026-08-15,469.22
46,50,2026-05-12,443.4
3,12,2026-07-14,428.58
8,9,2026-01-27,236.16
1,8,2026-01-05,212.83
7,1,2026-08-26,436.32
49,2,2026-04-01,417.49
52,36,2026-08-01,341.51
1,8,2026-06-11,461.74
3,1,2026-03-10,407.44
1,17,2026-04-21,18.82
1,2,2026-05-16,220.02
1,31,2026-08-20,145.02
4,172,2026-04-07,261.92
83,2,2026-08-20,458.07
40,2,2026-05-03,273.67
1,9,2026-08-19,416.27
21,9,2026-02-18,65.75
1,4,2026-01-15,241.48
6,11,2026-02-14,24.36
1,1,2026-03-12,268.26
545,5,2026-01-12,436.34
29,1,2026-02-11,487.79
2,16,2026-04-10,269.77
2,21,2026-02-19,170.01
6,14,2026-02-19,498.69
1,7,2026-08-10,168.94
11,12,2026-06-05,356.48
1,3,2026-02-27,215.62
3,1,2026-01-15,368.0
4,1,2026-07-05,437.59
3,54,2026-03-26,152.64
2,7,2026-02-07,218.43
23,2,2026-03-03,66.02
5,8,2026-02-06,368.15
280,2,2026-06-26,277.72
2,3,2026-04-28,323.63
1,3,2026-06-28,302.89
3,8,2026-06-22,34.67
1,1,2026-08-02,16.75
1,1,2026-01-13,430.92
4,3,2026-04-26,424.62
373,4,2026-01-15,390.03
2,1,2026-04-11,116.99
1,2,2026-05-16,496.99
14,1639,2026-04-17,290.46
230,47,2026-01-26,387.74
2,7,2026-06-27,472.25
89,1,2026-03-12,359.29
1,32,2026-08-11,343.17
5,1,2026-02-25,434.11
1,1,2026-07-04,399.31
16,392,2026-02-25,119.98
76,8,2026-03-15,183.08
4,3,2026-07-15,253.54
8,2,2026-08-24,388.87
3,727,2026-06-14,260.09
8,3,2026-07-22,21.85
3,23,2026-04-17,183.32
3,29,2026-07-27,358.06
39,7,2026-05-10,376.54
2,16,2026-08-28,189.98
3,520,2026-03-02,261.85
4,5,2026-03-12,495.05
1,125,2026-05-11,477.01
5,1,2026-01-10,33.49
1,901,2026-07-05,94.54
1,268,2026-02-25,241.58
81,39,2026-05-02,233.17
2,4,2026-02-10,442.71
180,88,2026-01-28,360.6
53,167,2026-08-08,48.67
2,1,2026-08-18,407.88
2,1,2026-02-16,21.09
8,12,2026-04-26,361.36
3,4,2026-03-23,268.81
12,10,2026-06-22,452.67
2,7,2026-05-24,260.42
35,2,2026-04-04,441.53
1,713,2026-03-06,7.88
214,1,2026-01-16,247.23
1,9,2026-04-24,171.89
2,2,2026-05-26,320.65
79,1,2026-08-02,61.71
2,21,2026-06-19,166.85
80,1,2026-03-13,94.85
222,10,2026-02-22,449.43
1,3,2026-03-09,450.94
2,1,2026-03-17,229.83
6,1,2026-04-19,441.59
2,22,2026-03-07,366.73
2,16,2026-01-08,416.66
39,1819,2026-02-15,104.87
14,1,2026-04-13,206.87
1,12,2026-05-06,262.96
1,5,2026-05-23,54.05
5,976,2026-08-10,41.97
4,1,2026-06-15,261.23
17,29,2026-01-09,292.01
3,1211,2026-05-09,138.67
359,6,2026-03-14,340.3
2,1,2026-04-22,326.74
136,15,2026-06-23,348.11
253,14,2026-04-27,470.26
514,15,2026-07-23,26.14
2,1,2026-05-19,358.38
8,12,2026-03-16,311.72
4,17,2026-03-04,368.9
26,1,2026-08-16,333.75
19,2,2026-08-23,443.25
1,1,2026-02-22,387.92
550,7,2026-08-07,341.22
1,11,2026-03-12,213.45
4,2,2026-07-16,484.38
9,1,2026-07-24,498.71
7,1,2026-06-12,345.62
241,44,2026-06-19,366.54
2,68,2026-03-08,208.83
4,5,2026-08-13,28.86
1,1,2026-04-12,140.85
1,21,2026-08-26,7.18
5,2,2026-05-28,329.84
1,7,2026-02-02,372.28
1,3,2026-04-09,441.35
27,1,2026-04-18,93.86
3,212,2026-07-05,246.43
8,1,2026-07-19,265.33
32,1,2026-04-17,86.97
1,1066,2026-06-11,176.97
181,30,2026-03-07,490.78
4,3,2026-07-26,98.2
3,7,2026-07-27,70.09
2,7,2026-05-10,346.56
3,3,2026-08-23,492.35
5,8,2026-08-06,357.61
7,4,2026-02-19,244.68
10,37,2026-01-01,427.11
57,29,2026-01-18,203.2
48,172,2026-05-13,269.61
5,93,2026-02-15,413.77
1,1,2026-02-20,420.17
1,1,2026-08-21,414.86
7,1,2026-08-04,312.85
4,3,2026-02-23,348.26
21,1,2026-02-24,177.22
10,2,2026-04-17,54.33
12,1,2026-07-05,31.55
80,9,2026-08-21,55.62
6,2,2026-03-21,243.91
7,1,2026-01-08,87.08
229,7,2026-05-12,100.98
4,21,2026-07-15,434.99
1,2,2026-06-21,139.8
6,25,2026-05-16,39.14
1,542,2026-06-14,271.87
1,2,2026-04-04,145.37
2,4,2026-08-24,45.65
226,49,2026-04-23,79.69
1,15,2026-04-01,230.72
1,17,2026-01-15,294.05
3,1,2026-06-13,206.51
252,41,2026-06-24,192.21
67,412,2026-05-26,434.84
3,1,2026-08-05,22.98
1,72,2026-06-28,207.91
130,2,2026-07-22,422.42
1,16,2026-06-15,89.65
1,1,2026-07-20,431.63
11,1,2026-01-09,65.28
2,902,2026-05-21,302.63
2,1,2026-02-27,157.87
11,17,2026-06-13,495.69
4,447,2026-04-21,173.92
2,3,2026-06-08,43.85
1,1,2026-06-25,359.8
2,3,2026-08-10,385.39
12,7,2026-06-15,257.58
23,1297,2026-03-22,98.23
1,108,2026-03-20,94.2
7,2,2026-06-02,388.32
11,10,2026-02-04,256.58
1,2,2026-01-22,376.39
12,1,2026-04-11,392.51
1755,6,2026-08-27,269.82
7,101,2026-04-05,307.56
2,7,2026-03-21,331.91
19,5,2026-01-13,284.69
83,4,2026-06-11,109.26
1,16,2026-01-26,365.73
1,2100,2026-05-05,112.25
1,4,2026-07-01,141.48
1,4,2026-01-11,219.43
2,2,2026-07-14,157.98
30,1,2026-08-16,201.25
38,865,2026-08-04,212.46
1,2733,2026-07-22,382.19
4,7,2026-08-17,412.61
4,1,2026-07-05,492.48
5,2,2026-06-02,331.51
46,3,2026-04-08,445.57
1,63,2026-07-23,38.81
1,2015,2026-08-12,269.37
1,1,2026-01-13,121.32
82,4,2026-07-26,405.68
53,1,2026-05-09,384.07
4,4,2026-05-02,364.42
2,2,2026-08-09,317.1
226,2,2026-08-14,410.5
97,29,2026-06-24,116.56
4,424,2026-04-07,430.6
2,1,2026-03-16,200.34
12,13,2026-01-15,307.23
1,2,2026-08-14,451.3
235,135,2026-05-14,397.36
133,1,2026-07-12,396.46
4,24,2026-06-03,37.64
1,1,2026-02-27,394.24
2,1,2026-01-22,494.18
1279,679,2026-03-23,44.83
1,5,2026-03-21,397.6
3,18,2026-08-27,14.62
1,1,2026-03-04,219.86
241,4,2026-03-25,73.53
3,2,2026-08-17,141.03
12,1296,2026-07-21,243.76
50,11,2026-04-24,218.74
1,4,2026-02-11,241.92
1,19,2026-06-15,269.08
71,1,2026-06-11,117.3
2,1,2026-01-14,240.82
2,1,2026-04-26,24.67
2,281,2026-01-18,294.42
4,52,2026-06-26,313.4
117,2,2026-03-26,336.35
100,1,2026-07-06,304.73
12,429,2026-08-11,24.73
5,18,2026-06-25,357.25
6,11,2026-07-11,57.64
10,40,2026-08-14,355.17
8,45,2026-08-23,415.23
151,72,2026-06-16,447.69
220,8,2026-08-03,35.49
1,6,2026-02-19,193.07
2,28,2026-06-09,332.35
15,16,2026-02-19,60.48
5,1,2026-02-11,58.72
3,39,2026-05-12,336.59
38,105,2026-07-02,225.16
5,1,2026-08-06,487.68
1,6,2026-08-03,126.78
62,8,2026-08-10,111.33
1,45,2026-07-27,351.46
14,38,2026-03-17,113.38
345,1,2026-04-01,96.71
38,1,2026-04-22,156.11
3,23,2026-01-24,85.39
7,1,2026-05-23,252.76
11,1,2026-02-26,350.47
1,1,2026-04-18,401.38
22,2,2026-03-20,106.6
4,59,2026-03-07,208.37
16,56,2026-07-02,245.82
790,963,2026-05-13,486.16
1,1,2026-03-18,370.59
6,2,2026-01-02,466.61
10,7,2026-04-24,347.12
1,6,2026-02-27,206.66
1,11,2026-06-23,20.44
3,1,2026-06-09,451.46
138,1,2026-02-23,31.43
3,1,2026-04-04,460.68
1,1,2026-04-02,49.62
614,1,2026-06-16,302.88
2,1,2026-08-14,343.48
22,1,2026-01-26,249.7
2,1,2026-08-06,276.46
1544,2,2026-01-07,265.69
4,1,2026-04-23,23.32
4,205,2026-07-14,89.42
3,2,2026-08-22,279.46
11,4,2026-06-08,14.7
2,140,2026-08-15,286.54
10,1,2026-07-20,396.84
1,33,2026-01-24,227.26
1,6,2026-07-26,93.93
178,1,2026-06-22,427.47
513,2,2026-07-04,456.95
52,16,2026-04-10,362.68
116,1,2026-01-20,450.85
16,3,2026-07-25,131.32
1,11,2026-06-03,165.75
12,125,2026-08-09,402.09
1,1,2026-05-09,430.05
2,1,2026-05-19,122.72
2,25,2026-06-08,262.77
9,47,2026-06-16,254.22
1,1,2026-07-07,46.46
22,112,2026-05-26,107.38
1,1,2026-06-26,8.5
1,6,2026-06-08,48.2
1,113,2026-04-18,475.57
20,2,2026-01-19,143.82
68,1,2026-02-09,329.55
21,1,2026-05-23,69.36
1,1,2026-08-28,186.33
7,36,2026-07-08,495.07
74,1,2026-04-27,145.87
43,31,2026-08-23,369.18
2,15,2026-03-03,289.28
500,1,2026-03-01,389.95
1,1,2026-01-01,113.36
10,67,2026-07-06,91.09
1270,1,2026-05-04,369.27
3,3,2026-04-04,204.71
45,2,2026-02-05,367.71
1,1,2026-07-28,454.47
1,593,2026-06-07,384.48
30,5,2026-04-19,35.52
330,90,2026-01-14,480.33
10,3,2026-01-04,406.03
4,11,2026-01-17,447.12
1,519,2026-08-27,31.75
1,3,2026-03-03,242.96
90,2,2026-04-08,23.61
235,3,2026-01-24,324.58
6,53,2026-05-27,153.33
3,41,2026-07-02,270.63
1089,8,2026-06-01,75.6
1,1,2026-03-19,386.92
1,2,2026-01-06,424.58
65,60,2026-08-05,466.08
1,2,2026-07-16,298.55
49,1,2026-03-14,452.25
5,275,2026-07-04,164.85
26,262,2026-07-04,191.02
1,10,2026-01-23,440.77
1,1,2026-01-15,60.28
2,1,2026-07-09,127.44
1,46,2026-01-04,146.7
48,123,2026-01-24,210.76
1,7,2026-02-27,247.9
1,86,2026-05-20,67.11
1,1,2026-08-09,171.46
69,1,2026-05-07,379.49
1,1,2026-04-07,168.16
3,152,2026-02-14,194.94
3,142,2026-03-13,372.72
1,1,2026-07-10,427.97
8,1,2026-06-08,79.18
69,1,2026-03-23,330.37
1,3,2026-08-02,158.93
1,1,2026-07-11,195.33
1,1,2026-08-27,129.14
349,3,2026-01-01,391.85
2,1,2026-07-11,42.74
3,14,2026-07-15,255.79
12,2,2026-05-10,103.68
4,5,2026-08-22,472.72
1,2,2026-07-23,433.53
2,6,2026-02-06,164.46
3,34,2026-08-13,121.99
3,4,2026-08-22,62.31
1,8,2026-03-14,23.49
6632,1,2026-03-19,13.13
82,86,2026-03-10,118.72
75,4,2026-05-15,237.82
3,1,2026-07-02,221.07
7,313,2026-01-09,155.72
2,4,2026-08-06,289.38
19,14,2026-08-17,370.33
1,15,2026-08-05,205.5
3,1,2026-04-25,112.63
17,23,2026-01-28,147.76
702,1,2026-06-17,368.75
2,11,2026-03-17,262.3
24,7,2026-05-28,249.74
3,15,2026-01-20,289.85
29,52,2026-07-28,274.28
26,8,2026-06-08,197.79
3,69,2026-01-17,489.97
4,4,2026-07-12,117.06
1,37,2026-01-05,232.63
19,2,2026-08-03,455.22
1,3,2026-04-14,52.76
5,57,2026-01-26,280.54
7,33,2026-04-04,338.26
47,18,2026-03-24,333.1
125,3,2026-01-26,213.84
3,2,2026-04-27,420.58
4,9,2026-03-09,148.81
9,3,2026-04-10,25.48
1,4,2026-02-15,63.89
103,1,2026-03-10,28.82
2,1,2026-06-18,403.94
2,49,2026-01-12,190.27
1,217,2026-02-08,94.79
2562,4,2026-07-20,178.47
5,347,2026-08-09,220.34
37,3,2026-02-17,483.63
148,1,2026-03-17,135.13
21,1781,2026-04-10,229.77
2,20,2026-01-07,79.65
1,109,2026-02-24,219.81
8,2,2026-03-13,168.18
1,2,2026-06-18,185.35
184,2,2026-01-15,447.13
9,109,2026-01-07,482.94
3,3,2026-05-14,346.21
8,203,2026-02-12,233.31
3,1,2026-02-21,415.76
1,8,2026-05-14,133.17
1,12,2026-03-12,168.07
108,1,2026-08-14,365.07
1,2,2026-07-14,440.97
2,6,2026-04-01,57.09
1,1,2026-07-06,257.62
2,18,2026-04-07,445.54
2,16,2026-05-06,434.08
7,2,2026-03-27,222.23
5,1,2026-04-14,452.34
21,15,2026-08-26,438.91
17,843,2026-04-13,94.23
63,55,2026-01-26,139.3
3,3,2026-06-04,197.66
4,3,2026-01-13,193.37
1,198,2026-01-15,398.95
6,7,2026-08-16,403.6
1,1,2026-07-18,240.22
28,16,2026-02-13,349.15
6,1,2026-03-04,45.77
5,2,2026-06-23,68.34
2,1095,2026-07-28,388.35
14,1,2026-05-20,384.24
1,5,2026-01-18,93.72
11,1,2026-02-04,371.64
37,1,2026-08-04,203.17
2,97,2026-06-21,136.13
1,13,2026-08-22,204.75
3,1,2026-07-01,74.86
4,2,2026-07-19,291.37
3,17,2026-08-16,382.82
1,10,2026-01-01,144.25
5,2,2026-01-21,60.52
2,40,2026-01-23,435.95
2,1,2026-05-27,179.55
2,3,2026-01-16,167.81
21,1,2026-01-17,420.1
1,115,2026-04-08,109.76
396,8,2026-01-26,341.06
1,1217,2026-03-19,87.61
5,1,2026-04-07,288.08
22,10,2026-01-07,236.25
1,1,2026-04-20,126.49
4559,24,2026-04-23,406.35
13,3,2026-06-12,430.27
1,63,2026-07-21,251.0
2234,2,2026-03-25,310.75
1,38,2026-04-10,82.9
6,1,2026-03-27,130.26
1,9,2026-07-03,81.13
16,2,2026-06-28,458.1
6,80,2026-02-05,380.26
17,1,2026-05-01,416.74
1,59,2026-04-06,272.05
1,6,2026-01-07,7.96
3,2,2026-01-16,241.45
1,47,2026-08-10,177.48
225,342,2026-08-12,209.53
1,2,2026-02-16,180.84
4,2,2026-07-22,139.73
4,1,2026-04-25,276.82
6,1,2026-03-17,309.38
215,8,2026-07-04,396.31
12,3,2026-01-21,355.9
2,1,2026-06-09,68.72
3,2,2026-05-21,309.88
1,34,2026-06-14,272.2
19,3,2026-08-07,276.32
16,4,2026-05-13,144.88
570,16,2026-04-11,319.45
2955,1,2026-07-08,88.03
4,37,2026-07-13,150.36
1,12,2026-01-06,499.11
136,5,2026-08-02,213.96
10,1,2026-06-15,496.44
4,1,2026-01-08,124.27
1,52,2026-04-01,482.85
977,7,2026-07-03,31.44
36,5,2026-05-28,36.15
4,53,2026-04-17,287.44
1,5,2026-05-01,276.99
830,92,2026-06-11,352.3
1,2219,2026-08-27,202.25
1,130,2026-07-08,321.2
2,695,2026-04-15,6.11
8,11,2026-03-27,69.56
34,9,2026-02-20,458.52
11,2,2026-03-21,435.58
2,2,2026-03-28,377.0
20,2,2026-01-19,343.24
3,9,2026-01-13,207.99
20,6,2026-04-22,113.29
36,31,2026-04-22,81.74
13,26,2026-07-19,403.18
4,1793,2026-07-03,369.9
25,34,2026-03-10,202.53
1,9,2026-05-18,28.18
7,5,2026-06-19,440.9
232,2,2026-07-09,120.0
4,17,2026-06-14,76.88
6,1,2026-05-21,455.76
2,8,2026-01-02,367.17
5884,4,2026-01-01,151.55
17,18,2026-03-25,400.25
16,6,2026-02-22,28.87
1,7,2026-05-01,315.69
1,19,2026-01-01,263.96
47,3,2026-06-24,43.94
8,2,2026-07-18,433.65
2553,15,2026-04-26,421.0
336,48,2026-04-03,247.77
6,1,2026-04-08,462.11
1,1,2026-06-01,499.16
2,2,2026-04-19,184.97
3,1,2026-08-10,13.17
88,1,2026-08-23,374.67
7,3,2026-07-07,229.45
10,42,2026-08-21,184.04
65,15,2026-06-12,27.86
3,29,2026-07-20,221.77
3,3,2026-02-28,314.88
437,2,2026-03-21,281.45
11,1,2026-06-03,392.21
9,8,2026-01-11,151.31
215,2,2026-01-22,113.67
5,1,2026-04-18,138.88
155,1,2026-02-18,243.24
16,4,2026-06-15,32.87
16,3,2026-04-24,255.27
70,29,2026-02-08,263.6
4,3,2026-08-26,90.12
1,1,2026-01-06,476.07
1683,1,2026-05-17,459.51
1,18,2026-03-04,369.49
2,13,2026-06-01,193.98
4,3,2026-04-24,480.33
62,5,2026-06-16,30.27
13,1,2026-04-11,90.53
27,2,2026-02-17,453.13
381,52,2026-02-03,32.45
156,6,2026-01-11,224.74
84,28,2026-05-19,358.16
17,1,2026-01-23,302.99
8,1,2026-06-18,217.48
8,422,2026-08-28,254.01
519,1,2026-01-22,77.73
4,2,2026-04-05,340.11
10,289,2026-02-03,22.51
446,1,2026-03-25,55.48
2,1,2026-03-14,134.12
3891,1,2026-05-23,499.09
1,209,2026-08-19,43.7
1,2,2026-01-27,299.35
2,850,2026-03-20,29.7
1,659,2026-07-13,97.0
3,326,2026-08-17,445.92
58,14,2026-08-12,189.32
1,721,2026-02-08,205.79
66,1,2026-08-20,158.02
1496,7,2026-06-01,278.0
7,2,2026-08-01,339.25
16,1,2026-06-16,41.53
5,61,2026-05-20,251.21
1,99,2026-07-17,180.04
666,2576,2026-03-02,409.4
2,1,2026-06-24,260.73
18,74,2026-02-25,230.76
2,31,2026-05-14,480.06
8,2,2026-03-07,206.88
8,14,2026-05-05,79.69
5,1,2026-02-17,344.9
116,5,2026-05-15,412.8
2,7,2026-08-15,160.33
11,18,2026-02-21,408.36
297,24,2026-03-16,276.0
1,1,2026-02-11,473.64
20,1,2026-06-14,127.86
33,10,2026-05-09,24.53
4,6,2026-03-18,96.17
2,5,2026-03-16,235.48
2,7,2026-07-19,135.56
1,577,2026-02-20,94.24
1,5,2026-02-25,195.33
11,465,2026-01-17,83.94
54,27,2026-05-26,246.82
256,123,2026-04-14,454.67
9,3,2026-04-09,324.75
26,11,2026-05-24,249.78
76,5,2026-03-14,176.14
2,27,2026-06-01,46.47
1,57,2026-02-13,305.64
6,1,2026-02-21,408.24
50,4,2026-07-23,321.93
1,2675,2026-08-03,322.85
6,6,2026-03-08,276.6
5,424,2026-05-28,12.75
1,3,2026-04-17,345.3
4,6,2026-06-20,25.28
24,17,2026-07-21,400.15
23,4,2026-08-07,97.81
1,4,2026-04-09,382.67
3,26,2026-04-15,194.35
1,39,2026-06-27,146.01
2,1,2026-05-25,7.9
131,2,2026-05-25,107.47
3,7,2026-02-01,364.74
3,1,2026-03-25,284.29
2,5,2026-05-12,273.45
32,5,2026-05-10,376.65
4,10,2026-02-18,261.22
3,1,2026-04-15,153.82
2041,3,2026-08-10,124.95
35,6,2026-04-24,77.91
2,87,2026-02-07,215.93
12,1,2026-08-06,95.46
4,424,2026-04-18,127.87
1,6,2026-07-07,279.36
4,22,2026-02-01,232.08
25,2,2026-03-27,333.62
13,161,2026-05-09,376.13
8,1,2026-02-01,19.49
1,1,2026-01-20,72.34
71,1,2026-03-16,60.46
26,1,2026-05-11,320.66
3,11,2026-07-04,371.17
98,241,2026-05-05,472.75
4,20,2026-04-02,461.0
1,1,2026-05-08,238.62
27,189,2026-06-22,13.04
1,329,2026-05-24,229.71
102,32,2026-07-13,488.42
10,5,2026-06-02,291.87
6,5,2026-06-12,445.66
37,2,2026-08-22,176.26
9,8,2026-02-24,58.71
21,3,2026-07-28,69.18
119,1,2026-05-15,190.42
2,2,2026-07-28,466.18
664,27,2026-05-24,398.49
1,1383,2026-04-28,250.17
4,14,2026-07-11,410.71
1,1,2026-03-24,131.17
1,6,2026-07-16,21.79
1,6,2026-07-27,485.54
3,1015,2026-08-01,371.53
4,19,2026-05-12,201.29
1,8,2026-02-13,180.9
4,14,2026-04-03,431.09
28,43,2026-07-01,437.65
15,405,2026-01-22,396.7
8,1,2026-02-06,241.58
4,139,2026-04-07,480.83
32,1,2026-08-22,208.34
19,1,2026-04-12,186.88
1,1,2026-01-26,441.51
89,79,2026-06-01,17.85
1,14,2026-07-28,293.96
118,1,2026-02-13,416.84
3,2,2026-02-21,340.37
11,1,2026-04-16,69.67
1563,1,2026-01-07,483.38
1,39,2026-05-02,187.5
6,317,2026-01-25,414.33
185,3,2026-07-08,85.52
1,5,2026-08-02,244.0
31,110,2026-06-28,91.79
5,6,2026-05-03,77.72
222,1,2026-01-26,85.65
1,1,2026-05-03,346.41
24,1,2026-06-16,34.32
1,348,2026-05-09,134.52
1,16,2026-05-14,137.4
438,11,2026-03-13,233.38
5,2,2026-04-07,280.52
1,127,2026-03-17,344.75
2,34,2026-06-23,77.35
1320,1,2026-06-11,454.99
5902,4,2026-07-16,371.89
6,3,2026-05-09,26.5
33,10,2026-02-25,79.78
2,7,2026-05-02,164.49
6,1,2026-02-05,92.46
1,75,2026-01-11,193.85
12,1,2026-03-24,17.83
1,9,2026-07-28,219.1
424,9,2026-08-12,310.62
6,3,2026-01-08,179.48
7,199,2026-01-08,343.77
3,5,2026-04-17,200.52
1,5,2026-07-25,268.11
3,2,2026-06-11,234.1
5284,1,2026-07-23,224.38
1,3,2026-06-18,275.56
3,4,2026-03-04,213.16
15,199,2026-04-26,171.83
197,1,2026-02-27,38.0
5,11,2026-04-22,307.26
41,5,2026-06-01,73.68
773,19,2026-08-28,305.59
6,2,2026-02-22,217.78
102,3,2026-01-08,262.54
1,5,2026-07-22,455.34
4,1,2026-07-01,327.21
3,54,2026-02-19,154.04
8,7,2026-08-12,9.14
20,31,2026-01-25,336.3
85,5,2026-05-16,259.84
2,1,2026-01-28,242.53
7,3,2026-07-27,495.1
20,11,2026-02-28,158.19
9,8,2026-05-24,490.87
14,10,2026-05-24,67.58
11,1,2026-05-22,489.31
8,28,2026-04-01,305.12
1,111,2026-04-28,288.96
2,100,2026-04-04,413.26
11,44,2026-03-24,400.2
12,9,2026-05-09,130.07
4,7,2026-08-11,325.05
184,50,2026-01-27,16.0
6,1,2026-02-07,90.72
20,2,2026-02-15,342.61
189,5,2026-06-26,231.77
1,2,2026-03-12,256.55
1,553,2026-01-02,481.54
9,1264,2026-01-04,348.35
20,3,2026-05-03,182.65
8,112,2026-08-17,99.2
87,10,2026-03-26,331.73
17,10,2026-05-01,155.64
1,368,2026-07-15,116.47
341,1,2026-05-18,256.37
5,3,2026-05-11,382.7
244,1,2026-08-16,300.8
1,2,2026-07-05,368.16
1,3,2026-01-12,168.32
22,1999,2026-07-01,87.57
23,15,2026-03-20,333.43
1,45,2026-03-04,165.01
1,10,2026-01-17,118.49
1,1,2026-08-20,353.39
4,242,2026-01-19,150.02
1821,2,2026-05-01,428.48
1,4,2026-04-11,206.11
3,8,2026-03-27,400.43
13,5,2026-08-08,89.04
17,2,2026-08-22,54.98
1,2,2026-08-03,297.53
1,40,2026-03-10,486.92
2498,4,2026-08-28,323.69
3,4,2026-05-17,350.47
1,2,2026-01-08,183.12
9,4,2026-02-19,302.56
140,1,2026-04-03,349.64
14,1,2026-01-26,247.68
3,4,2026-07-20,271.63
1,1,2026-07-27,431.55
49,1,2026-06-13,497.54
1,16,2026-08-11,59.75
11,13,2026-02-20,264.77
1,2,2026-02-11,438.77
9,9,2026-04-04,18.87
8,357,2026-04-02,252.05
9,12,2026-07-10,38.07
999,1,2026-05-13,431.71
1,1,2026-01-16,375.4
39,2,2026-08-02,427.01
1,30,2026-08-10,498.16
2,1,2026-07-14,38.73
3,4,2026-06-04,39.69
1,6,2026-01-05,311.93
77,1,2026-03-04,216.23
3628,1,2026-08-10,403.97
24,528,2026-01-21,163.32
15,8,2026-08-07,187.19
1,1,2026-05-08,429.75
1,3,2026-02-05,166.38
1,10,2026-04-22,345.83
4,522,2026-04-16,444.89
3,9,2026-05-23,154.23
1,1,2026-04-10,231.49
1,6,2026-03-16,300.79
1953,1,2026-01-19,229.71
23,22,2026-01-17,257.56
5,5,2026-07-16,24.9
228,94,2026-07-12,363.08
1,12,2026-08-19,43.51
2,42,2026-06-20,42.07
1,1,2026-03-02,41.17
6,23,2026-07-04,166.65
2,1,2026-02-07,376.08
8,107,2026-07-02,420.12
986,112,2026-07-01,273.05
17,1,2026-06-13,28.26
43,26,2026-06-20,372.19
18,17,2026-08-19,468.77
1,105,2026-04-14,373.54
15,2,2026-08-17,163.95
1,1,2026-07-13,229.38
56,1,2026-01-12,33.55
4,1,2026-05-10,130.95
1,147,2026-01-17,180.73
1,24,2026-01-23,365.14
10,5,2026-07-01,257.46
1131,645,2026-02-06,133.83
7,21,2026-01-03,404.45
16,1,2026-03-17,290.46
2,2,2026-04-16,475.74
1,2349,2026-08-26,420.77
104,1,2026-03-05,305.83
1,3,2026-05-18,303.23
2,22,2026-01-27,435.9
14,2,2026-05-18,45.42
3,14,2026-07-06,24.66
3,1,2026-02-10,325.83
1265,400,2026-01-19,23.24
5,1,2026-08-25,125.29
10,15,2026-04-05,264.78
1,10,2026-01-26,337.15
2,9,2026-07-08,451.8
4,2,2026-02-18,280.95
1,4,2026-08-05,266.27
2,2,2026-08-21,324.51
2,1,2026-03-21,492.68
2,284,2026-08-17,220.31
1,2,2026-04-28,112.37
36,54,2026-07-18,346.14
1,1,2026-03-13,403.01
2,1,2026-03-11,212.86
21,1358,2026-02-09,293.18
1,3,2026-02-16,361.26
2,4,2026-01-10,95.66
1,37,2026-01-13,319.61
31,28,2026-06-06,173.11
481,2,2026-08-01,296.77
3,42,2026-07-11,219.94
1,1958,2026-08-09,312.73
4978,1,2026-02-15,335.32
2,60,2026-03-25,378.43
3691,1,2026-07-13,36.2
1,3,2026-04-06,225.5
10,49,2026-06-14,241.21
1,5,2026-05-27,445.57
2,4,2026-08-19,27.85
45,1,2026-04-13,365.57
52,1,2026-08-03,262.01
43,2,2026-02-01,488.54
1,4,2026-08-02,9.04
62,46,2026-02-01,40.33
5,4,2026-06-04,449.51
2,633,2026-08-19,259.16
5,1,2026-04-19,361.64
284,22,2026-01-14,340.11
10,19,2026-03-10,127.58
3,47,2026-02-10,477.86
7,1,2026-04-21,23.73
2,1,2026-01-13,396.77
1,77,2026-04-27,193.85
3,2,2026-03-23,217.36
6,16,2026-05-01,495.74
14,1,2026-01-07,65.4
8,2,2026-01-12,145.91
749,678,2026-02-24,100.58
27,1,2026-08-12,371.21
1,84,2026-01-06,467.4
1,158,2026-08-09,317.56
14,4,2026-08-23,229.03
789,1,2026-07-02,419.26
11,97,2026-01-28,439.39
37,76,2026-02-16,90.29
2,83,2026-04-16,450.82
4,1,2026-07-16,194.6
2,18,2026-08-16,189.95
1,10,2026-08-07,282.11
14,4,2026-01-27,435.99
1,1,2026-08-08,317.69
8,68,2026-08-11,400.38
5,2,2026-03-28,85.22
312,27,2026-03-13,42.43
18,8,2026-07-17,83.61
90,3,2026-03-27,214.42
947,52,2026-02-15,430.58
4,13,2026-07-13,473.03
6,9,2026-01-24,261.58
4,1,2026-08-04,112.28
41,5,2026-01-08,314.56
5349,1,2026-04-10,287.03
1,84,2026-06-08,295.24
5,1,2026-02-19,276.44
2,19,2026-03-16,402.9
7,1,2026-08-06,38.59
4,1,2026-03-04,182.01
18,10,2026-04-02,63.37
6,6,2026-04-13,289.62
1,2,2026-07-09,390.25
12,1,2026-06-04,296.29
2,10,2026-08-12,41.5
5012,7,2026-01-14,313.93
1,2,2026-05-03,151.81
1,11,2026-02-08,375.94
1,3,2026-07-04,219.32
7,33,2026-05-09,185.48
20,1,2026-04-24,336.43
100,1,2026-06-13,276.14
18,1,2026-04-07,415.56
1,69,2026-01-02,248.11
1,1,2026-05-08,245.42
6,231,2026-08-15,249.44
1,44,2026-06-19,350.43
3,1,2026-08-13,132.05
1,2,2026-02-26,492.97
3,3,2026-08-20,110.24
11,51,2026-03-14,406.0
3,1,2026-05-05,371.63
1,1,2026-01-20,207.78
1,1,2026-07-18,265.61
6,1273,2026-03-08,450.66
87,2,2026-04-19,324.9
2,38,2026-04-17,132.84
5,293,2026-07-28,438.25
3,7,2026-02-27,150.82
12,5,2026-06-08,315.77
653,7,2026-02-11,476.26
4,1,2026-04-02,367.53
104,6,2026-02-24,351.92
4,1,2026-07-11,108.45
2,3,2026-01-05,127.68
5,5,2026-03-02,55.1
1,2,2026-03-10,432.86
2,5,2026-06-08,285.28
1,4,2026-01-27,113.39
80,185,2026-07-25,226.9
4,92,2026-07-12,347.47
1,27,2026-05-10,412.31
13,1,2026-01-13,218.62
3,89,2026-02-01,343.97
274,5,2026-05-02,42.41
2,94,2026-03-01,125.88
16,124,2026-02-22,476.52
1,92,2026-04-16,450.12
80,2,2026-08-17,381.48
1,3,2026-04-24,261.37
1,2,2026-02-26,267.9
164,1,2026-03-27,268.07
3,33,2026-03-20,289.76
2,12,2026-05-27,183.55
6,30,2026-04-22,418.2
734,551,2026-01-26,163.75
2263,1,2026-07-18,276.73
9,1,2026-06-03,378.5
2,107,2026-05-03,416.17
11,110,2026-04-01,449.98
49,8,2026-02-05,350.35
2,21,2026-03-08,93.22
1617,115,2026-02-16,462.94
47,2,2026-02-13,352.74
1,5,2026-03-08,209.27
316,106,2026-08-11,454.41
79,2285,2026-02-03,6.75
20,62,2026-08-28,183.61
10,4,2026-01-18,303.87
5,17,2026-05-09,318.16
10,5,2026-07-27,167.8
2,49,2026-06-27,315.06
2732,1,2026-08-15,417.98
1,1,2026-04-12,131.02
194,2,2026-05-13,198.57
2,38,2026-01-02,241.3
2,93,2026-05-17,315.38
1,1,2026-07-07,128.45
4,481,2026-03-19,491.61
4,12,2026-05-05,206.54
3,74,2026-06-09,88.7
1,1,2026-04-01,128.11
35,7,2026-04-13,39.44
10,3,2026-05-16,100.98
11,22,2026-03-05,401.95
1,18,2026-05-06,345.19
5,1,2026-04-24,289.55
2,1,2026-02-02,185.09
2,3,2026-03-10,50.86
117,8,2026-02-25,265.9
7,14,2026-04-24,475.3
1,4,2026-04-21,312.94
3,187,2026-08-21,122.93
12,2,2026-02-17,428.33
2,24,2026-05-10,135.53
34,7,2026-06-06,446.89
24,1,2026-02-06,268.04
2,1,2026-04-14,491.7
1,1,2026-06-23,113.5
45,12,2026-06-26,420.3
1,1,2026-07-13,406.71
29,4,2026-05-09,409.47
36,128,2026-01-07,409.36
12,17,2026-08-06,153.92
1,7,2026-01-23,313.45
16,2,2026-02-27,466.71
62,2,2026-01-23,337.68
6,2,2026-04-10,200.66
3,6,2026-06-23,486.19
4,27,2026-06-16,489.72
40,308,2026-08-14,198.55
6,1,2026-07-21,427.59
19,2,2026-08-14,251.21
4,3,2026-04-23,430.56
2,1027,2026-01-19,347.84
6,3,2026-07-10,382.68
2,1962,2026-02-02,281.6
9,2,2026-04-10,20.06
1,5,2026-04-01,132.05
103,1,2026-02-25,270.51
30,3,2026-05-23,234.49
1,1,2026-01-18,21.98
1,2,2026-02-04,161.38
59,14,2026-04-07,200.89
2,57,2026-06-23,291.87
1,9,2026-03-23,191.89
2,1,2026-07-15,255.83
22,1,2026-04-20,289.11
2,1,2026-01-27,214.39
434,3,2026-02-04,12.63
1,26,2026-03-04,118.69
68,88,2026-02-11,52.82
5,2,2026-04-17,157.19
4,5,2026-05-24,271.84
2,6,2026-08-08,120.09
618,1,2026-06-23,241.09
1,1,2026-08-19,409.24
297,14,2026-08-26,320.8
2,1,2026-04-17,416.6
13,23,2026-07-23,77.7
26,7,2026-07-10,116.57
1,949,2026-05-21,59.84
12,1,2026-05-21,394.14
11,13,2026-04-21,406.41
1,1,2026-03-02,289.85
2,51,2026-05-21,390.5
16,949,2026-03-18,233.84
4,32,2026-01-03,221.91
13,1,2026-08-20,334.97
3,6,2026-01-02,261.77
1,1,2026-08-04,140.73
25,5,2026-03-05,268.69
1,19,2026-08-15,491.79
2,1,2026-05-26,353.57
389,1,2026-07-03,461.6
1,124,2026-03-15,80.22
2,1,2026-07-02,38.88
11,25,2026-05-17,178.85
29,241,2026-03-20,14.18
7,57,2026-06-01,311.53
1,1,2026-03-21,447.03
689,19,2026-02-24,335.54
11,2,2026-03-21,424.68
1,11,2026-05-12,292.37
1301,357,2026-01-09,218.17
2,80,2026-01-25,326.19
3,1,2026-07-09,53.87
5,1,2026-05-18,412.71
18,6,2026-03-05,301.29
413,4,2026-02-14,453.31
93,1,2026-02-22,373.67
5,1,2026-08-16,146.1
7,17,2026-01-07,256.48
4,2,2026-06-03,183.49
1,7,2026-04-14,382.94
14,1,2026-04-03,240.7
2,1,2026-04-27,426.0
101,2,2026-05-16,77.83
156,3,2026-05-21,369.56
11,77,2026-03-15,472.25
147,92,2026-02-05,16.06
6,11,2026-06-17,27.19
1,4,2026-05-06,137.5
181,2,2026-04-07,177.16
697,102,2026-01-25,113.73
8,137,2026-02-04,485.29
2,1,2026-03-01,154.69
1,1,2026-06-11,395.41
11,3,2026-08-17,167.37
16,2,2026-04-26,32.92
2,3,2026-08-11,105.85
664,21,2026-07-16,106.18
116,13,2026-04-10,262.94
1591,13,2026-03-01,129.95
3,1,2026-04-19,48.41
16,4,2026-04-01,461.02
1,1,2026-04-02,382.68
140,41,2026-08-26,64.35
1,388,2026-05-20,336.07
10,3,2026-06-23,38.29
2,17,2026-05-22,351.36
8,2,2026-01-22,314.35
7,4,2026-04-20,184.9
8,2,2026-04-16,44.69
470,3,2026-03-21,278.31
7,31,2026-02-19,437.42
8,25,2026-05-16,79.93
1,1,2026-06-07,153.86
3,5,2026-07-16,374.0
2,240,2026-03-02,250.01
1,1,2026-03-26,232.22
400,3,2026-03-17,169.09
7,2,2026-03-15,218.4
8,18,2026-08-13,311.39
499,3,2026-06-15,113.21
42,1,2026-07-16,263.65
148,2,2026-08-10,244.6
281,5,2026-02-08,315.43
2934,1,2026-01-01,268.19
470,5,2026-03-27,134.38
7,1,2026-04-14,120.88
1,1,2026-04-27,160.67
2,2,2026-07-06,341.47
1,5,2026-05-04,104.13
4,4,2026-08-07,33.82
51,20,2026-04-24,286.64
4,1,2026-08-12,219.71
5,401,2026-02-24,61.72
2,1,2026-08-22,392.53
19,1,2026-07-18,120.45
1,5,2026-07-09,261.87
9,18,2026-07-26,357.69
1,4,2026-03-21,287.88
3,2,2026-06-07,103.48
24,1,2026-01-16,97.68
3,11,2026-07-06,180.67
1,2,2026-02-01,89.3
1,6,2026-08-18,128.63
1,97,2026-06-18,438.96
356,18,2026-01-10,7.38
216,1290,2026-05-17,128.84
7,1,2026-04-15,261.57
2,2,2026-08-06,316.47
1,380,2026-01-01,71.43
2,28,2026-06-07,213.68
27,959,2026-01-23,8.33
2,32,2026-03-01,275.67
2,1,2026-04-14,264.69
1,281,2026-02-27,139.94
1,10,2026-01-03,81.28
33,241,2026-08-11,49.42
71,3,2026-04-28,68.35
1,5,2026-06-18,467.76
69,230,2026-06-07,113.95
1,1,2026-04-21,217.27
1,5,2026-02-06,324.71
1,4,2026-05-10,13.92
1,3,2026-03-08,34.43
650,187,2026-05-16,9.36
4,60,2026-01-25,35.31
22,220,2026-02-20,324.98
4,21,2026-07-03,394.26
289,4,2026-07-14,316.88
2,155,2026-04-20,229.72
80,40,2026-08-20,449.3
2,3,2026-06-05,71.82
8,1,2026-03-20,479.36
2,22,2026-02-23,273.56
4,2,2026-03-17,89.6
5,1,2026-03-18,52.68
5,57,2026-08-06,159.58
1,1,2026-02-04,181.92
1,23,2026-01-01,439.09
2,23,2026-04-08,70.66
1,2,2026-01-01,313.25
1,8,2026-03-20,124.19
5,42,2026-04-23,405.25
1381,1,2026-06-20,300.75
4,1,2026-08-13,332.81
13,1,2026-03-12,474.29
406,2,2026-02-04,88.25
13,2,2026-03-08,39.45
2,10,2026-01-23,64.5
2,2,2026-05-06,289.27
7,513,2026-02-07,421.77
5,2,2026-04-13,490.41
21,2,2026-04-08,17.72
144,5,2026-01-03,396.34
9,31,2026-05-28,153.83
5,56,2026-04-16,45.43
4,154,2026-08-10,189.19
1,1,2026-08-02,308.64
5041,30,2026-06-02,361.98
2,15,2026-05-13,282.98
11,127,2026-01-16,468.29
1,2,2026-06-22,40.49
4,1,2026-03-07,187.67
9,13,2026-07-14,424.04
1,1,2026-05-05,221.88
92,8,2026-06-28,169.36
1,10,2026-07-12,372.4
3,228,2026-06-07,109.23
67,2,2026-01-18,351.92
1,3,2026-07-03,349.26
3,2775,2026-04-25,260.55
12,1,2026-05-14,448.19
47,13,2026-07-01,435.25
5,1,2026-01-18,125.44
8,1,2026-02-09,491.85
1342,220,2026-07-06,120.21
1,10,2026-06-23,238.6
1,1,2026-01-15,148.93
17,13,2026-06-02,423.52
8,8,2026-03-19,103.96
298,18,2026-05-08,129.56
9,2,2026-01-09,279.01
532,299,2026-08-24,39.81
1,6,2026-07-09,422.46
16,2,2026-02-23,403.27
2,55,2026-04-25,133.8
132,10,2026-05-17,13.66
26,11,2026-07-01,436.32
6,4,2026-02-03,301.57
1,1,2026-03-18,178.58
1,1,2026-02-02,220.75
1,60,2026-08-09,286.99
6,1,2026-07-28,317.56
10,1,2026-07-06,12.64
3,1,2026-05-27,375.9
3,1613,2026-01-23,200.51
30,26,2026-08-01,158.61
10,1,2026-06-15,370.19
2148,9,2026-02-05,427.14
62,1,2026-06-20,465.72
13,17,2026-06-23,73.2
2,1,2026-02-14,371.28
16,17,2026-01-03,423.92
5,5,2026-07-13,341.77
465,1,2026-01-05,475.67
5,124,2026-07-06,24.11
41,2,2026-06-09,310.84
21,2,2026-08-15,368.7
845,92,2026-04-25,439.15
1,37,2026-01-07,172.3
7,13,2026-04-25,353.75
44,1,2026-04-11,413.54
1,1,2026-01-11,362.22
752,102,2026-02-20,424.17
1,21,2026-01-23,440.52
14,8,2026-03-17,355.26
1,1,2026-04-14,125.29
10,7,2026-07-03,133.39
1,1,2026-07-20,299.11
1,6,2026-06-07,329.31
2,1,2026-03-21,145.89
5,1,2026-04-15,254.96
7,65,2026-06-14,95.28
34,2,2026-04-20,438.79
142,2,2026-07-06,328.7
3452,42,2026-06-07,417.22
1,21,2026-06-03,144.38
209,3,2026-08-11,135.2
1,18,2026-05-07,113.62
164,11,2026-01-06,91.99
4,50,2026-07-12,207.33
21,48,2026-04-25,464.84
7,175,2026-07-22,484.43
9,3,2026-05-04,88.82
1,1,2026-08-03,496.08
117,11,2026-08-19,5.64
2,168,2026-05-25,421.0
3,7,2026-08-15,21.87
1,43,2026-07-03,202.66
14,1,2026-02-14,274.72
15,18,2026-01-08,52.84
3,1,2026-04-08,381.32
17,15,2026-06-16,52.57
1,1,2026-03-27,258.91
1,1,2026-03-12,210.38
11,13,2026-04-16,400.3
1,9,2026-04-01,34.74
2,1,2026-01-01,143.87
4,19,2026-05-17,370.26
30,8,2026-03-16,143.74
18,1,2026-02-10,378.12
22,186,2026-07-07,344.76
71,8,2026-04-19,428.73
2711,6,2026-03-25,408.93
55,8,2026-06-20,401.21
2,683,2026-04-25,305.23
38,1176,2026-04-04,260.22
5,22,2026-08-21,378.35
5,3,2026-08-04,372.54
3,2,2026-08-12,146.08
2,8,2026-08-08,121.94
51,241,2026-03-26,269.8
585,11,2026-02-14,427.69
1,2,2026-06-24,37.56
1,1,2026-04-02,300.11
1,13,2026-02-25,274.89
50,1,2026-03-07,200.42
35,84,2026-05-13,300.3
22,86,2026-03-27,366.27
18,117,2026-07-01,223.79
1,1,2026-04-05,173.58
1,4,2026-06-14,316.99
4303,3,2026-05-03,333.74
1,3,2026-06-15,113.72
7,6,2026-08-24,39.03
1,9,2026-08-09,159.84
1,2,2026-01-15,254.7
4,1,2026-05-19,266.19
194,12,2026-02-26,74.04
1,16,2026-01-06,142.29
1,1,2026-02-10,486.47
1,1,2026-04-06,471.29
4,1,2026-02-06,481.59
2,235,2026-01-07,303.72
1,2,2026-01-06,397.32
19,1,2026-08-23,39.31
11,6,2026-02-15,266.43
1,51,2026-01-03,217.93
1,7,2026-07-21,480.82
244,12,2026-06-05,359.56
6,1265,2026-07-17,15.03
1,19,2026-06-04,21.26
19,6,2026-03-04,221.38
2575,1,2026-06-19,329.63
44,81,2026-06-18,492.63
3,795,2026-01-16,429.86
8,2,2026-03-25,302.21
10,1,2026-03-03,100.55
3,1,2026-05-22,429.8
2,1,2026-05-27,108.33
1,890,2026-06-22,412.43
191,7,2026-05-20,431.07
3,1,2026-02-26,375.21
5,1,2026-08-03,185.4
11,10,2026-03-18,43.41
2,4,2026-08-13,153.1
42,12,2026-07-03,490.28
9,3,2026-01-17,147.75
2,1,2026-06-23,129.4
21,3,2026-01-07,371.61
23,29,2026-07-18,145.06
1,31,2026-02-16,276.58
1,4,2026-01-16,412.43
15,5,2026-01-10,356.34
1,1072,2026-08-16,159.28
11,5,2026-04-15,491.97
1,192,2026-07-19,227.87
22,1,2026-07-20,31.64
1,8,2026-02-14,103.14
4,9,2026-08-21,383.81
1,1,2026-08-27,216.7
1,1679,2026-07-17,393.59
302,12,2026-06-08,37.26
2,229,2026-03-08,181.14
23,55,2026-04-01,424.23
3,1231,2026-04-10,227.36
4698,4,2026-02-15,322.27
1,1,2026-02-21,95.8
1,9,2026-05-25,398.09
99,10,2026-05-03,19.31
27,3,2026-08-07,461.79
1,7,2026-07-24,422.55
4,1,2026-06-24,19.3
3,1,2026-08-08,422.03
3,56,2026-04-19,266.85
1,1,2026-02-10,228.41
45,10,2026-01-04,388.0
1,1,2026-04-13,49.46
1227,1,2026-04-14,295.45
2,1,2026-04-14,496.41
78,2784,2026-04-05,334.98
7,15,2026-04-20,286.73
1,3,2026-06-17,388.71
1,4,2026-01-05,206.41
3,1,2026-02-05,207.2
3,9,2026-06-11,116.79
14,3,2026-08-26,493.64
1,2,2026-05-03,41.88
856,3,2026-03-20,489.04
7,1,2026-05-06,423.61
128,130,2026-02-27,86.65
24,205,2026-07-18,38.38
2,19,2026-04-23,312.64
6,5,2026-08-28,29.16
2,1,2026-05-02,82.3
75,2430,2026-03-13,380.42
4,4,2026-07-27,150.77
1,5,2026-04-27,160.73
1,5,2026-07-14,109.29
1,1,2026-07-09,135.41
25,67,2026-01-05,170.69
1,2,2026-03-15,311.52
1,2,2026-01-19,433.34
7,2,2026-05-12,159.22
9,2,2026-07-06,390.16
11,12,2026-07-26,68.94
1,1,2026-08-01,290.6
82,1,2026-03-22,350.95
7,5,2026-08-14,128.25
222,95,2026-03-10,107.28
10,30,2026-03-14,54.82
6,32,2026-08-10,255.56
6,3,2026-01-16,14.91
5,30,2026-07-17,426.09
5,21,2026-02-15,357.16
2,1,2026-04-13,230.72
31,1,2026-04-03,175.53
1,424,2026-08-17,118.32
1,6,2026-02-12,37.39
3591,1528,2026-06-09,272.6
1,4,2026-05-21,327.59
5,10,2026-01-25,315.14
3,7,2026-07-16,337.98
6,1,2026-03-20,457.16
4,3,2026-03-03,78.54
1,1,2026-08-21,304.78
1,1,2026-01-21,198.6
10,5,2026-08-14,416.91
1,11,2026-03-11,9.34
1,5,2026-02-13,271.16
33,1,2026-01-25,205.79
105,375,2026-04-26,19.59
10,68,2026-07-04,11.78
2,65,2026-07-18,199.26
266,35,2026-03-24,236.42
3,1,2026-05-05,432.27
12,18,2026-01-20,212.28
1,1,2026-06-27,72.01
6,12,2026-01-12,284.38
2,914,2026-04-19,16.37
1,2,2026-08-13,186.01
2,1,2026-08-16,213.18
2980,65,2026-04-28,229.32
1,1,2026-05-24,252.7
1,84,2026-02-16,464.25
2,7,2026-02-12,451.97
3,1,2026-07-09,258.6
6,24,2026-04-16,425.3
322,2,2026-03-16,51.46
7,1632,2026-04-09,116.31
3,13,2026-07-21,365.29
4,5,2026-03-26,467.23
2,24,2026-02-03,9.85
283,3,2026-01-18,154.25
51,10,2026-07-17,197.75
2,20,2026-03-24,181.38
13,19,2026-05-08,289.12
3,7,2026-08-27,51.25
8,2,2026-04-03,14.2
835,787,2026-05-28,294.63
2,4,2026-01-24,312.05
1,538,2026-03-11,206.01
14,3,2026-07-10,227.89
3,19,2026-07-25,36.94
52,17,2026-07-15,411.96
2,13,2026-05-13,175.35
41,1,2026-02-15,75.24
97,2,2026-08-14,95.66
9,6,2026-01-06,162.85
3,1,2026-07-26,191.64
18,29,2026-08-13,325.72
2,1,2026-07-25,385.82
14,1,2026-04-24,206.33
9,2,2026-04-21,108.28
5,3,2026-04-17,458.24
1,1,2026-01-11,89.41
5483,16,2026-06-12,262.54
9,112,2026-04-04,451.95
10,5,2026-06-24,128.85
1,1,2026-01-24,418.0
1,1,2026-02-20,306.96
1,2,2026-04-08,430.16
2,12,2026-01-26,356.31
58,116,2026-07-03,38.47
4869,4,2026-01-07,422.7
1,24,2026-08-28,316.45
32,1,2026-08-20,124.47
3,48,2026-02-14,384.28
1,1,2026-02-03,134.93
2,2,2026-06-25,386.76
2,5,2026-03-02,352.72
248,2567,2026-03-18,218.64
2,11,2026-08-26,25.72
1,25,2026-05-20,109.07
38,1,2026-05-23,490.3
1,4,2026-05-04,499.63
1,1,2026-02-04,273.71
4,106,2026-08-19,182.02
23,18,2026-01-11,329.61
1,743,2026-05-28,493.19
1,1,2026-02-14,363.95
1,332,2026-02-11,124.93
15,8,2026-02-25,284.07
10,3,2026-07-20,252.88
1492,11,2026-07-06,134.39
5,2,2026-01-27,82.99
16,18,2026-05-18,86.68
5,116,2026-04-05,415.46
18,1,2026-08-22,342.01
21,499,2026-08-11,121.07
4,1,2026-08-20,457.31
31,55,2026-08-22,110.94
6,8,2026-02-10,445.33
5,7,2026-01-01,312.96
1,4,2026-02-26,162.91
1,161,2026-04-23,345.43
6,1,2026-06-08,381.43
19,4,2026-01-22,231.48
1,248,2026-04-12,74.04
6,1,2026-04-17,337.46
3,7,2026-05-24,34.9
2,11,2026-01-15,380.64
6,6,2026-05-24,169.31
3,3,2026-07-23,167.84
1462,1,2026-02-09,242.98
76,85,2026-05-25,441.39
4,105,2026-07-21,243.24
9,2,2026-07-15,357.37
21,2,2026-08-26,124.93
5,33,2026-05-11,51.73
4,14,2026-06-17,98.98
2,40,2026-07-04,317.3
15,52,2026-04-01,37.75
4,1,2026-02-21,275.15
1,17,2026-05-04,82.58
9,23,2026-05-13,233.06
4,1,2026-05-20,64.79
1,120,2026-06-04,298.17
1,13,2026-04-26,138.94
20,3,2026-02-25,312.87
1,3,2026-01-19,59.8
63,36,2026-01-27,218.99
74,2404,2026-08-02,168.28
12,1,2026-05-15,440.6
102,3,2026-01-20,495.49
1,5,2026-01-19,262.81
9,3,2026-04-14,231.47
6,39,2026-06-03,286.81
1,18,2026-02-01,423.47
1,9,2026-06-04,149.35
8,6,2026-03-14,249.07
4,1,2026-03-23,278.57
1,4,2026-08-26,158.86
1,25,2026-05-21,305.73
1,1,2026-02-03,294.22
14,1,2026-05-21,200.69
28,4,2026-05-19,331.85
3,5,2026-08-17,409.42
2,8,2026-06-17,199.82
79,1,2026-07-08,110.35
3,1,2026-04-16,194.29
33,12,2026-03-27,279.82
21,129,2026-06-20,312.31
624,8,2026-05-13,473.0
5,3,2026-07-08,73.67
2,3,2026-03-11,430.3
2875,1098,2026-03-26,388.46
3,4,2026-06-10,7.42
13,26,2026-06-06,29.35
443,24,2026-08-09,257.53
26,16,2026-07-11,454.1
207,1,2026-07-27,205.17
5,1,2026-06-16,459.5
28,10,2026-05-15,273.13
3,2204,2026-01-15,287.2
18,9,2026-04-17,55.7
1,5,2026-06-22,167.38
5402,3,2026-07-04,193.34
1,2,2026-08-21,460.37
45,1,2026-02-08,188.16
1,51,2026-02-03,323.32
3,1,2026-01-10,271.1
109,1,2026-06-22,91.49
2526,2,2026-03-27,167.08
1,17,2026-01-06,153.93
1,1,2026-01-24,329.01
49,3,2026-08-25,354.61
7,2,2026-02-19,486.01
66,32,2026-05-08,278.47
12,1,2026-05-23,145.15
1,2,2026-05-05,233.9
488,1,2026-07-14,340.09
1,4,2026-05-17,69.61
3,1,2026-02-22,335.25
18,30,2026-08-05,67.33
621,2,2026-07-22,178.26
1,13,2026-08-18,29.3
3,17,2026-02-27,202.29
2,3,2026-04-12,205.12
8,12,2026-07-26,410.45
6,1,2026-02-16,186.23
3,2,2026-02-15,108.8
12,12,2026-07-09,220.67
17,5,2026-05-01,422.99
1,1,2026-01-23,130.3
33,3,2026-03-14,259.75
5,3,2026-05-10,388.33
681,3,2026-07-03,345.58
11,66,2026-03-19,470.6
1,2,2026-04-14,327.18
2,1,2026-07-25,280.74
251,13,2026-02-21,60.53
8,95,2026-04-01,11.14
1637,3,2026-05-03,190.07
2,30,2026-01-27,301.93
1,43,2026-03-09,188.22
4,4,2026-01-28,334.08
3,13,2026-03-01,401.1
548,83,2026-06-03,79.7
4889,6,2026-05-12,137.2
80,1,2026-07-12,10.96
102,45,2026-08-17,232.22
33,11,2026-03-10,76.91
279,80,2026-04-24,298.93
10,7,2026-06-15,120.67
20,1,2026-02-06,181.01
4,1,2026-08-18,461.84
10,1,2026-01-08,359.36
1,31,2026-05-16,258.6
4,2,2026-07-20,166.17
10,4,2026-02-17,172.7
3,1,2026-05-21,38.93
13,71,2026-06-17,177.11
175,8,2026-03-14,13.11
66,14,2026-06-22,74.28
8,8,2026-02-17,147.59
5,2,2026-08-20,440.79
1,3,2026-03-02,382.33
4,552,2026-07-10,236.84
202,12,2026-02-07,12.16
2,6,2026-01-13,14.64
47,1,2026-05-27,471.03
212,20,2026-05-26,442.19
73,10,2026-03-09,203.81
6,2,2026-05-24,426.78
1,4,2026-06-17,206.48
4,1,2026-02-09,54.32
2,3,2026-04-06,288.02
3,7,2026-03-01,85.52
10,1,2026-01-18,225.96
1,1,2026-03-26,53.11
2,9,2026-05-19,476.27
3,1,2026-01-09,415.32
13,6,2026-08-07,275.11
1,15,2026-08-02,280.67
7,4,2026-06-05,131.89
107,53,2026-06-05,202.45
7,95,2026-06-11,494.34
1,5,2026-05-26,65.55
3,8,2026-04-23,453.08
12,662,2026-01-16,99.07
5,4,2026-05-14,46.42
7,1,2026-08-19,435.17
1,150,2026-03-08,94.91
385,258,2026-07-22,25.29
7,4,2026-03-05,309.06
1,2,2026-01-23,267.11
1,37,2026-04-02,69.27
4,9,2026-07-28,245.56
23,1,2026-02-24,457.77
5,4,2026-08-24,475.55
11,1,2026-04-05,419.71
3,1,2026-06-26,169.84
213,29,2026-01-02,187.99
8,1,2026-05-22,273.42
18,20,2026-03-28,227.98
2,7,2026-05-19,199.78
330,1,2026-03-15,88.51
5,4,2026-04-24,440.75
1,15,2026-05-25,190.99
1705,1,2026-02-18,451.46
3,8,2026-02-13,215.85
1,3,2026-06-10,277.03
2,846,2026-07-07,311.97
3,5,2026-05-14,5.19
17,1,2026-03-21,434.17
19,314,2026-03-03,36.91
37,11,2026-04-16,196.87
6,7,2026-02-04,45.47
4,8,2026-01-23,417.21
34,1,2026-08-28,24.01
3,19,2026-08-14,43.37
2,1,2026-04-19,329.29
10,1,2026-05-03,57.78
17,1,2026-01-17,323.11
13,1,2026-02-28,121.9
2,3,2026-04-14,217.87
7,1,2026-05-07,103.2
1,8,2026-05-01,87.85
1,2,2026-04-08,214.34
40,8,2026-04-21,327.89
1415,754,2026-01-20,70.34
1,2,2026-02-26,205.17
10,121,2026-08-16,414.1
4,1,2026-01-03,267.18
1,586,2026-04-24,167.83
3,2,2026-01-27,116.83
203,1,2026-07-28,121.94
1463,1,2026-03-12,261.8
12,1,2026-03-06,30.42
1,35,2026-01-15,152.66
10,3,2026-04-11,166.91
998,1,2026-02-14,409.96
1,3,2026-01-18,282.92
10,12,2026-05-15,346.49
9,4,2026-01-18,356.55
1,73,2026-06-12,30.95
20,3,2026-01-07,397.78
172,1,2026-02-16,191.57
5,835,2026-04-24,415.34
156,1,2026-01-25,182.73
799,1,2026-07-14,343.31
1,1,2026-02-10,262.35
3,16,2026-07-16,238.28
9,4,2026-07-17,247.17
19,12,2026-08-14,35.32
9,1,2026-01-07,171.63
1,4,2026-04-02,357.5
23,14,2026-06-10,354.56
1,3,2026-02-02,335.15
8,1,2026-02-11,22.74
181,131,2026-06-12,73.65
2,1,2026-01-28,437.28
10,5,2026-02-25,356.48
203,4,2026-05-18,8.71
5,7,2026-05-13,331.28
1,69,2026-04-20,344.72
6,1,2026-04-02,46.25
2451,7,2026-06-21,117.24
25,54,2026-02-02,188.97
2,7,2026-05-04,264.15
6,8,2026-08-24,131.39
1,11,2026-03-07,288.64
5,13,2026-08-04,240.55
236,198,2026-06-01,173.22
8,140,2026-08-09,238.26
1,1,2026-03-07,446.05
2196,3,2026-06-11,229.2
2,6,2026-08-26,52.29
83,5,2026-07-27,446.56
1,1,2026-01-02,341.83
276,114,2026-07-02,379.9
35,1,2026-03-08,384.98
6,3,2026-05-14,313.72
5,1,2026-08-08,448.97
3697,7,2026-05-24,279.25
40,9,2026-03-01,70.68
68,611,2026-05-12,225.12
31,6,2026-01-26,252.74
1,7,2026-08-19,206.39
89,1,2026-06-21,106.6
1,2,2026-02-26,189.63
3,146,2026-05-16,458.89
1,2357,2026-06-09,299.09
12,119,2026-01-17,405.03
11,24,2026-07-16,286.38
199,25,2026-01-06,255.26
2,50,2026-06-22,435.42
1,3,2026-08-01,93.8
1,1,2026-08-12,160.16
1,20,2026-07-17,213.57
1,4,2026-01-15,147.99
1,20,2026-06-08,313.3
1,9,2026-06-07,304.37
33,1,2026-08-05,89.86
18,1,2026-03-09,168.59
2,2,2026-03-22,307.86
59,1,2026-01-23,78.24
1,9,2026-07-23,88.74
811,3,2026-06-26,276.61
5,1,2026-03-17,8.6
31,4,2026-04-21,224.31
16,5,2026-05-17,133.0
111,7,2026-08-17,269.41
8,210,2026-04-06,438.97
7,1,2026-04-11,150.28
738,17,2026-01-01,274.31
10,51,2026-06-15,33.7
1,9,2026-05-11,306.22
1,293,2026-01-10,225.53
26,13,2026-08-16,93.65
24,6,2026-02-11,236.31
6,1,2026-07-27,315.12
1756,36,2026-04-14,307.92
1,1,2026-01-12,426.21
6,7,2026-07-08,272.05
36,1,2026-05-22,408.13
5,1,2026-03-22,471.17
469,12,2026-03-06,472.55
8,1,2026-03-23,465.08
80,5,2026-05-02,175.8
7,13,2026-03-01,422.24
5755,3,2026-04-02,237.36
214,10,2026-01-01,174.67
5,6,2026-08-15,356.26
1,1,2026-01-16,357.05
30,49,2026-07-21,450.36
2,1,2026-08-03,221.79
4,2,2026-03-26,104.55
9,3,2026-05-06,168.41
2,1,2026-08-25,324.84
1,5,2026-03-28,416.89
3,56,2026-08-09,229.42
23,3,2026-01-17,33.78
6,2,2026-04-12,213.16
30,3,2026-07-01,157.05
1,3,2026-03-05,22.68
3,7,2026-08-01,284.9
1,1,2026-04-18,468.49
7,30,2026-04-20,59.6
1,2,2026-02-18,280.1
1,1,2026-06-23,429.63
4,1,2026-06-15,398.43
1,37,2026-04-08,238.54
4,6,2026-05-21,198.63
26,19,2026-03-11,255.78
98,1,2026-07-07,442.92
15,3,2026-02-21,419.24
1192,8,2026-03-16,250.51
1,1,2026-04-23,442.24
7,1,2026-05-25,250.04
3,1,2026-07-18,349.26
3,16,2026-08-18,257.75
1,1,2026-02-23,451.35
95,383,2026-05-23,266.95
118,3,2026-01-02,297.98
675,341,2026-01-17,111.68
13,172,2026-03-25,75.21
3966,12,2026-03-07,471.99
1,7,2026-07-27,327.42
3,1,2026-02-23,78.92
4,4,2026-02-19,93.21
1,4,2026-05-24,174.94
7,5,2026-06-19,330.39
2689,2,2026-03-25,153.75
1,3,2026-04-13,463.17
1,7,2026-05-21,126.9
1,29,2026-01-25,493.54
3,2,2026-06-09,144.53
3,1,2026-04-03,247.79
2,8,2026-06-03,11.29
1,258,2026-03-19,283.74
2,2,2026-07-18,387.38
2,1696,2026-08-15,185.48
10,6,2026-06-23,327.57
3,8,2026-02-10,205.5
118,289,2026-07-04,177.77
1,1242,2026-05-11,424.62
4,38,2026-04-11,379.09
44,7,2026-03-15,207.13
1,1,2026-08-15,77.97
18,1,2026-05-10,367.11
6,3,2026-08-09,262.18
38,1,2026-07-19,19.36
105,1,2026-02-26,308.64
92,230,2026-05-23,230.33
1,23,2026-04-24,390.44
1,2,2026-06-02,382.83
14,1,2026-07-10,162.27
112,1,2026-01-26,288.83
1,6,2026-04-08,276.1
1,4,2026-04-12,32.18
1,1,2026-06-11,280.41
1,107,2026-06-24,382.26
5,2,2026-08-12,38.09
1,1,2026-08-27,13.6
2082,2,2026-06-27,414.28
1,830,2026-08-05,236.07
2,1,2026-06-16,368.53
1,46,2026-04-19,459.0
7,3,2026-06-14,201.09
2,1,2026-07-26,53.84
1,62,2026-01-26,361.67
1,1,2026-03-27,17.7
101,1,2026-02-12,198.46
1,13,2026-05-12,343.41
9,1,2026-08-22,112.2
1,6,2026-01-20,260.12
1,5,2026-05-20,423.1
1,8,2026-08-28,479.51
6,99,2026-08-26,162.4
1,1,2026-02-21,147.37
4058,4,2026-05-26,473.88
86,40,2026-06-22,354.91
21,4,2026-04-10,492.59
24,1,2026-07-06,209.36
1,993,2026-08-02,252.27
15,16,2026-02-11,95.47
1,15,2026-08-10,364.66
1,1,2026-08-16,70.41
81,1,2026-02-10,185.55
4,4,2026-06-25,130.49
5,9,2026-03-01,82.62
1,208,2026-06-17,377.36
1,2,2026-02-23,460.71
1,1,2026-04-16,472.98
2,7,2026-06-15,389.55
20,27,2026-05-05,10.63
247,2,2026-02-04,26.38
1,1,2026-02-08,406.23
4,196,2026-03-13,153.44
4456,860,2026-06-22,67.72
18,25,2026-07-17,6.78
8,2,2026-06-02,216.48
3,34,2026-06-02,475.59
4,14,2026-07-07,413.9
1,38,2026-07-15,237.8
1,48,2026-03-25,238.2
4,112,2026-07-16,320.77
12,3,2026-08-05,256.19
1,24,2026-02-06,464.33
28,2,2026-01-11,85.5
2,199,2026-01-27,175.74
1,9,2026-08-04,300.93
2,1,2026-04-25,231.64
27,327,2026-01-11,469.2
166,480,2026-04-23,355.52
3,2,2026-02-02,410.23
2608,1,2026-02-18,6.33
158,1,2026-05-10,165.93
1,2,2026-05-01,60.66
6,2,2026-07-28,407.2
3,1,2026-03-19,375.34
28,1,2026-05-08,458.38
10,1,2026-05-10,401.99
1,1,2026-07-07,205.65
2,6,2026-07-15,64.47
3,3,2026-03-23,332.15
5,2,2026-04-03,248.86
61,134,2026-04-06,494.25
2,1,2026-06-17,278.35
14,124,2026-08-08,256.22
14,57,2026-05-18,218.99
180,8,2026-05-24,73.64
1,2,2026-05-04,153.97
6,7,2026-02-22,5.54
16,4,2026-05-19,489.3
2,87,2026-05-05,211.38
6,5,2026-01-08,40.25
3,27,2026-05-05,219.73
3,2,2026-03-16,135.81
21,1,2026-05-13,47.33
2,5,2026-03-01,6.22
1,31,2026-01-01,229.91
38,2,2026-06-13,382.79
1,12,2026-06-08,32.64
1,1,2026-02-17,169.53
1,222,2026-03-23,49.87
20,7,2026-04-16,273.23
1,28,2026-07-05,459.06
1,1,2026-07-07,469.36
6,4,2026-02-11,307.32
1,68,2026-02-25,466.91
2,1,2026-08-21,266.95
2,1,2026-08-27,396.84
27,83,2026-02-08,27.6
14,3,2026-07-03,111.44
3,271,2026-02-11,375.55
196,2,2026-07-13,260.4
2,1,2026-02-14,357.2
1,17,2026-06-24,280.34
2,113,2026-02-24,73.0
1,133,2026-08-21,29.23
1,4,2026-05-10,42.42
229,337,2026-07-28,377.73
30,2,2026-04-25,79.47
289,3,2026-04-04,465.51
58,1,2026-02-19,160.96
4,12,2026-05-21,499.83
1,1,2026-01-17,33.1
24,6,2026-01-02,361.08
3,5,2026-01-22,231.21
1,6,2026-05-05,119.86
1,1,2026-04-14,100.57
2,18,2026-02-02,13.08
188,23,2026-01-21,407.14
2,1,2026-01-04,36.66
2,15,2026-01-08,170.8
1,1,2026-05-22,86.77
7,23,2026-04-02,287.35
4,25,2026-08-02,395.07
2,3,2026-07-28,117.83
34,12,2026-03-22,224.3
2,2,2026-02-13,60.43
16,4,2026-04-05,237.84
246,425,2026-08-23,28.79
1,1,2026-01-16,267.67
39,17,2026-04-25,33.14
3,408,2026-05-01,56.54
9,7,2026-08-15,261.56
1,15,2026-05-13,92.15
1,3,2026-06-03,52.45
125,159,2026-06-15,159.53
18,32,2026-02-13,472.81
1,15,2026-01-11,291.17
4,52,2026-07-27,372.31
2,1,2026-01-18,68.44
1,7,2026-06-19,71.82
6,41,2026-04-02,384.07
246,22,2026-03-11,193.12
2,5,2026-03-22,143.44
1,1,2026-04-04,386.52
1,27,2026-04-23,277.1
1,7,2026-01-21,368.82
359,61,2026-07-03,130.76
8,6,2026-06-09,244.29
2,5,2026-03-24,48.28
2,1,2026-02-03,91.31
29,1,2026-03-23,58.32
10,2,2026-07-21,26.43
1350,1,2026-03-26,56.12
2,29,2026-04-17,207.57
84,29,2026-04-15,259.93
2,1,2026-08-16,203.23
7,1,2026-06-11,310.1
114,4,2026-07-08,28.1
12,2,2026-08-01,43.2
5,20,2026-08-11,239.08
1,3,2026-01-15,144.44
218,4,2026-06-15,92.79
1,195,2026-03-12,44.2
15,12,2026-06-13,282.34
10,2,2026-02-19,66.62
19,6,2026-06-19,68.16
32,5,2026-04-15,119.64
29,1,2026-06-09,125.43
1,20,2026-05-04,414.14
1,2,2026-02-05,236.23
6,9,2026-04-19,311.35
3,14,2026-06-24,342.79
4,4,2026-04-03,47.37
4,1,2026-06-18,226.33
2,3,2026-06-03,491.79
1,4,2026-05-15,417.78
18,11,2026-08-13,350.28
1,6,2026-07-15,294.77
147,1,2026-03-18,267.04
3,9,2026-03-08,50.61
2,1,2026-02-09,216.59
36,1,2026-07-18,282.35
76,1,2026-08-02,334.12
1036,1,2026-04-20,390.59
51,727,2026-04-04,215.78
4841,9,2026-08-18,194.68
20,445,2026-04-07,211.09
1189,3,2026-04-04,188.44
10,1,2026-01-14,453.71
4,84,2026-03-20,426.89
1,4,2026-07-20,194.72
1,2,2026-05-15,218.25
4,38,2026-07-14,291.63
6709,25,2026-02-16,317.49
2,3,2026-04-06,199.89
191,2,2026-03-28,341.81
6,3,2026-08-06,149.22
1,1,2026-06-07,297.59
2,1,2026-04-13,459.83
369,109,2026-06-24,341.73
1,16,2026-08-28,251.6
1,2,2026-05-03,196.27
2,2,2026-03-03,172.17
6,183,2026-05-13,20.26
2,2,2026-01-14,81.85
1,22,2026-02-25,156.4
2,60,2026-03-06,435.57
16,5,2026-06-15,298.4
17,352,2026-08-11,133.56
1,6,2026-06-19,227.75
2,1,2026-03-15,265.37
25,1,2026-02-12,28.16
3,18,2026-01-19,254.2
5,1,2026-01-15,455.06
5,898,2026-07-04,37.6
1,6,2026-04-03,328.21
8,2,2026-01-04,187.07
1,27,2026-05-07,362.7
121,24,2026-07-07,325.82
17,2,2026-03-10,369.58
2,7,2026-07-09,333.17
301,4,2026-05-17,93.21
2,64,2026-08-04,485.31
3,2,2026-06-08,169.16
17,1,2026-04-09,221.46
10,2,2026-01-26,66.24
605,5,2026-04-26,166.24
2,39,2026-03-27,348.11
4,2,2026-07-09,294.63
1,1,2026-04-21,98.84
5,4,2026-01-16,19.88
2,805,2026-08-11,295.79
1,1,2026-06-25,73.86
1,46,2026-02-15,316.0
777,2,2026-02-27,482.98
1,255,2026-07-23,277.11
1,98,2026-06-07,331.26
35,5,2026-08-04,328.81
10,17,2026-02-20,371.78
6,3,2026-07-18,202.03
3,1,2026-03-03,97.79
16,189,2026-03-11,232.17
1,133,2026-07-24,449.06
3,2,2026-06-22,443.61
3,1,2026-02-14,300.65
952,1,2026-06-11,166.81
58,1,2026-06-23,176.55
2,3,2026-06-10,23.42
2,324,2026-02-20,346.33
6,76,2026-04-04,36.81
3,6,2026-07-16,148.97
1,2,2026-05-27,66.36
1,2,2026-01-28,233.91
1,1,2026-02-22,130.4
255,1,2026-05-19,294.63
1,3,2026-08-22,459.43
1,147,2026-04-11,453.5
38,1,2026-02-16,87.57
5,1,2026-06-04,450.28
6,1,2026-03-23,6.26
12,38,2026-01-19,37.41
118,10,2026-05-11,49.82
4,3,2026-04-18,82.09
12,7,2026-03-06,286.62
6,6,2026-03-17,381.39
17,16,2026-04-16,346.62
1,5,2026-05-15,8.45
3,2,2026-03-18,303.38
5,2,2026-06-09,380.55
1,7,2026-04-13,444.44
1301,17,2026-02-07,457.46
8,1,2026-03-11,227.69
4,1,2026-01-11,278.36
5306,68,2026-07-23,444.95
1,8,2026-05-24,212.03
1,5,2026-06-17,491.36
202,2,2026-07-28,28.26
1,87,2026-08-03,79.55
1,1,2026-08-11,420.52
1450,4,2026-06-08,113.23
5,1,2026-06-20,261.01
9,3,2026-05-25,332.13
1,5,2026-06-16,362.6
5,17,2026-03-17,228.46
29,2,2026-04-06,296.71
7,145,2026-04-04,154.62
3,12,2026-04-08,316.52
1,4,2026-03-20,274.39
3,4,2026-03-01,185.04
2,2,2026-05-17,444.69
5,23,2026-06-07,41.9
86,619,2026-08-01,203.94
126,1,2026-06-19,147.63
1,1045,2026-01-28,478.24
18,9,2026-02-18,315.69
264,10,2026-08-16,377.07
5,1,2026-02-09,34.49
2,315,2026-02-21,438.39
9,23,2026-02-12,472.29
2,1,2026-06-21,327.04
4,1,2026-03-12,138.02
175,56,2026-06-27,119.45
2,8,2026-03-17,66.49
2,47,2026-06-10,97.35
5,11,2026-02-15,294.65
163,2,2026-06-05,54.75
3,87,2026-08-20,386.65
1,1,2026-03-20,296.86
77,1,2026-07-02,225.15
34,1,2026-04-10,169.7
5,2,2026-05-01,498.4
3786,1,2026-04-09,76.62
1,1,2026-02-25,271.27
5,8,2026-01-21,410.82
5,153,2026-07-11,381.7
1,19,2026-01-07,474.29
1,10,2026-03-18,195.54
26,1,2026-06-04,172.24
1,4,2026-08-11,498.31
1,14,2026-06-01,107.34
3,3,2026-08-09,354.78
285,104,2026-08-19,48.25
54,10,2026-03-18,377.14
1,44,2026-02-07,66.09
5,100,2026-07-03,88.05
17,2,2026-07-19,180.5
3,1,2026-07-12,109.64
21,16,2026-08-18,344.77
1,47,2026-07-12,384.41
143,1,2026-01-12,298.17
2,6,2026-01-20,268.19
1,5,2026-03-25,476.74
22,3,2026-05-13,365.51
2,4,2026-06-20,426.07
5,20,2026-01-03,88.31
1,1,2026-04-09,377.76
1,1,2026-04-15,285.76
3,4,2026-04-03,216.5
55,14,2026-06-08,77.29
40,17,2026-08-24,460.59
79,3,2026-04-27,336.13
11,1,2026-06-01,402.51
2,24,2026-04-06,244.9
1,33,2026-02-05,491.91
2,7,2026-08-22,54.69
7,1,2026-07-08,34.7
2,1,2026-03-16,307.69
8,45,2026-04-11,19.89
21,9,2026-07-20,164.86
2,1,2026-07-12,383.02
12,3,2026-05-19,477.18
7,8,2026-07-14,221.23
5,3,2026-03-10,146.33
16,11,2026-01-12,474.72
15,6,2026-07-03,23.49
1,9,2026-04-13,434.36
1,1,2026-07-12,211.36
35,4,2026-07-26,338.2
1,2,2026-02-25,23.61
2,1,2026-03-03,28.05
2,13,2026-03-25,443.47
13,2,2026-01-12,247.2
464,1,2026-07-01,381.39
2,90,2026-04-06,355.57
1,44,2026-07-22,124.74
54,2,2026-01-01,192.57
3,132,2026-02-06,324.14
32,7,2026-04-26,310.43
16,4,2026-04-24,193.03
1,1,2026-05-21,475.1
438,4,2026-04-18,336.01
1,1,2026-04-16,101.29
528,65,2026-03-14,452.28
7,17,2026-01-03,382.8
26,6,2026-01-07,52.42
1,5,2026-01-18,249.94
5,1,2026-06-15,191.43
11,29,2026-03-23,59.35
62,4,2026-02-05,386.23
89,1,2026-02-27,67.12
139,40,2026-06-06,314.53
1,446,2026-03-27,129.15
2,16,2026-08-06,80.36
2,1,2026-01-16,247.77
610,20,2026-02-09,445.75
18,1,2026-03-13,471.19
2,46,2026-01-13,64.03
10,22,2026-08-19,94.15
5,2,2026-08-04,58.62
1091,20,2026-02-23,453.8
13,1,2026-06-17,154.71
793,1,2026-07-13,284.26
1,4,2026-05-27,356.48
1,31,2026-02-17,428.34
1,2,2026-08-28,464.96
1,3,2026-01-03,470.58
2,483,2026-05-28,312.08
4,2,2026-03-14,116.15
1,1,2026-01-21,487.21
18,6,2026-08-05,126.01
2,19,2026-01-28,230.71
9,6,2026-04-01,245.75
2,16,2026-03-07,481.7
132,9,2026-03-13,37.82
1,15,2026-01-05,110.49
7,4,2026-08-05,229.64
117,4,2026-04-12,185.79
2,2,2026-07-14,64.26
5,9,2026-03-18,223.7
12,9,2026-02-05,473.33
3,1,2026-03-24,451.16
6,6,2026-06-06,211.04
1,2,2026-07-16,323.27
1,2,2026-04-01,37.87
3,2,2026-08-23,267.33
2,5,2026-08-01,51.76
161,24,2026-04-14,384.85
64,9,2026-02-17,162.55
27,177,2026-03-22,222.51
15,8,2026-05-28,434.71
4,2,2026-04-17,32.87
3,4,2026-04-18,69.69
6,38,2026-01-17,129.65
8,1,2026-01-06,21.44
1,1,2026-05-11,435.82
35,4,2026-03-13,12.43
77,1,2026-08-16,464.74
4,7,2026-05-27,375.07
15,42,2026-01-03,434.54
258,3,2026-04-22,29.7
1,1,2026-07-01,19.5
11,5,2026-08-14,51.86
49,3,2026-06-22,474.9
1,3,2026-08-03,265.21
1,15,2026-04-08,136.18
14,122,2026-06-06,185.83
1,51,2026-02-18,368.93
1,1,2026-04-26,220.59
30,2,2026-05-13,442.77
1,4,2026-01-14,370.06
18,35,2026-05-25,216.42
11,87,2026-07-04,58.95
44,3,2026-08-14,235.83
1,13,2026-08-14,353.98
1,2,2026-03-18,177.62
1,13,2026-04-09,491.23
1,51,2026-03-02,181.65
7,3,2026-04-22,164.0
1,8,2026-05-22,484.04
1,19,2026-07-12,146.99
1,1,2026-04-25,28.88
1,2,2026-03-19,180.13
1,5,2026-01-14,280.72
1,12,2026-06-02,390.21
3,5,2026-04-08,201.74
1,10,2026-02-02,406.08
1061,1,2026-07-02,299.01
11,8,2026-06-12,134.13
2,2,2026-05-18,127.7
16,3,2026-08-20,293.35
6,13,2026-04-17,269.98
2,29,2026-04-13,404.41
19,2,2026-06-27,187.83
1,4,2026-08-16,21.14
60,1,2026-05-10,297.43
89,2,2026-05-16,218.06
9,2,2026-03-11,228.74
13,247,2026-05-15,348.12
35,1,2026-04-02,469.33
24,1,2026-04-10,434.41
5,1,2026-04-06,5.24
7,745,2026-04-18,484.04
181,37,2026-03-13,196.74
1,4,2026-05-09,345.24
696,2214,2026-07-23,255.95
2,19,2026-05-13,211.07
21,1,2026-03-23,411.12
33,21,2026-07-02,99.0
1,2,2026-01-15,39.2
12,1,2026-02-08,475.45
20,12,2026-01-27,90.51
1,100,2026-08-12,359.59
6374,3,2026-07-14,461.27
7,3,2026-07-04,325.21
1,7,2026-06-08,286.55
5,560,2026-01-04,377.13
15,1,2026-05-12,124.89
1,9,2026-04-16,20.93
15,35,2026-01-16,214.93
6,217,2026-01-19,45.18
37,11,2026-03-09,160.94
1,2,2026-02-01,15.39
47,5,2026-03-23,175.44
127,101,2026-02-24,182.59
1,1,2026-08-12,52.5
122,3,2026-02-03,393.5
620,3,2026-02-12,268.88
2,29,2026-04-15,374.65
13,2,2026-01-27,41.48
1,1660,2026-02-09,71.1
9,6,2026-06-25,359.84
1,1,2026-03-05,60.66
1,3,2026-07-23,476.74
2,9,2026-08-05,175.25
3831,1,2026-08-02,287.89
4,7,2026-06-01,128.96
5,1,2026-03-24,338.31
3,1,2026-03-19,331.46
2,8,2026-03-09,174.71
1,22,2026-05-22,286.37
6,3,2026-01-21,403.53
1,2,2026-08-12,129.92
2,1,2026-07-03,470.04
146,270,2026-08-13,386.65
251,1,2026-01-26,160.2
10,167,2026-04-09,177.04
4,5,2026-08-26,472.23
22,10,2026-06-04,451.24
1,4,2026-07-05,195.89
12,6,2026-05-11,87.93
1,1543,2026-02-18,406.62
16,1,2026-07-20,285.97
4,15,2026-07-05,132.76
2,2,2026-01-05,119.61
7,864,2026-02-22,471.93
1105,4,2026-01-07,370.43
3729,2,2026-01-27,162.42
2,1,2026-01-21,349.99
1,4,2026-05-10,336.83
247,69,2026-06-20,308.28
4,1,2026-08-11,244.5
149,1,2026-05-20,148.66
2,2,2026-04-24,262.81
95,7,2026-03-08,98.73
24,2,2026-06-24,443.38
1,204,2026-02-09,199.9
51,2,2026-04-22,256.7
8,8,2026-02-11,252.51
2,15,2026-05-19,460.93
1,2,2026-08-05,90.66
1,25,2026-02-08,249.63
7,5,2026-03-08,480.97
17,4,2026-02-22,370.26
1,1,2026-02-02,390.65
1,2,2026-08-11,229.51
13,12,2026-03-28,170.46
6,9,2026-02-20,257.25
1,1718,2026-07-19,13.86
1363,2,2026-08-11,384.22
5,10,2026-08-20,436.57
1,5,2026-05-25,7.46
832,279,2026-03-01,320.05
6,17,2026-04-21,49.64
5,1,2026-07-07,327.18
4,2,2026-01-16,475.05
1,26,2026-04-03,97.55
19,2,2026-08-13,193.41
2,35,2026-07-24,219.8
5,5,2026-04-21,452.28
1,3,2026-07-24,317.21
1,6,2026-05-20,181.38
24,1,2026-08-21,70.55
16,2,2026-06-22,137.56
2,37,2026-02-28,375.54
4,5,2026-04-23,41.7
3,2,2026-05-09,487.48
4,2,2026-05-18,203.96
8,2,2026-03-21,37.1
1,42,2026-08-07,361.29
1,1,2026-04-22,166.66
375,51,2026-01-16,205.21
4,73,2026-04-26,342.81
73,2,2026-01-20,205.54
27,206,2026-01-27,468.04
6,1,2026-06-25,469.4
1,9,2026-08-03,256.0
9,5,2026-08-27,279.31
3,16,2026-08-25,273.52
28,70,2026-04-13,98.98
49,6,2026-01-13,454.77
1,179,2026-02-14,174.35
42,3,2026-05-23,327.74
1051,6,2026-02-10,479.7
2,2,2026-03-09,171.83
8,1,2026-06-20,164.0
194,1,2026-06-21,25.85
27,54,2026-05-22,298.04
1,50,2026-03-03,169.61
45,334,2026-07-19,133.63
1,107,2026-05-16,485.32
2,473,2026-02-03,162.36
123,63,2026-05-18,125.57
46,58,2026-05-17,249.55
7,1,2026-02-17,458.09
171,1,2026-06-11,411.04
7,1,2026-02-08,137.15
4,33,2026-03-18,482.14
3,8,2026-04-08,330.25
1,1,2026-02-27,80.24
4,1,2026-03-09,252.21
4,13,2026-02-15,84.93
8,5,2026-06-16,446.19
2,589,2026-02-21,333.6
5,4,2026-04-12,143.73
17,828,2026-01-18,192.17
5,3,2026-04-17,196.27
2,53,2026-03-04,497.64
44,1,2026-06-07,472.51
17,107,2026-08-11,486.97
5,197,2026-01-20,433.03
59,2,2026-04-08,413.84
2551,153,2026-04-08,172.2
10,1,2026-03-01,285.0
22,2,2026-02-27,418.82
1,10,2026-01-01,103.68
1,2,2026-07-01,143.76
1,1,2026-06-03,157.82
7,3,2026-02-02,76.84
41,2,2026-07-12,436.02
1,16,2026-04-17,246.82
5,7,2026-01-22,171.24
1,22,2026-06-13,127.82
65,93,2026-08-24,66.92
1,9,2026-07-17,237.84
2,4,2026-03-18,64.17
16,24,2026-07-01,350.96
3,1,2026-06-28,358.21
291,1531,2026-04-28,403.99
11,5,2026-01-28,207.68
1,1,2026-04-08,461.37
2999,4,2026-05-10,486.85
1727,3,2026-03-01,175.43
147,1,2026-07-12,13.61
1,44,2026-05-13,294.8
33,20,2026-01-13,229.69
1,11,2026-07-02,389.24
1,1,2026-05-01,294.58
133,1,2026-02-05,116.41
3,1,2026-07-22,113.62
126,1,2026-06-19,189.07
3,3,2026-06-23,236.87
9,13,2026-02-07,225.01
5,11,2026-04-08,166.74
41,1,2026-06-23,266.51
14,1125,2026-06-12,441.4
1,1,2026-01-17,374.08
1,2,2026-08-21,41.23
2,1,2026-02-27,32.28
1,663,2026-04-11,199.83
2,248,2026-03-10,328.64
45,1,2026-05-22,238.75
50,11,2026-05-01,268.85
14,4,2026-05-25,414.13
4,109,2026-06-16,468.97
1,303,2026-04-07,196.07
1,8,2026-06-21,402.89
7,394,2026-05-01,495.68
65,15,2026-05-05,30.94
3,7,2026-07-24,309.57
1,13,2026-03-05,100.92
4,9,2026-05-19,102.6
8,1,2026-07-10,125.02
198,1,2026-05-04,69.31
37,1,2026-06-18,268.29
2,3,2026-02-11,472.04
7,1,2026-06-02,300.75
895,23,2026-03-10,181.84
1051,1,2026-03-08,196.4
1,154,2026-04-15,113.4
3874,8,2026-02-18,120.62
2,67,2026-08-22,119.81
44,25,2026-04-24,369.14
4,1,2026-02-22,327.1
1,8,2026-06-05,19.56
1,1,2026-05-02,238.16
19,1075,2026-05-09,416.45
2,5,2026-04-23,479.01
331,1,2026-02-17,399.81
113,1,2026-05-24,301.75
29,6,2026-04-05,137.8
2,2,2026-08-09,417.7
10,1,2026-05-24,463.38
2,2,2026-06-12,287.78
6,19,2026-03-20,36.5
136,1,2026-06-27,230.74
26,4,2026-05-25,206.77
2,159,2026-02-28,264.09
1,1,2026-05-10,106.04
25,63,2026-08-24,253.56
3,1,2026-04-17,226.01
1,11,2026-02-11,212.48
221,119,2026-05-19,453.86
2,1,2026-02-21,89.51
1,1,2026-05-26,66.9
3,1,2026-07-09,240.56
37,3,2026-03-06,198.8
9,112,2026-07-07,306.52
2,1,2026-02-27,289.76
33,9,2026-03-27,413.19
268,4,2026-05-27,456.67
2,2,2026-05-15,209.79
1,1,2026-06-14,439.35
7,1,2026-06-26,386.89
1,1,2026-06-06,451.72
2,1,2026-03-13,341.86
35,2,2026-07-18,263.83
1,1,2026-01-17,453.81
1,20,2026-04-23,360.75
53,1,2026-08-25,302.43
2,366,2026-06-06,55.02
94,42,2026-01-21,466.69
7,1,2026-03-18,66.98
3,49,2026-07-21,139.37
4431,1,2026-01-11,354.97
2,7,2026-02-19,13.01
1,6,2026-02-27,413.28
6,5,2026-06-05,147.38
1,1,2026-01-13,254.25
15,5,2026-04-12,134.4
1,3,2026-07-20,224.78
1,4,2026-07-11,311.56
1,4,2026-02-10,86.49
86,2,2026-06-21,217.6
13,658,2026-01-10,470.81
1,1,2026-01-06,20.47
1,37,2026-05-05,444.65
6,1,2026-01-10,423.65
28,4,2026-05-18,78.7
1303,24,2026-02-18,34.36
1,8,2026-06-12,457.83
11,2,2026-06-19,264.29
2,5,2026-06-15,69.88
3,2,2026-06-22,232.84
1,3,2026-03-14,401.72
37,1,2026-01-05,471.67
9,12,2026-04-03,181.35
1,6,2026-02-17,185.3
2,1709,2026-05-20,133.77
9,14,2026-03-27,319.55
7,1,2026-07-12,344.03
12,6,2026-01-24,95.2
6,14,2026-08-20,497.63
116,8,2026-07-18,212.26
4,2,2026-06-16,396.75
1,29,2026-06-08,109.65
43,56,2026-03-08,477.54
131,6,2026-02-02,125.48
10,82,2026-08-28,391.46
10,91,2026-03-16,121.71
1,5,2026-06-09,151.7
4,4,2026-04-15,420.6
1,50,2026-05-07,214.93
1,210,2026-05-17,168.31
4,23,2026-06-14,389.98
20,1,2026-07-13,313.32
5,10,2026-07-23,38.36
12,27,2026-02-17,354.86
248,519,2026-08-13,90.53
10,2,2026-03-11,257.24
1,2072,2026-03-28,134.39
17,1,2026-08-15,346.79
977,1,2026-03-02,42.32
483,2,2026-02-12,133.39
2,22,2026-03-15,59.34
2,1,2026-08-09,153.7
1,5,2026-03-23,31.9
1,4,2026-04-21,187.7
1,28,2026-02-21,384.23
37,22,2026-08-19,339.47
36,6,2026-01-27,124.26
37,17,2026-01-09,440.83
3,2,2026-08-18,466.76
719,5,2026-02-22,368.05
2,1,2026-06-03,140.75
11,87,2026-01-19,247.22
1,6,2026-06-20,35.51
35,19,2026-01-10,214.66
1,4,2026-02-10,473.62
1,32,2026-05-26,494.18
2,74,2026-05-08,18.08
5,4,2026-01-03,103.87
55,2,2026-07-10,337.99
2,1,2026-02-25,184.67
3,497,2026-03-04,480.76
1,733,2026-06-26,32.4
1,1,2026-07-01,297.48
1,1,2026-08-18,421.29
1,5,2026-08-01,409.32
1363,33,2026-04-02,372.91
37,4,2026-03-08,26.74
2,5,2026-02-01,458.41
4,20,2026-06-11,231.85
2,8,2026-02-09,188.15
52,1,2026-08-28,268.07
1,525,2026-05-18,55.24
3,1329,2026-03-21,63.53
1,166,2026-02-01,194.7
24,3,2026-08-06,320.58
28,5,2026-08-18,435.21
1,15,2026-05-16,468.36
115,2,2026-04-05,351.62
23,1,2026-04-22,483.18
40,359,2026-01-24,9.94
1,377,2026-07-16,194.08
79,6,2026-04-02,351.98
18,1,2026-05-23,10.11
26,12,2026-01-09,491.67
10,9,2026-05-11,409.19
174,8,2026-02-11,191.42
443,13,2026-05-08,401.27
1,26,2026-03-11,192.05
5,205,2026-03-04,43.61
4,8,2026-05-07,99.93
4,62,2026-03-16,29.99
18,1,2026-03-24,77.38
91,44,2026-05-26,495.26
4,1,2026-04-09,454.17
1,404,2026-08-09,251.07
5,36,2026-02-10,398.9
1,1,2026-02-18,84.63
31,1,2026-05-22,90.47
1,1,2026-02-01,499.2
24,12,2026-06-20,441.27
4,31,2026-03-07,194.92
10,11,2026-01-03,322.0
4,1,2026-06-10,143.82
1,1,2026-03-05,401.9
6,8,2026-06-02,232.65
2,16,2026-01-21,86.29
67,1,2026-02-18,164.14
6,19,2026-08-04,441.66
1,2,2026-05-03,163.03
1,185,2026-01-26,105.23
58,1,2026-06-16,226.57
1,10,2026-01-06,320.64
4,1,2026-07-10,309.41
22,2,2026-08-21,5.93
12,20,2026-06-19,344.05
299,17,2026-06-17,466.4
10,6,2026-06-04,399.62
1,407,2026-01-25,112.12
1,7,2026-08-09,171.58
1,3,2026-05-27,162.95
2,3,2026-08-26,85.51
1264,2,2026-04-19,211.6
10,6,2026-03-17,75.97
11,6,2026-06-11,275.85
5,6,2026-02-28,185.6
1,1,2026-08-01,413.15
2,142,2026-01-14,156.0
8,425,2026-03-15,386.91
103,3,2026-03-19,56.83
18,3,2026-08-23,312.08
29,6,2026-02-11,27.23
1007,13,2026-04-25,51.34
1,4,2026-02-14,379.4
2,8,2026-04-15,81.99
175,8,2026-01-02,217.46
4,3,2026-07-05,311.34
2,46,2026-02-18,89.91
6,1,2026-05-05,409.72
68,2,2026-08-27,480.99
39,1,2026-02-28,89.65
1,17,2026-04-21,164.03
591,1,2026-03-21,310.01
1,5,2026-01-04,302.35
4,8,2026-06-06,383.24
3,136,2026-04-01,337.33
513,7,2026-03-05,65.31
20,1,2026-07-25,356.84
17,58,2026-03-25,131.2
23,1,2026-02-27,148.67
13,1,2026-03-04,117.61
1,4,2026-08-06,247.07
2,20,2026-05-01,270.55
6,1,2026-04-02,79.88
2,5,2026-06-08,248.22
6,2,2026-05-01,170.65
2,19,2026-03-18,193.2
1,2,2026-02-21,201.02
3,15,2026-05-26,14.58
2,2,2026-03-27,352.09
5,10,2026-01-15,76.73
55,326,2026-03-23,311.83
1,3,2026-07-10,183.11
81,3,2026-06-22,212.75
5,26,2026-06-05,30.26
55,3,2026-01-11,194.4
1,1,2026-08-11,248.57
2,1,2026-06-16,346.61
1,1,2026-05-15,209.5
1,1,2026-07-11,333.71
1,23,2026-06-18,186.13
1,286,2026-08-26,261.8
105,2,2026-08-22,24.89
4,5,2026-04-24,153.58
40,2,2026-06-17,380.22
2,354,2026-07-18,458.21
40,2,2026-02-02,11.43
20,1,2026-07-25,130.36
1,1,2026-04-25,29.23
418,2,2026-05-11,222.88
15,15,2026-06-27,204.72
19,1,2026-05-20,304.01
6,1,2026-02-19,377.24
385,1,2026-08-18,197.76
3,1,2026-02-17,342.81
176,1,2026-05-08,357.56
2,1,2026-01-19,454.96
3,1,2026-08-20,171.84
40,2,2026-08-07,203.47
14,2,2026-04-12,412.19
1,308,2026-08-28,433.68
2,36,2026-01-05,34.48
1,169,2026-06-07,70.95
81,13,2026-02-12,280.69
4,9,2026-04-17,245.22
17,16,2026-03-05,332.66
2,46,2026-02-07,267.36
64,9,2026-01-01,319.47
9,1,2026-06-23,69.94
1,175,2026-03-21,327.92
59,1,2026-06-02,354.52
650,11,2026-06-02,441.35
7,1,2026-07-13,372.78
87,144,2026-06-19,314.52
22,1,2026-01-17,382.45
118,2,2026-02-26,315.34
1,1,2026-07-23,137.5
2,10,2026-02-09,376.34
92,4,2026-04-12,382.94
8,4,2026-08-07,138.17
277,1,2026-05-26,469.48
16,1,2026-04-18,185.25
518,6,2026-07-27,144.15
2,119,2026-02-08,479.32
1,2,2026-06-04,22.74
2,47,2026-06-15,260.89
1,919,2026-07-11,202.86
1,1,2026-08-06,423.14
1,22,2026-03-23,301.93
2787,4,2026-01-13,318.94
3,8,2026-08-28,383.73
1,7,2026-04-12,371.66
1,2,2026-06-08,100.95
14,16,2026-03-08,218.54
24,20,2026-03-05,69.09
8,3,2026-05-21,187.72
1,1,2026-01-04,385.55
1,1,2026-03-21,259.52
38,4,2026-04-26,244.67
2,92,2026-04-05,167.59
16,2,2026-02-28,7.54
1,3,2026-04-26,372.11
1004,6,2026-01-14,165.65
11,1,2026-06-26,267.83
2,1,2026-01-02,12.97
1,1,2026-07-14,31.48
72,2,2026-06-10,390.41
1,48,2026-03-12,473.18
1019,159,2026-03-16,89.68
2,9,2026-01-11,298.05
19,1,2026-05-27,137.74
21,1,2026-02-03,314.74
40,57,2026-02-28,402.77
1,11,2026-05-16,270.52
5,5,2026-07-02,190.44
70,1,2026-02-07,128.41
1,36,2026-03-13,395.14
3,5,2026-08-23,142.49
13,2,2026-02-05,151.22
1,1,2026-03-02,189.08
6,111,2026-08-19,404.02
2916,2,2026-08-16,421.47
2,2,2026-08-09,419.33
1,37,2026-04-19,495.0
7,1,2026-05-10,392.34
2,26,2026-06-21,455.41
5,1743,2026-03-20,349.11
23,74,2026-08-11,129.98
56,5,2026-02-05,358.11
7,5,2026-05-09,93.02
109,2073,2026-04-07,208.64
567,4,2026-08-24,153.98
10,19,2026-04-19,199.64
6,24,2026-02-27,15.33
45,3,2026-04-15,372.38
4,42,2026-01-15,408.45
5,2,2026-01-06,150.82
2,67,2026-03-24,435.92
1,5,2026-05-18,65.43
1051,3,2026-08-03,173.0
3,62,2026-01-07,177.43
20,8,2026-03-27,475.65
3,7,2026-05-25,449.36
1,40,2026-03-08,333.51
18,1,2026-02-10,131.35
3,30,2026-06-20,304.67
1217,2,2026-02-22,32.39
1,1,2026-05-20,303.41
1918,21,2026-05-09,192.02
3,14,2026-06-26,109.86
3,275,2026-02-05,291.87
39,4,2026-04-24,204.66
1,85,2026-08-27,242.18
1,14,2026-06-23,170.56
3,6,2026-08-27,70.61
2,1,2026-06-22,409.74
103,1,2026-05-25,493.89
2,7,2026-08-20,67.52
1,11,2026-04-14,112.39
21,33,2026-08-07,178.46
7,6,2026-05-27,241.61
1,10,2026-06-22,421.18
2,73,2026-02-20,152.11
142,5,2026-07-20,394.45
14,2,2026-05-14,448.51
118,137,2026-04-17,339.69
1,4,2026-01-04,80.66
1,137,2026-05-15,343.82
2950,2,2026-01-12,136.82
335,1,2026-04-09,228.51
8,1,2026-06-18,82.67
1,3,2026-05-20,444.58
3,1,2026-03-27,332.06
29,20,2026-06-16,198.85
6,1,2026-02-04,212.45
29,1,2026-06-14,346.59
3,1,2026-07-15,351.68
5,1,2026-05-28,305.47
1311,19,2026-04-19,153.34
2440,10,2026-05-21,252.52
40,402,2026-01-22,10.94
8,1,2026-05-04,59.24
17,1,2026-08-17,191.1
6,5,2026-03-16,308.15
18,4,2026-05-03,155.97
105,12,2026-06-01,337.48
1,1,2026-08-05,446.77
550,13,2026-01-07,199.06
281,1,2026-05-23,159.1
1,1,2026-06-22,22.61
10,3,2026-08-20,447.18
1,14,2026-03-25,175.75
5,13,2026-07-12,457.32
2,1,2026-07-12,369.3
66,3,2026-08-05,270.99
1134,230,2026-08-14,184.98
3,2,2026-08-10,111.71
9,10,2026-05-17,481.57
1,1,2026-05-21,196.89
1319,235,2026-08-18,282.33
1,3,2026-06-14,233.89
1,1,2026-08-15,269.35
22,128,2026-05-19,305.19
150,80,2026-06-25,111.77
2,1,2026-01-26,397.69
2,18,2026-01-18,228.18
1,3,2026-08-03,370.31
31,33,2026-03-16,323.78
1,2,2026-03-24,88.32
4,2,2026-06-15,146.85
4,20,2026-07-10,162.84
525,2,2026-02-28,138.85
1,14,2026-03-23,271.32
4,393,2026-04-01,496.45
1,2,2026-06-21,441.03
3,2,2026-05-03,440.61
1,1,2026-03-15,353.01
23,4,2026-02-16,460.07
1,1,2026-01-25,477.75
87,6,2026-06-12,441.15
3,1,2026-01-07,263.73
1,1641,2026-08-22,354.88
5,2,2026-07-06,392.59
1,2,2026-08-02,234.41
1,2,2026-05-19,148.07
363,2,2026-01-11,492.97
1,1,2026-01-11,477.36
1,1,2026-03-09,36.5
1,3,2026-02-09,225.05
1,125,2026-06-05,124.2
48,1,2026-08-02,267.34
2,2,2026-04-23,27.47
2,4,2026-05-23,172.89
6,20,2026-05-16,166.83
11,11,2026-08-28,175.77
6,3,2026-02-16,350.12
1,6,2026-03-17,62.74
21,3,2026-04-08,29.03
200,1628,2026-07-28,377.85
2,1,2026-05-16,150.28
89,2,2026-02-08,26.91
1,7,2026-05-16,370.77
3,3,2026-02-06,474.65
82,11,2026-04-15,241.64
5,4,2026-03-28,130.33
1,11,2026-01-28,92.95
30,6,2026-04-27,430.7
8,12,2026-02-18,440.18
11,1136,2026-03-07,298.85
2,2,2026-02-06,201.28
1,1,2026-02-13,62.64
30,2,2026-05-02,424.03
5,1,2026-07-10,320.29
83,2,2026-05-13,206.08
47,492,2026-03-18,5.82
277,4,2026-08-18,232.12
16,1,2026-02-23,339.07
4,1,2026-05-09,179.89
7,6,2026-04-19,57.8
13,1,2026-03-21,425.47
6,5,2026-05-17,115.39
3,37,2026-07-12,415.05
1,5,2026-02-13,173.77
19,1,2026-06-04,408.08
14,1,2026-06-02,475.22
3756,4,2026-07-01,324.74
16,168,2026-01-17,125.96
3,39,2026-04-08,292.37
22,1,2026-08-28,352.25
40,1,2026-03-19,237.13
3,1,2026-05-06,253.61
261,154,2026-01-09,394.61
19,3,2026-07-12,471.28
10,14,2026-01-10,380.49
2,3,2026-03-23,103.24
2,1,2026-04-08,265.0
30,18,2026-06-16,420.41
2,22,2026-06-08,89.07
25,8,2026-03-25,494.36
1,2,2026-01-20,432.57
2,3,2026-02-17,32.15
1,13,2026-03-05,414.12
2,2,2026-01-07,295.01
28,91,2026-05-17,57.92
1,1,2026-04-18,389.71
1,89,2026-04-02,414.56
1809,2,2026-02-23,230.34
127,2,2026-01-20,7.8
1,7,2026-04-14,90.17
4,4,2026-03-18,63.02
2,1,2026-02-21,268.81
19,3,2026-07-15,67.74
10,449,2026-07-25,251.73
20,9,2026-07-14,309.68
2,1,2026-05-27,91.77
16,8,2026-05-18,356.73
1,2,2026-02-04,130.39
77,135,2026-07-18,142.76
1,159,2026-05-02,375.7
3,96,2026-08-16,286.79
2,1,2026-04-24,35.86
1,1,2026-06-01,411.23
2,60,2026-08-26,407.11
4,5,2026-06-04,169.88
6,1,2026-06-04,195.41
86,980,2026-07-04,457.48
8,131,2026-02-14,133.41
255,2,2026-03-23,327.56
1,2,2026-01-12,110.87
15,2,2026-05-24,151.13
4,2,2026-06-18,212.94
1,23,2026-01-05,142.29
2,1,2026-05-06,142.13
5,22,2026-04-14,72.3
76,28,2026-01-20,281.48
2,412,2026-08-07,421.56
36,7,2026-06-24,213.38
1,2,2026-08-28,261.18
11,2,2026-05-20,22.45
1284,16,2026-05-28,227.55
1,4,2026-07-21,270.24
42,7,2026-07-05,347.81
1,52,2026-08-26,468.97
1,17,2026-04-23,415.38
16,2,2026-03-13,307.64
5,3,2026-07-26,193.93
30,60,2026-06-14,479.65
8,3,2026-03-16,309.36
4,3,2026-05-01,100.0
7,2,2026-07-05,436.77
5,579,2026-01-04,232.97
1,2,2026-01-05,162.68
4288,10,2026-06-11,175.07
1,5,2026-02-20,496.33
4,7,2026-06-09,309.31
164,107,2026-08-05,146.52
2,3,2026-08-25,457.53
2,4,2026-03-21,380.38
51,3,2026-03-05,128.94
1,11,2026-05-21,497.0
11,4,2026-01-05,470.99
1,1,2026-04-25,118.71
41,2,2026-02-04,240.54
241,1,2026-04-06,336.66
2,5,2026-07-08,354.67
34,4,2026-03-08,196.75
1,1,2026-08-09,246.37
1,14,2026-02-08,437.56
2,1677,2026-02-02,304.43
4,5,2026-03-05,473.48
1,636,2026-08-28,86.26
926,34,2026-04-24,180.72
2,1,2026-02-14,356.32
1,1,2026-05-09,416.87
1,4,2026-08-22,190.66
32,2,2026-07-20,77.15
13,46,2026-01-19,374.43
2,506,2026-08-22,16.56
89,3,2026-04-07,478.03
9,493,2026-07-10,31.77
1,10,2026-01-21,411.64
32,1,2026-02-08,142.1
26,6,2026-05-11,308.97
2,3,2026-02-13,367.88
1,64,2026-06-12,424.19
1,82,2026-08-22,446.36
608,3,2026-04-06,163.39
2,2,2026-04-20,59.78
1,15,2026-02-13,419.25
7,4,2026-05-11,130.0
1,26,2026-03-25,77.42
90,3,2026-06-20,343.77
1,8,2026-04-27,36.07
1,2,2026-07-14,454.3
1,33,2026-05-23,392.04
5,1,2026-06-27,493.61
88,18,2026-01-10,222.44
24,1,2026-02-09,111.92
467,2,2026-05-15,354.24
1,2,2026-08-15,308.8
10,37,2026-04-10,439.88
30,3,2026-07-05,321.14
553,918,2026-04-07,471.94
1,6,2026-02-18,198.49
2,1,2026-04-19,495.92
1,277,2026-08-21,397.06
1,3,2026-02-06,234.51
13,1,2026-05-12,91.88
11,2,2026-01-13,470.89
1,2,2026-05-24,203.76
76,86,2026-08-02,263.9
3,1,2026-02-20,369.92
1,430,2026-07-05,369.58
3,1405,2026-01-23,390.84
84,1,2026-05-07,305.2
3,105,2026-07-05,270.6
1,12,2026-08-25,424.75
1025,1,2026-08-10,227.91
1,1,2026-07-18,495.79
1,2,2026-08-10,264.23
10,2,2026-05-04,312.22
846,1,2026-05-06,399.45
447,4,2026-08-27,351.0
3,62,2026-05-06,323.84
5,24,2026-07-25,345.14
7,1,2026-02-03,63.89
1,1,2026-07-14,434.95
2,5,2026-01-03,78.73
224,1,2026-08-23,486.04
11,49,2026-05-28,356.5
3,2,2026-08-14,432.22
132,1,2026-07-18,443.69
4,9,2026-04-06,131.96
2,1,2026-03-15,472.26
54,2,2026-03-02,406.5
1,4,2026-02-14,223.81
1,1,2026-06-04,251.71
1,17,2026-01-28,149.08
4,1,2026-02-07,21.98
2,47,2026-01-13,30.5
3,125,2026-04-04,92.4
5,1,2026-02-12,228.81
1,163,2026-05-27,316.21
1,1,2026-08-08,266.29
21,12,2026-07-16,193.48
24,1,2026-05-21,469.16
3,1,2026-06-03,210.62
12,1,2026-02-28,187.68
4,65,2026-02-22,453.91
1,1,2026-05-24,44.55
3,48,2026-03-23,398.44
1,3,2026-01-06,361.7
1,2,2026-04-25,250.94
14,17,2026-03-05,100.25
1,8,2026-05-18,20.43
42,626,2026-02-13,302.55
562,1,2026-03-21,254.95
1,1422,2026-04-26,63.29
2,11,2026-08-27,240.06
12,1,2026-04-17,300.8
3,9,2026-02-21,394.71
1,6,2026-01-18,17.78
54,1443,2026-06-27,168.44
1,110,2026-02-17,490.58
1661,1,2026-08-13,6.98
38,1,2026-07-16,288.95
5,2,2026-07-09,320.84
4,2,2026-05-09,156.33
1,9,2026-06-26,412.86
77,3,2026-06-01,402.2
7,34,2026-08-22,390.46
2,32,2026-07-28,117.5
12,385,2026-06-08,462.27
2464,13,2026-06-14,394.83
70,195,2026-04-26,345.06
9,1,2026-04-01,173.58
2,45,2026-06-23,97.32
5,1,2026-05-17,218.42
2,2,2026-02-07,461.19
89,1,2026-04-24,193.83
6826,15,2026-08-26,189.18
3,22,2026-07-09,365.53
1,86,2026-06-21,96.71
2,1,2026-08-14,111.0
4,2,2026-04-06,272.39
10,733,2026-03-12,228.42
146,13,2026-04-20,355.98
148,1,2026-02-25,329.85
2,2,2026-03-21,275.29
1,31,2026-08-17,364.3
11,66,2026-08-21,407.43
41,3,2026-05-28,119.49
1,2,2026-04-17,245.91
3,1,2026-02-28,86.63
1,3,2026-07-13,312.94
25,1,2026-07-17,10.49
2570,36,2026-02-09,473.58
229,3,2026-07-03,42.9
5,1,2026-08-01,412.82
6,5,2026-08-17,486.72
1,23,2026-03-14,246.36
10,2,2026-06-18,237.04
22,13,2026-01-21,358.6
3,2,2026-05-18,182.28
2,8,2026-07-02,178.94
66,1,2026-02-26,74.26
17,3,2026-06-22,71.15
1,1,2026-08-08,331.33
1,2,2026-08-01,253.67
4,691,2026-03-08,386.73
11,9,2026-05-03,378.13
1,3,2026-03-28,96.53
5,2,2026-08-01,44.92
1,2,2026-05-08,154.73
2,1,2026-03-16,248.18
9,10,2026-02-26,127.25
227,14,2026-05-23,218.88
1,11,2026-05-23,118.21
3,6,2026-05-04,118.67
5360,5,2026-02-05,147.26
2,47,2026-07-12,278.51
1,520,2026-07-16,337.77
3,110,2026-08-28,366.46
28,13,2026-03-22,349.46
31,9,2026-02-19,369.04
1,1176,2026-04-13,331.78
254,13,2026-08-28,219.8
3,4,2026-04-12,43.75
312,8,2026-07-27,133.82
40,1,2026-08-19,249.83
3,1731,2026-03-21,352.28
36,3,2026-07-18,213.0
2,24,2026-08-09,376.15
1,3,2026-08-24,437.92
3,40,2026-02-06,334.56
3,1,2026-03-27,448.54
3397,1,2026-07-20,152.85
2,5,2026-02-21,377.66
5,110,2026-07-09,155.88
1,892,2026-05-02,238.08
6,10,2026-03-14,472.94
39,1,2026-07-27,154.58
8,2,2026-04-19,310.35
457,1,2026-05-27,223.58
67,4,2026-07-25,228.46
6,22,2026-02-16,403.61
1,35,2026-03-13,296.18
30,189,2026-05-15,277.88
10,15,2026-02-23,276.77
1,1,2026-06-03,31.89
1,1,2026-01-16,493.14
22,47,2026-01-01,164.28
3,2,2026-06-09,496.07
1,375,2026-08-16,230.1
1567,4,2026-08-17,55.91
11,4,2026-03-28,30.31
2246,419,2026-06-17,181.7
85,1,2026-02-22,444.86
62,144,2026-01-09,404.8
4,16,2026-03-02,162.54
5,11,2026-06-12,223.94
50,1,2026-07-11,60.63
24,12,2026-02-05,64.23
2,1,2026-05-11,277.29
31,2,2026-04-27,174.61
7,1,2026-07-03,164.24
457,6,2026-03-09,136.65
2,16,2026-02-18,203.15
4,17,2026-02-04,424.68
39,1,2026-02-28,332.15
28,21,2026-02-26,61.7
10,1,2026-02-02,215.75
3,1,2026-03-01,494.77
1,9,2026-07-16,167.11
2,28,2026-01-24,448.72
17,1,2026-07-27,41.91
14,1,2026-08-15,405.95
121,3,2026-03-19,336.77
2,3,2026-08-15,233.5
3,1,2026-05-27,104.06
5,100,2026-08-15,353.79
1,13,2026-04-26,313.1
25,97,2026-08-16,242.66
362,1,2026-01-11,371.38
11,6,2026-03-06,58.55
29,3,2026-06-17,160.39
6,5,2026-04-28,40.01
5,103,2026-08-23,332.67
1,1,2026-02-04,469.05
12,7,2026-07-05,389.51
82,399,2026-05-25,234.44
2,2,2026-07-25,270.89
2,3,2026-04-03,393.61
1,3,2026-01-11,319.92
1,1,2026-06-22,211.1
3,13,2026-06-08,453.52
38,2,2026-07-04,405.54
2,5,2026-05-15,454.47
1,1,2026-02-06,309.25
3,27,2026-02-14,495.8
6,4,2026-05-08,41.76
1,7,2026-05-27,223.26
102,10,2026-04-11,167.95
13,1,2026-08-24,48.46
4,1,2026-08-26,141.78
12,1246,2026-08-05,440.1
24,4,2026-05-09,69.09
11,25,2026-02-28,31.88
13,426,2026-04-15,174.72
1,29,2026-02-23,73.37
1,895,2026-04-24,486.98
11,1,2026-07-14,322.91
13,14,2026-07-20,19.67
7,25,2026-01-25,409.76
7,59,2026-06-07,498.43
3,145,2026-03-07,277.89
1420,2,2026-02-01,426.99
12,27,2026-06-28,111.91
6,2,2026-01-01,149.39
1,3,2026-03-03,170.8
1,1,2026-06-28,193.62
5,6,2026-04-09,29.91
20,1,2026-08-15,219.69
1,6,2026-04-06,63.89
1,3,2026-07-28,146.75
2,4,2026-01-19,383.57
45,3,2026-01-28,464.02
4,1,2026-07-25,303.0
2,3,2026-07-03,9.49
1197,8,2026-04-21,141.79
5,1,2026-08-28,491.2
1,1,2026-08-02,255.1
1189,2,2026-04-10,102.1
2,6,2026-01-23,246.35
1,4,2026-01-09,160.03
7,17,2026-05-12,74.25
1,1,2026-01-20,195.43
269,4,2026-07-24,285.83
4,7,2026-08-13,412.75
35,1,2026-08-07,169.9
2,863,2026-03-09,174.3
3,1,2026-04-20,280.24
2,17,2026-03-18,123.06
6,6,2026-02-09,208.7
1,220,2026-04-16,176.36
4,49,2026-01-20,259.48
3,12,2026-02-22,380.18
1696,2,2026-05-08,33.4
1,3,2026-06-19,75.72
46,3,2026-07-15,314.26
1,13,2026-05-03,87.21
2,1747,2026-08-08,198.64
1,4,2026-02-27,277.63
43,1,2026-08-09,197.4
6,9,2026-04-13,288.67
1,2,2026-04-17,64.35
57,5,2026-01-20,460.91
91,1,2026-02-18,382.51
9,47,2026-07-12,20.63
2,11,2026-02-03,88.63
1,7,2026-06-12,10.31
48,53,2026-01-03,67.19
60,3,2026-08-25,377.18
2,5,2026-08-18,400.71
1,4,2026-02-04,58.73
3053,4,2026-06-05,380.62
2,812,2026-06-01,439.79
1,8,2026-04-22,221.74
7,110,2026-04-15,397.31
1,7,2026-05-17,38.59
5,33,2026-06-13,189.1
1,1,2026-02-21,247.09
67,1,2026-08-07,472.45
1,5,2026-07-14,62.9
1,326,2026-01-02,350.76
3,1,2026-04-17,366.74
31,41,2026-01-17,61.73
6,57,2026-02-01,147.22
4672,10,2026-07-08,299.69
1,2,2026-04-26,182.67
1,1,2026-05-15,437.64
2,1,2026-05-12,54.77
4,4,2026-03-22,333.64
538,2,2026-04-19,288.38
3,2,2026-06-01,295.25
41,7,2026-06-14,371.23
48,9,2026-02-21,85.71
28,13,2026-07-14,35.55
17,11,2026-08-23,468.49
3,1,2026-07-13,496.11
208,10,2026-03-24,148.83
1,1,2026-08-21,287.33
5134,21,2026-08-18,192.63
1,2,2026-04-06,398.2
429,2,2026-04-26,493.86
6,25,2026-08-20,256.14
2,5,2026-08-19,343.37
46,23,2026-01-12,491.78
2,5,2026-08-04,295.69
246,1,2026-07-14,440.35
249,1,2026-03-16,389.17
11,1,2026-08-01,192.32
3,2,2026-05-24,338.55
17,16,2026-02-23,228.16
9,1,2026-05-02,101.21
3,40,2026-03-18,270.75
5,1,2026-04-10,178.1
3,17,2026-04-19,43.46
1,13,2026-03-09,465.45
5,4,2026-01-17,418.51
12,166,2026-08-12,100.71
3,2,2026-07-15,49.35
9,2,2026-04-21,7.18
11,5,2026-06-12,172.71
1,937,2026-06-14,177.64
35,26,2026-02-23,260.02
5,2,2026-08-14,205.1
1,36,2026-02-17,397.51
5,5,2026-05-16,488.14
1,5,2026-02-23,46.87
1,106,2026-05-21,29.8
50,39,2026-06-19,12.11
6,5,2026-05-22,464.76
16,7,2026-01-02,251.66
10,15,2026-05-13,428.69
31,1,2026-02-24,287.19
6,11,2026-05-01,493.15
1,7,2026-02-01,244.96
91,4,2026-01-27,128.6
2283,1,2026-04-09,132.69
1,1,2026-05-09,380.39
1,2,2026-04-20,212.42
3,1,2026-01-25,420.97
2,23,2026-05-22,286.98
7,10,2026-01-19,419.15
2,2,2026-07-28,239.1
3,48,2026-06-26,155.93
3,32,2026-01-01,445.25
2,118,2026-04-02,207.68
11,513,2026-07-25,174.05
1,7,2026-07-14,250.36
1,8,2026-08-12,380.24
2,1,2026-05-02,404.05
12,1,2026-07-14,322.57
275,2,2026-05-05,103.36
4,1,2026-01-15,212.0
1,1,2026-03-15,128.77
112,1,2026-05-04,329.96
1,4,2026-08-07,460.18
568,1184,2026-03-06,363.28
517,1,2026-02-15,323.84
6,795,2026-03-20,423.69
5,1,2026-07-04,93.6
6,9,2026-01-22,298.37
3764,20,2026-03-05,277.29
4,5,2026-08-25,393.96
118,76,2026-02-10,202.11
1,2,2026-06-15,421.47
1362,3,2026-01-11,493.86
119,185,2026-01-11,334.5
2,1,2026-02-22,126.85
4,69,2026-05-08,298.02
6,12,2026-05-12,214.44
5,132,2026-04-25,26.01
25,103,2026-06-09,176.42
3,1,2026-01-11,85.88
4,13,2026-08-22,489.68
234,1,2026-02-22,388.11
5,6,2026-02-16,214.6
23,2,2026-05-16,140.46
220,9,2026-08-06,101.56
15,5,2026-05-11,423.19
56,27,2026-02-05,52.61
11,3,2026-03-16,172.78
6,1,2026-06-21,13.87
1,9,2026-02-11,226.4
12,1,2026-08-28,477.4
36,25,2026-04-22,320.29
12,1,2026-06-26,270.61
1,1,2026-01-06,137.53
1,2,2026-04-22,200.73
9,3,2026-03-01,276.48
1,10,2026-05-14,325.02
11,1,2026-07-04,39.16
1,1,2026-03-06,286.97
7,3,2026-01-23,218.31
1,1,2026-06-08,47.01
5,1,2026-01-23,233.88
26,1,2026-03-23,487.42
2,18,2026-05-10,285.62
11,737,2026-05-03,432.06
136,2,2026-03-13,68.54
1,1,2026-02-25,483.08
3,1,2026-02-07,450.07
607,1,2026-02-02,375.62
1,56,2026-07-08,272.62
1,2,2026-05-06,95.76
12,2,2026-02-17,270.95
1,1,2026-01-28,53.5
102,1,2026-05-27,448.92
2,7,2026-01-12,293.46
2,14,2026-05-26,491.44
1,1,2026-04-05,247.52
45,1,2026-01-19,53.26
3,1,2026-01-14,382.39
1,3,2026-07-24,473.79
92,1,2026-08-02,350.41
2,2,2026-05-06,393.21
6,5,2026-03-02,41.2
39,4,2026-02-27,213.85
1,2,2026-07-07,324.69
101,29,2026-08-07,153.77
6,1,2026-01-05,323.3
6,127,2026-04-25,261.31
428,24,2026-03-13,256.16
1,7,2026-03-09,389.96
48,20,2026-02-27,408.34
14,114,2026-08-14,67.47
3,2,2026-07-01,151.14
3,9,2026-04-21,314.78
2,5,2026-06-12,322.06
2,13,2026-06-28,164.11
2,3,2026-01-23,217.44
339,1,2026-03-11,356.37
24,28,2026-04-06,276.92
1,30,2026-07-18,424.73
13,1,2026-05-20,317.96
1,12,2026-06-15,374.04
6,9,2026-01-11,497.29
7,7,2026-02-10,85.72
5,1385,2026-05-02,464.48
124,2,2026-02-24,129.5
4,1,2026-04-14,320.65
1,8,2026-02-26,218.0
2,1,2026-03-28,465.03
20,1,2026-08-24,347.76
105,3,2026-06-15,329.36
1,726,2026-01-16,346.27
12,5,2026-04-22,378.2
11,11,2026-06-07,359.56
4,1,2026-07-12,404.73
3925,2095,2026-01-03,425.63
2,1,2026-03-21,142.8
1,2,2026-03-21,160.98
2,673,2026-04-03,160.04
3,5,2026-08-20,166.64
5,6,2026-04-03,26.64
11,5,2026-08-01,360.29
16,47,2026-08-22,200.32
1,328,2026-03-28,75.59
5,33,2026-07-15,369.62
20,2,2026-05-22,455.41
101,1,2026-05-12,105.51
2,1,2026-07-12,154.74
3,4,2026-03-19,85.45
17,2,2026-06-01,157.52
8,7,2026-04-24,269.82
11,1,2026-02-17,376.37
58,100,2026-05-24,283.71
589,80,2026-03-22,28.61
22,1,2026-06-10,59.23
5,193,2026-02-07,472.04
4,13,2026-07-14,404.88
1,13,2026-02-27,319.04
11,13,2026-06-19,186.58
212,21,2026-08-13,301.71
1728,3,2026-06-03,171.16
20,1032,2026-03-07,420.12
15,1,2026-07-12,398.12
102,123,2026-01-16,7.18
1,1,2026-07-13,356.35
1,3,2026-01-16,287.95
1,1,2026-01-01,465.49
10,11,2026-02-06,129.72
3,1,2026-08-01,42.47
2,12,2026-06-27,272.18
88,235,2026-02-08,344.71
3256,1,2026-06-02,116.7
4722,1,2026-07-19,343.11
1,10,2026-04-13,71.78
2394,4,2026-06-21,346.14
5,17,2026-06-08,127.74
9,1,2026-03-03,431.08
3,1698,2026-08-25,481.01
3,4,2026-07-14,275.48
3,64,2026-06-17,73.89
2,1,2026-03-06,279.55
2,1,2026-03-03,282.71
7,51,2026-01-03,164.28
1,3,2026-07-14,185.73
2,1,2026-05-05,230.64
2725,1,2026-07-04,387.0
7,60,2026-01-08,103.41
1,2,2026-04-20,59.18
2,4,2026-02-02,181.16
93,8,2026-06-24,438.7
1,120,2026-07-09,316.65
429,6,2026-08-07,24.97
2,7,2026-07-11,346.06
4,5,2026-04-21,219.87
89,5,2026-06-28,319.34
108,8,2026-02-23,187.04
8,674,2026-02-17,347.08
1,1,2026-06-17,471.61
3,72,2026-06-28,286.91
17,1,2026-01-08,66.9
6,89,2026-08-08,380.5
2,7,2026-05-01,54.96
1,1,2026-08-03,224.02
1,3,2026-03-25,75.85
28,1,2026-02-17,131.31
16,1,2026-03-26,8.16
2,1,2026-04-15,127.65
10,3,2026-04-28,310.36
3,5,2026-05-07,8.39
7,2,2026-02-08,78.54
5,1,2026-05-19,195.72
1,4,2026-07-04,51.61
189,50,2026-08-03,339.69
1,15,2026-01-14,342.32
31,1,2026-01-14,451.83
3,6,2026-06-06,301.67
5,10,2026-05-15,250.54
2,2,2026-02-03,359.88
1,1,2026-01-18,464.68
140,4,2026-03-28,457.68
2,1841,2026-05-18,413.28
9,1,2026-04-26,169.59
1,16,2026-07-08,496.79
23,338,2026-07-22,356.08
1,26,2026-05-04,31.58
12,4,2026-04-14,266.43
269,174,2026-02-24,12.6
1,13,2026-05-13,110.07
36,3,2026-01-26,348.14
1,37,2026-04-28,420.35
583,1,2026-03-13,467.89
2,70,2026-01-06,313.52
2,100,2026-08-08,154.65
2,1,2026-02-13,286.35
2,136,2026-03-13,124.39
1,1,2026-06-20,8.12
1216,30,2026-01-28,256.66
4,2,2026-08-27,409.2
1,1,2026-02-01,411.14
1,15,2026-08-03,81.68
24,3,2026-01-04,270.4
1,1,2026-05-13,458.64
17,1727,2026-07-03,171.21
3,2,2026-06-22,231.14
2,5,2026-01-24,345.38
2,76,2026-01-19,74.88
1,3,2026-05-12,488.96
43,1,2026-06-24,227.43
36,19,2026-08-28,310.72
95,1,2026-07-20,82.24
1,2,2026-05-09,103.79
10,5,2026-08-04,441.28
2,5,2026-01-05,495.52
203,5,2026-02-16,499.07
2,4,2026-07-18,121.73
2,102,2026-04-20,273.37
2,1,2026-07-21,7.64
135,1,2026-05-22,400.78
1,85,2026-03-23,258.72
60,1,2026-06-16,66.37
7,2,2026-01-06,400.75
63,1,2026-03-09,416.93
1,1,2026-05-19,116.9
5,2,2026-08-14,272.21
2,1,2026-05-12,369.57
2,1,2026-07-15,180.44
7,1,2026-02-22,213.11
4,1,2026-03-17,370.24
18,2329,2026-06-15,17.4
300,4,2026-08-14,51.79
13,3,2026-07-13,103.24
42,1,2026-03-09,408.58
1,140,2026-05-28,426.38
4,18,2026-05-06,346.14
196,1,2026-03-05,99.31
313,2,2026-04-13,296.56
1,4,2026-05-04,151.7
718,12,2026-04-20,175.06
1,1,2026-05-11,124.19
6,1,2026-06-23,219.2
56,12,2026-08-19,88.7
1612,1,2026-03-12,188.69
10,1,2026-02-23,456.08
1,119,2026-03-20,457.16
17,6,2026-03-18,320.73
2,2,2026-03-02,358.79
3,2,2026-05-26,254.91
55,13,2026-03-02,80.51
20,34,2026-07-17,333.18
4,2,2026-06-23,80.48
1,21,2026-04-19,71.28
2,1,2026-03-14,254.28
4,3,2026-04-13,377.44
1,7,2026-01-08,238.55
3,168,2026-01-01,120.12
2,3,2026-04-02,289.78
5,1248,2026-07-22,237.26
1,1,2026-04-09,330.01
1,12,2026-07-14,248.34
2,1,2026-04-04,257.08
1520,1,2026-01-14,199.05
264,6,2026-02-28,74.15
5,2,2026-02-26,54.65
1,1,2026-01-19,50.23
1,26,2026-01-04,101.87
2,42,2026-07-26,497.38
1,1,2026-03-21,8.21
6,8,2026-01-21,151.63
1,1,2026-01-25,199.35
1,1,2026-04-27,137.61
3,1,2026-02-25,446.63
10,12,2026-03-26,383.45
1,1,2026-03-20,272.38
1,3,2026-06-27,421.53
4,27,2026-05-22,120.97
6,1,2026-02-24,213.32
2950,1,2026-01-13,195.52
8,1,2026-01-09,469.95
1627,1,2026-02-11,426.49
1,1,2026-08-24,92.62
20,1,2026-03-12,462.77
1,16,2026-04-27,253.31
8,7,2026-08-04,282.1
1,1,2026-01-11,468.08
3,2,2026-01-15,51.15
4,1,2026-02-10,234.05
1,83,2026-02-04,457.32
1,113,2026-02-09,217.39
162,8,2026-08-10,300.41
19,3,2026-02-15,252.18
1,3,2026-01-26,374.5
5,3,2026-04-16,312.77
1,5,2026-02-19,294.12
47,8,2026-08-13,497.14
6,5,2026-02-08,197.69
26,1,2026-04-05,287.89
2,1,2026-03-07,235.31
6,1,2026-01-22,439.38
3185,2,2026-07-19,419.02
9,113,2026-06-20,120.05
14,43,2026-02-02,372.72
4,1,2026-06-25,435.8
1,153,2026-03-28,472.68
1,1,2026-01-27,407.53
14,4,2026-05-24,497.6
4,1,2026-02-19,186.93
1,24,2026-07-04,209.01
1,2,2026-03-21,130.04
6,1,2026-07-27,218.11
3,36,2026-01-27,336.37
17,39,2026-04-19,278.14
5,11,2026-04-13,64.49
7,1,2026-05-17,142.78
4,11,2026-08-09,102.69
64,1,2026-01-27,69.48
88,1,2026-07-03,216.59
1,6,2026-06-04,87.8
5292,1,2026-08-14,50.87
15,14,2026-04-10,173.83
1,7,2026-04-21,134.51
13,124,2026-06-20,254.36
695,27,2026-01-13,202.06
3,19,2026-04-01,286.79
65,24,2026-05-04,166.32
2,1,2026-01-08,385.01
22,284,2026-05-09,411.7
66,280,2026-08-01,409.64
1,4,2026-05-12,191.49
11,7,2026-08-04,48.79
1,1,2026-07-14,404.69
5,25,2026-07-26,496.23
1,5,2026-04-27,417.3
8,7,2026-03-11,417.82
87,4,2026-03-02,195.06
14,5,2026-02-08,232.37
1,23,2026-03-10,217.4
1,5,2026-07-18,268.09
1,12,2026-08-19,237.01
3,11,2026-03-19,61.5
5,11,2026-02-05,415.04
4518,4,2026-01-24,285.87
2299,195,2026-01-12,156.08
2,1,2026-02-06,306.73
214,18,2026-06-21,423.09
2,1,2026-01-12,361.93
1,1,2026-01-09,271.87
3,5,2026-05-19,290.53
3243,3,2026-02-16,151.12
5,5,2026-03-04,191.54
160,1,2026-05-24,356.1
1,4,2026-01-28,370.43
248,2,2026-07-19,288.98
1046,32,2026-08-18,55.51
1,10,2026-07-16,288.62
285,1,2026-04-02,75.67
63,57,2026-01-25,305.06
2,3,2026-04-21,342.33
5,5,2026-07-24,373.16
5,3,2026-04-25,367.81
3,4,2026-01-06,230.63
1,50,2026-08-15,494.28
1,1,2026-04-07,32.31
3,2,2026-06-26,205.83
1,15,2026-08-21,25.44
1,1,2026-05-19,201.54
5,353,2026-06-04,207.48
16,2,2026-05-22,225.1
1,4,2026-04-22,455.47
181,2,2026-06-10,176.24
2,51,2026-08-22,318.63
6,64,2026-03-17,444.33
7,2,2026-03-23,12.38
8,111,2026-03-03,104.07
1,875,2026-02-21,227.71
455,4,2026-07-02,157.58
3,58,2026-04-22,488.61
12,1,2026-08-25,393.27
9,13,2026-06-23,298.26
2,140,2026-08-25,402.82
13,9,2026-06-05,380.79
96,2,2026-02-23,493.8
1,2,2026-03-28,198.21
8,52,2026-08-13,432.67
2,1,2026-08-20,471.98
34,7,2026-01-05,178.12
3,7,2026-02-21,470.41
29,2,2026-01-25,422.63
3,9,2026-03-21,466.93
26,2532,2026-02-21,355.45
952,6,2026-03-12,342.69
7,1,2026-04-08,226.65
76,27,2026-08-02,43.3
2,1,2026-08-22,404.94
8,16,2026-07-21,86.51
12,266,2026-02-22,420.19
51,367,2026-05-12,262.51
8,648,2026-06-16,214.54
1,60,2026-01-22,240.2
4,72,2026-01-22,399.02
1,1,2026-06-21,160.67
1,1,2026-05-21,475.98
3,7,2026-08-18,318.1
69,2,2026-03-24,141.53
1,299,2026-03-01,71.34
2782,1,2026-02-08,280.84
5,1,2026-08-22,155.9
1,246,2026-07-15,60.02
86,86,2026-03-11,457.58
1,5,2026-05-24,231.53
2,4,2026-02-05,392.11
12,1,2026-06-22,100.74
4,1,2026-02-27,423.12
2,56,2026-02-17,472.82
3,27,2026-07-28,92.48
1,1,2026-07-21,11.64
153,10,2026-06-02,293.55
110,1,2026-06-03,189.06
15,3,2026-06-03,268.96
3780,4,2026-03-20,91.88
1,2,2026-04-07,148.26
33,53,2026-07-15,95.3
1,442,2026-03-24,94.58
1,1,2026-02-01,278.31
3,128,2026-06-23,337.57
6,1,2026-01-14,493.29
8,69,2026-02-10,488.54
1,46,2026-02-03,274.91
4,1,2026-05-12,416.26
10,4,2026-04-07,469.38
15,3,2026-01-14,85.97
7,1,2026-05-24,412.4
4,2,2026-06-11,62.94
3,2,2026-02-01,497.86
22,79,2026-02-15,180.37
18,1,2026-08-20,223.19
85,1,2026-02-20,350.48
23,2,2026-06-06,96.89
3,1,2026-08-03,480.85
1126,1,2026-07-08,72.32
2,477,2026-04-25,296.53
33,5,2026-01-06,76.22
20,2,2026-05-04,449.66
1,1,2026-02-16,63.92
808,17,2026-06-11,32.66
1,4,2026-03-12,23.45
3,3,2026-08-02,427.29
1,4,2026-02-09,103.07
3,1,2026-06-01,339.63
1,838,2026-05-11,435.44
1,2,2026-05-13,381.9
274,4,2026-04-20,151.64
1,9,2026-02-13,274.67
1,5,2026-08-09,123.75
1,7,2026-03-26,179.31
16,8,2026-02-16,193.58
37,3,2026-03-04,79.45
2,17,2026-08-15,278.28
1,1,2026-06-06,224.45
246,4,2026-04-21,484.02
1,16,2026-02-06,75.76
2,26,2026-03-09,158.84
4,1,2026-01-11,492.06
8,16,2026-02-23,255.74
1443,2,2026-02-02,296.95
2,2,2026-05-05,202.33
82,2,2026-02-10,94.43
1,164,2026-07-16,353.49
2,2,2026-04-11,205.6
6,3,2026-01-09,113.37
4,25,2026-07-07,86.3
2,7,2026-06-07,124.46
2,1,2026-02-18,66.22
67,4,2026-02-07,150.35
1,21,2026-04-28,485.75
15,1,2026-03-26,339.78
6,1,2026-03-24,159.61
5,1,2026-06-24,125.97
1,22,2026-04-04,50.15
1,1,2026-06-05,52.44
1,6,2026-06-17,35.0
4,110,2026-02-23,460.49
1,1,2026-03-24,171.21
2,21,2026-08-15,379.47
1,4,2026-08-22,470.43
2,1,2026-07-27,147.93
10,5,2026-07-26,177.8
1,50,2026-08-07,96.07
3,409,2026-02-05,60.6
19,1442,2026-06-13,479.9
4,2,2026-07-01,169.19
3,41,2026-08-21,454.8
16,1,2026-06-23,31.52
1,17,2026-03-10,484.93
36,1,2026-05-10,355.36
361,4,2026-01-28,52.9
433,2,2026-02-13,142.88
148,220,2026-03-22,133.91
2,48,2026-02-16,264.02
1,12,2026-05-19,66.75
16,1,2026-02-10,16.71
8,3,2026-06-27,207.73
7,69,2026-08-05,326.06
1,326,2026-04-13,487.34
2,6,2026-01-10,118.79
1,2,2026-05-26,155.62
1,1,2026-05-07,99.26
6,2,2026-02-26,198.28
3,1,2026-04-18,111.3
6,1,2026-05-13,284.91
3,1,2026-01-21,127.04
1,2,2026-07-08,105.37
19,15,2026-08-24,33.41
2,198,2026-08-28,287.53
1,3,2026-01-18,289.79
17,13,2026-02-24,201.09
31,10,2026-07-10,12.28
43,4,2026-08-02,325.68
7,1,2026-03-03,357.67
2,51,2026-08-24,93.05
24,6,2026-05-22,136.97
1,22,2026-01-24,386.23
2,3,2026-03-14,167.95
3,1,2026-04-24,310.2
2,1,2026-03-16,374.57
26,69,2026-04-11,221.39
5,18,2026-03-22,386.18
32,4,2026-07-02,348.2
1,1,2026-05-12,488.52
2,69,2026-08-03,389.85
10,1,2026-04-20,306.01
3,4,2026-07-15,21.14
7,5,2026-08-20,205.32
1370,8,2026-08-10,124.17
86,2,2026-04-11,466.28
77,1,2026-03-26,473.59
4,2,2026-03-04,397.62
10,2,2026-06-14,387.82
2,1664,2026-04-20,45.65
27,4,2026-03-10,112.96
3,1,2026-03-26,383.34
3,2,2026-06-16,158.78
1,5,2026-04-13,88.32
7,14,2026-08-22,183.55
2,182,2026-01-12,406.02
15,2,2026-05-01,316.82
3,1,2026-04-10,335.2
1,31,2026-03-26,246.54
9,1,2026-05-08,65.49
43,3,2026-03-27,73.12
4,14,2026-05-18,225.95
2,180,2026-05-07,46.77
3,956,2026-06-15,285.56
11,16,2026-08-04,201.0
19,1,2026-02-23,257.14
92,1308,2026-04-05,106.8
15,4,2026-02-02,202.67
3,1,2026-04-18,243.64
34,26,2026-06-16,283.13
6,7,2026-08-26,244.04
6,4,2026-06-23,470.17
3,11,2026-07-26,456.45
268,14,2026-07-12,56.5
3,1,2026-04-06,351.32
4,954,2026-02-07,192.1
4,28,2026-03-13,269.12
3,152,2026-06-20,73.91
6,1,2026-01-09,5.91
1,12,2026-08-25,105.56
3,31,2026-04-05,499.27
86,2,2026-08-14,98.98
2,2,2026-02-07,357.12
1,4,2026-03-05,195.63
2,1,2026-05-20,419.87
2614,2,2026-02-22,209.63
7,1,2026-02-07,390.52
1,6,2026-03-04,427.42
17,10,2026-06-22,165.49
277,1,2026-07-21,390.78
16,1,2026-02-17,295.61
2,1,2026-02-21,322.83
4,1410,2026-06-18,452.85
4745,3,2026-06-28,481.76
53,5,2026-04-17,443.75
1,15,2026-07-14,253.38
1,1,2026-03-27,462.34
337,61,2026-08-01,125.16
1,2034,2026-07-09,434.13
10,2,2026-04-08,492.35
1,27,2026-08-24,52.29
9,257,2026-07-05,224.93
1,6,2026-03-02,461.66
1360,12,2026-02-08,111.51
8,1,2026-08-19,149.41
8,1,2026-03-22,482.61
4,24,2026-08-17,124.68
2,1,2026-06-15,177.71
2,16,2026-01-19,45.12
1,2,2026-07-11,280.68
1,5,2026-07-09,227.79
77,11,2026-07-12,240.65
39,1496,2026-05-03,151.5
2,70,2026-07-08,360.01
4,37,2026-04-17,183.19
24,3,2026-01-10,144.75
5644,2,2026-08-26,317.99
4,1,2026-05-01,231.12
1,1413,2026-03-08,369.81
33,5,2026-02-05,248.21
4,3,2026-02-09,154.19
9,1,2026-06-06,336.79
1,4,2026-08-23,233.53
1,11,2026-07-02,77.59
10,6,2026-02-18,305.27
1,3,2026-06-13,44.49
3,53,2026-03-08,276.28
4857,453,2026-01-07,364.55
15,3,2026-07-04,152.18
1,2,2026-01-26,8.39
3,3,2026-01-08,312.94
215,1154,2026-05-11,372.33
3,50,2026-05-11,131.47
1,3,2026-07-11,451.88
17,3,2026-02-12,461.7
60,4,2026-06-20,369.7
6,3,2026-03-28,58.24
10,63,2026-05-14,389.2
17,9,2026-07-05,129.53
1,1,2026-07-24,290.99
11,3,2026-08-26,13.58
1,3,2026-01-05,269.51
1,2,2026-04-23,219.81
1,37,2026-07-25,60.83
1,1,2026-06-18,285.89
30,1,2026-06-25,277.21
1,2,2026-02-07,72.8
3,7,2026-06-19,42.49
355,16,2026-05-17,69.01
2,403,2026-02-07,168.58
1,6,2026-02-16,233.43
19,45,2026-04-25,347.51
1,4,2026-05-11,107.1
22,40,2026-04-04,64.11
1,17,2026-03-17,172.79
7,92,2026-07-19,382.76
17,4,2026-02-22,245.81
1,6,2026-03-21,124.59
3,1,2026-02-05,125.16
1,2,2026-05-23,118.78
2,2,2026-08-23,353.48
1,2,2026-06-25,437.94
179,16,2026-03-09,480.5
2,13,2026-07-01,466.24
2,9,2026-08-17,241.33
3,3,2026-04-19,172.64
2,1,2026-03-11,263.03
1,33,2026-07-08,260.76
1,2,2026-07-04,115.6
25,2,2026-06-02,154.41
3,7,2026-05-01,482.96
1,9,2026-06-17,15.7
324,13,2026-04-10,327.18
2950,2,2026-06-13,340.08
1,13,2026-04-10,403.06
1,67,2026-01-15,438.9
2,5,2026-05-08,139.29
4,406,2026-08-04,75.72
2,150,2026-01-27,203.72
395,6,2026-08-25,107.66
2,1,2026-06-03,172.63
17,1,2026-07-09,471.08
12,74,2026-07-12,141.74
1,1,2026-05-19,312.3
3,1,2026-02-08,81.48
338,1,2026-01-23,355.37
5,1672,2026-08-18,365.77
63,99,2026-01-11,492.95
3,8,2026-01-20,125.12
8,1,2026-02-11,153.52
1,6,2026-08-09,184.46
2,1,2026-05-01,314.23
2,1,2026-06-28,294.98
3,574,2026-06-06,472.92
1,3,2026-02-17,179.36
1,5,2026-06-15,218.31
1,2,2026-05-01,124.52
2,32,2026-06-08,378.78
13,3,2026-07-17,355.45
17,315,2026-03-25,494.22
5,6,2026-02-20,117.44
6,1,2026-07-03,78.56
18,3,2026-05-03,152.81
2548,2,2026-01-03,130.72
1,6,2026-04-27,395.74
8,6,2026-07-26,149.92
5,39,2026-04-15,215.36
8,10,2026-01-13,178.33
52,1,2026-05-25,100.29
1,1,2026-07-09,276.71
32,1,2026-04-01,238.22
2,1,2026-08-09,328.09
1,105,2026-03-25,453.2
22,625,2026-07-01,137.79
1,1,2026-03-22,144.23
41,1,2026-04-22,431.23
2,2181,2026-01-10,312.36
1,20,2026-01-13,119.58
66,2,2026-05-15,165.96
1,28,2026-04-03,397.07
2,3,2026-03-11,262.85
1,1,2026-02-16,214.68
66,32,2026-07-04,361.0
8,5,2026-08-05,319.82
1,13,2026-07-21,220.78
4,2,2026-01-14,198.45
65,4,2026-01-24,365.6
598,1,2026-02-23,350.71
114,5,2026-04-15,214.0
28,5,2026-03-15,197.47
5,1,2026-04-11,360.4
6,29,2026-03-07,153.54
1,95,2026-06-07,136.49
1,6,2026-06-05,316.0
2,2,2026-07-07,299.79
10,408,2026-05-05,194.44
1,972,2026-02-26,92.85
12,77,2026-05-13,379.27
7,1,2026-03-25,113.0
4,1,2026-01-23,53.58
1,3,2026-07-14,202.21
2,1,2026-03-16,439.89
4,1,2026-08-20,446.54
4,6,2026-06-23,189.59
1,379,2026-04-02,142.77
15,2,2026-02-01,364.06
10,440,2026-04-03,399.05
11,1,2026-01-14,325.67
5,1,2026-04-21,335.91
565,7,2026-02-03,65.46
2,1,2026-08-22,30.51
36,417,2026-05-10,39.17
2,2,2026-05-11,420.43
1,1,2026-07-06,400.92
5,1,2026-02-25,393.43
5,1,2026-08-14,247.82
1,2,2026-08-22,28.83
3,13,2026-03-17,104.81
1,18,2026-06-27,17.02
1,3,2026-02-25,255.9
2,2,2026-07-10,314.56
10,1,2026-02-24,440.95
1967,15,2026-01-26,229.87
95,3,2026-03-04,433.36
1648,1,2026-04-08,303.55
1,10,2026-05-18,38.16
2,3,2026-01-27,86.22
4,70,2026-05-06,51.91
519,7,2026-02-11,95.28
147,3,2026-04-04,235.04
70,2,2026-03-27,102.4
1,1,2026-07-08,9.97
2,1,2026-08-16,51.12
2,50,2026-07-21,424.18
2,3,2026-02-19,169.67
2,858,2026-08-05,261.92
53,337,2026-08-21,274.21
1,5,2026-04-25,461.1
13,3,2026-01-27,438.65
3,154,2026-05-20,90.27
11,433,2026-04-20,282.39
3,1,2026-01-03,381.1
6,1,2026-05-23,46.7
2,1,2026-08-19,430.72
14,3,2026-06-09,53.66
1,3,2026-02-24,350.04
254,349,2026-04-16,383.9
3,2,2026-04-16,92.44
3,89,2026-01-22,422.69
248,1,2026-06-23,486.94
8,1,2026-06-15,162.88
7,285,2026-06-24,234.31
1,248,2026-08-23,451.91
1,1,2026-05-11,221.08
3,7,2026-07-04,422.7
52,1,2026-06-20,81.04
1,3,2026-03-04,306.42
5,34,2026-06-14,359.11
7,23,2026-03-14,20.28
11,4,2026-04-08,478.02
297,25,2026-05-15,423.66
4,3,2026-08-24,13.21
1,2,2026-03-20,401.95
1,1,2026-05-19,101.11
2,24,2026-06-03,101.05
2,1,2026-01-07,100.94
2,123,2026-06-13,300.52
1,7,2026-06-19,176.61
1,2,2026-07-05,430.76
5,1,2026-08-20,404.08
29,3,2026-07-18,111.64
186,1,2026-07-08,339.46
2,3,2026-07-20,132.28
23,90,2026-03-27,366.9
26,116,2026-02-06,407.95
15,5,2026-04-27,375.98
2,1,2026-02-18,291.22
12,1,2026-05-11,287.68
1,118,2026-03-19,365.32
16,2,2026-05-18,445.23
9,75,2026-06-27,123.25
11,1216,2026-03-19,54.34
1,1,2026-04-18,276.12
134,20,2026-05-13,381.96
4,1,2026-05-27,498.53
2,50,2026-06-17,232.11
3,1,2026-01-13,269.45
1,39,2026-08-20,289.84
5,408,2026-03-12,468.71
2,7,2026-02-25,406.9
1,1,2026-04-16,31.14
64,124,2026-08-19,387.62
1,390,2026-06-05,90.58
2,4,2026-02-13,308.29
31,4,2026-07-06,421.97
1,4,2026-02-12,460.62
3,575,2026-06-27,187.6
1,354,2026-04-03,153.62
1,133,2026-04-22,75.97
2,6,2026-07-25,39.41
1,4,2026-04-01,383.22
153,8,2026-06-22,302.7
175,1,2026-07-19,431.65
3,2,2026-08-06,17.89
11,541,2026-01-09,169.84
411,157,2026-08-04,413.91
20,7,2026-08-08,483.4
91,19,2026-01-17,473.92
2409,1976,2026-03-19,391.31
14,6,2026-05-12,391.3
2,8,2026-06-01,381.12
3,3,2026-05-14,309.23
2,8,2026-08-22,212.73
1,10,2026-04-01,147.19
1,5,2026-06-19,274.06
3,261,2026-08-03,175.61
1,3,2026-08-24,457.08
1,7,2026-03-04,76.73
1,3,2026-04-28,153.4
12,2,2026-05-09,490.07
1,2,2026-04-12,409.72
5,24,2026-02-20,251.27
5,1,2026-02-09,310.23
1,2,2026-06-05,237.52
1,16,2026-06-01,77.73
105,4,2026-07-08,367.26
1,5,2026-04-05,310.64
1,2,2026-01-07,298.51
1,4,2026-07-24,314.25
444,1,2026-06-04,62.42
4,1,2026-05-08,16.65
3,1,2026-02-12,66.91
1,2,2026-06-26,195.59
5,21,2026-06-01,257.36
2,54,2026-04-23,229.41
5,5,2026-01-19,8.73
5,1,2026-01-18,50.6
9,14,2026-04-14,313.48
2,39,2026-01-20,447.41
2,23,2026-03-22,438.64
5,1,2026-03-20,400.42
9,3,2026-07-13,263.2
38,344,2026-03-26,276.82
375,5,2026-01-10,294.34
2,35,2026-07-20,34.85
9,4,2026-05-17,234.95
20,3,2026-08-28,101.36
1466,1,2026-02-14,357.62
1,4,2026-06-26,426.34
2,1,2026-01-02,165.52
1,6,2026-04-06,398.05
1,6,2026-03-14,173.97
2,9,2026-05-22,192.83
3,433,2026-02-07,411.87
39,1017,2026-02-01,230.39
1,4,2026-04-07,395.19
387,3,2026-08-20,72.25
118,2,2026-07-19,386.19
2570,2,2026-06-19,121.13
3,63,2026-08-11,76.77
1,6,2026-06-03,376.19
2,106,2026-03-08,427.37
1,1,2026-01-15,140.77
1,2,2026-02-23,487.18
1386,3,2026-06-21,27.99
43,3,2026-01-27,305.93
1,1,2026-08-09,296.29
49,28,2026-03-28,116.19
1,1,2026-07-05,130.69
7,1,2026-04-09,128.83
1,1,2026-07-22,495.62
5,1,2026-01-28,416.92
546,15,2026-01-12,270.06
336,3,2026-01-14,271.39
2,27,2026-06-11,94.14
2,10,2026-01-25,118.04
98,1,2026-04-14,306.64
65,1,2026-01-06,452.81
1,15,2026-02-23,263.05
14,6,2026-07-06,190.24
3,98,2026-03-25,143.39
12,1,2026-02-10,261.96
47,8,2026-05-14,127.61
6,2,2026-04-17,373.74
241,2,2026-01-19,351.52
686,1,2026-08-13,120.84
4,3,2026-03-03,93.14
13,247,2026-03-11,352.61
165,3,2026-01-27,342.57
5,26,2026-08-28,217.66
2,2,2026-05-17,173.05
16,1,2026-08-20,16.4
9,69,2026-04-28,163.54
13,1,2026-08-06,95.71
7,1,2026-05-11,121.44
7,2,2026-02-21,316.96
4,9,2026-02-05,128.84
140,22,2026-01-03,274.4
16,1,2026-07-24,109.9
7,1,2026-02-11,304.21
71,2362,2026-02-24,51.24
30,3,2026-04-16,449.84
3,75,2026-06-14,183.45
25,2,2026-06-13,164.22
1,1426,2026-07-27,108.01
94,9,2026-07-02,337.08
4,2,2026-08-20,333.84
14,52,2026-06-23,454.56
9,1,2026-06-09,12.53
202,2,2026-04-18,103.49
12,21,2026-01-19,237.56
6,1,2026-02-28,10.45
1,8,2026-05-02,477.2
4,29,2026-01-28,252.1
1,1,2026-03-03,439.23
1,1,2026-06-07,29.23
1,15,2026-07-14,167.97
88,2043,2026-01-14,223.54
2,7,2026-01-04,157.85
460,32,2026-01-10,18.68
3,4,2026-02-24,488.51
154,11,2026-07-18,460.29
2,1,2026-04-22,494.28
173,49,2026-07-23,121.22
2,1,2026-06-12,204.89
3,60,2026-02-20,176.82
5,7,2026-07-06,198.06
1,16,2026-03-12,16.58
3,10,2026-04-21,228.71
1,3,2026-01-07,144.13
23,4,2026-03-13,7.05
2,10,2026-06-24,131.94
50,1,2026-05-08,90.38
9,2,2026-03-07,44.7
1166,8,2026-07-14,60.43
4,5,2026-06-13,450.22
3,794,2026-06-24,64.89
4,2,2026-03-17,36.03
2,7,2026-05-25,334.48
1,952,2026-06-01,148.25
103,468,2026-04-12,121.52
1,1,2026-03-15,161.93
3,29,2026-04-26,175.01
140,1,2026-01-21,113.23
1,2,2026-01-07,52.62
3,1,2026-03-04,421.7
1,40,2026-08-12,10.28
1,1,2026-01-15,416.49
3,3,2026-06-12,223.21
20,5,2026-02-21,413.28
1,103,2026-06-04,498.5
47,15,2026-01-10,266.46
179,6,2026-02-08,230.82
1,1,2026-02-24,121.59
10,7,2026-03-13,28.63
6,5,2026-05-11,260.5
1,1,2026-03-04,193.52
7,1,2026-04-02,364.05
7,32,2026-01-08,163.07
68,3,2026-05-13,16.21
2,52,2026-08-20,388.9
4,4,2026-05-10,440.81
5,5,2026-06-19,376.29
339,2,2026-03-22,105.61
1,19,2026-02-19,393.01
2,1,2026-01-22,373.9
99,1,2026-03-07,432.52
6,1,2026-02-23,409.79
3,855,2026-03-01,28.96
853,1,2026-08-28,444.06
3,25,2026-02-17,422.77
50,1,2026-04-01,192.53
1,75,2026-04-22,144.9
1,1,2026-03-19,450.34
3,193,2026-06-16,84.5
4,6,2026-04-27,273.11
392,10,2026-02-19,341.62
21,6,2026-04-04,455.31
18,1,2026-03-26,36.25
3,2,2026-05-06,301.81
66,9,2026-03-01,438.6
4,7,2026-07-20,178.51
1336,5,2026-03-15,90.21
1,10,2026-08-04,177.29
4,14,2026-07-26,479.51
1,2,2026-01-24,206.08
2,1,2026-07-22,329.28
5,2,2026-01-01,114.56
9,1,2026-08-25,474.34
1068,6,2026-07-27,9.66
2,21,2026-07-25,498.61
71,10,2026-06-22,398.38
19,2,2026-06-25,188.41
1,1,2026-08-26,237.57
4,1,2026-06-01,190.02
14,33,2026-05-20,267.92
1727,345,2026-02-11,349.86
5,53,2026-01-19,323.97
3,11,2026-03-05,71.62
2,282,2026-01-03,122.46
5,1,2026-05-03,148.94
10,764,2026-06-13,27.72
1008,417,2026-08-28,151.55
1,13,2026-05-26,16.44
1802,43,2026-02-09,105.13
1,5,2026-02-08,12.82
12,116,2026-02-11,30.18
33,5,2026-02-23,218.1
81,681,2026-02-04,386.09
1,6,2026-03-08,326.38
1,2,2026-07-12,108.96
3,1,2026-04-07,258.73
9,4,2026-07-25,173.52
1,1,2026-04-07,207.2
3,42,2026-06-17,395.5
1,734,2026-04-06,319.19
6,21,2026-03-02,487.9
2,21,2026-02-15,435.03
67,3,2026-03-09,51.53
1,12,2026-05-02,10.06
1,24,2026-03-26,60.48
4,6,2026-03-01,446.35
751,1,2026-02-23,190.17
22,550,2026-06-10,277.34
2,9,2026-02-09,37.13
48,1,2026-06-10,243.63
20,1,2026-02-24,114.12
1,26,2026-01-17,484.16
4,7,2026-01-26,318.7
1,12,2026-04-18,416.39
3,11,2026-07-02,454.37
16,2,2026-05-08,315.45
5,26,2026-07-18,281.15
188,19,2026-01-15,183.98
4,1,2026-04-06,123.49
2,3,2026-08-19,371.89
3,168,2026-07-23,164.45
3,8,2026-03-19,149.65
232,70,2026-05-12,484.9
12,43,2026-02-12,104.27
9,4,2026-02-02,91.9
5,68,2026-04-22,80.56
4,11,2026-07-26,21.44
1,1,2026-03-04,401.41
11,2,2026-08-04,86.93
4,3,2026-08-13,394.5
13,39,2026-06-12,62.47
2,247,2026-01-01,234.49
22,7,2026-04-04,154.1
1,3,2026-02-12,460.63
8,3,2026-07-08,451.92
90,1,2026-01-23,491.5
1,6,2026-03-23,308.02
15,22,2026-08-01,395.5
1,3,2026-06-24,236.14
3389,6,2026-08-11,488.29
4,1,2026-03-01,262.71
3,1,2026-03-26,177.96
497,1848,2026-04-06,332.23
18,2485,2026-05-16,156.73
4,19,2026-05-14,432.96
7,3,2026-05-22,423.17
23,1,2026-05-05,431.36
10,9,2026-03-18,251.92
42,1,2026-08-19,221.35
6,47,2026-08-02,466.56
13,1,2026-02-09,151.22
1,4,2026-05-12,497.39
73,5,2026-02-17,275.64
12,42,2026-07-28,456.56
2097,133,2026-04-01,158.88
1,7,2026-01-19,405.36
13,914,2026-03-28,99.18
1,21,2026-01-16,67.08
225,6,2026-02-23,39.84
1,3,2026-03-20,306.26
1,11,2026-05-14,282.8
641,11,2026-01-12,84.78
5,14,2026-08-15,218.94
1,1,2026-06-08,386.3
1,1,2026-04-12,154.75
3,12,2026-06-24,158.97
7,4,2026-07-21,184.52
1,13,2026-04-26,162.88
35,1,2026-02-26,345.76
1,14,2026-03-28,132.77
1,5,2026-03-09,199.28
82,2,2026-01-17,341.24
4,734,2026-05-21,47.74
1,198,2026-03-17,429.33
227,14,2026-03-26,106.22
305,2,2026-02-07,136.97
6,780,2026-05-18,250.97
5,1,2026-08-10,439.73
2,1,2026-05-10,140.0
51,4,2026-08-09,355.87
91,32,2026-02-16,110.39
19,65,2026-07-08,212.51
1,1184,2026-06-02,268.5
2,4,2026-01-26,232.19
1,2,2026-02-05,70.03
25,2,2026-04-01,104.09
191,1,2026-03-15,38.61
18,2,2026-02-11,118.07
7,119,2026-08-12,247.71
185,109,2026-06-08,260.26
1,1,2026-06-21,208.41
3,7,2026-05-08,452.66
6003,1,2026-06-18,309.06
2,2,2026-04-16,477.62
1,1,2026-02-16,18.16
16,61,2026-07-08,360.4
8,1,2026-05-25,389.81
2,20,2026-05-24,37.29
2,229,2026-06-20,492.13
3,9,2026-08-02,46.69
2,21,2026-01-05,232.61
48,6,2026-04-17,70.42
1,11,2026-05-25,319.48
2,1,2026-02-04,53.04
19,2,2026-04-02,85.0
1,2,2026-04-26,54.21
3,17,2026-08-24,356.8
8,1333,2026-07-12,430.78
499,9,2026-08-18,171.53
1,12,2026-01-17,26.79
79,360,2026-07-27,48.32
1,43,2026-05-08,417.12
5,1,2026-08-07,88.47
6,52,2026-03-27,494.27
48,2,2026-02-20,430.24
2,2,2026-01-19,479.22
342,1,2026-07-01,185.32
1,2086,2026-05-07,399.04
1,1,2026-02-08,476.13
3,25,2026-06-23,101.34
3367,4,2026-04-12,102.07
12,6,2026-08-19,273.13
4,11,2026-05-23,212.67
8,2140,2026-01-06,454.92
1,1,2026-03-27,305.89
9,6,2026-02-02,393.78
9,691,2026-04-27,96.0
7,2,2026-01-26,301.75
39,13,2026-04-06,323.26
1,1,2026-04-18,9.43
1,8,2026-02-04,384.34
10,271,2026-04-09,450.35
113,1,2026-04-23,31.14
1,66,2026-05-21,62.81
2,2,2026-01-06,210.8
74,1,2026-06-14,406.39
1,4,2026-04-13,162.31
4,2,2026-08-01,237.99
11,1,2026-08-17,441.62
1,18,2026-04-08,406.4
1,1,2026-05-09,397.18
1,8,2026-02-07,413.71
1,29,2026-07-07,134.5
1116,1817,2026-08-12,498.57
1,377,2026-05-01,95.85
4,8,2026-06-17,281.98
1,87,2026-05-18,22.98
2,9,2026-03-04,460.38
1,206,2026-06-14,59.23
1,1,2026-07-24,305.7
2,1,2026-08-14,200.9
2,1,2026-05-12,155.05
2,1320,2026-06-24,126.7
2,4,2026-07-15,486.14
2,34,2026-06-07,102.87
1,2,2026-05-05,133.5
15,114,2026-01-26,83.85
1,2,2026-04-26,210.81
2,4,2026-07-19,16.85
1,2,2026-07-10,404.76
240,133,2026-06-03,404.54
4,232,2026-04-20,33.51
1094,10,2026-06-28,148.04
3,6,2026-03-26,304.38
13,9,2026-02-28,244.91
12,6,2026-08-03,123.99
2,519,2026-04-26,378.95
1,3,2026-06-08,417.62
282,44,2026-03-19,317.42
1,2,2026-01-25,369.32
92,1,2026-06-07,12.65
1,7,2026-06-02,364.67
2,5,2026-04-27,143.72
1,7,2026-03-03,362.74
3389,7,2026-03-16,480.61
105,59,2026-03-04,225.37
3,9,2026-04-19,372.34
5,2,2026-06-26,338.14
6,1,2026-02-28,98.78
1539,14,2026-05-28,240.21
6,4,2026-04-28,446.41
2,2,2026-03-27,208.38
53,1,2026-08-05,13.39
3,2,2026-06-21,352.69
1,1,2026-05-16,288.06
4,3,2026-04-03,473.69
11,1,2026-08-17,26.03
25,772,2026-03-17,44.43
2534,10,2026-06-10,482.93
1145,1,2026-07-28,13.25
1,1,2026-08-28,81.01
11,21,2026-08-25,99.61
1,26,2026-07-27,41.91
26,41,2026-02-06,179.42
5,3,2026-05-17,265.26
5,49,2026-04-24,333.25
1920,2,2026-03-08,165.49
3,74,2026-02-26,43.37
90,1,2026-04-15,140.67
3,8,2026-04-10,293.64
2,3,2026-03-18,192.3
36,1,2026-06-01,64.13
4,2,2026-01-11,170.11
48,8,2026-04-04,112.58
841,4,2026-01-10,409.97
1,3,2026-08-01,289.61
2,8,2026-02-27,17.43
93,507,2026-03-06,64.57
3,229,2026-02-13,411.17
2,17,2026-05-25,354.06
52,41,2026-04-22,424.58
96,50,2026-01-05,422.99
118,133,2026-06-03,285.97
5,1,2026-05-22,355.12
4,1,2026-08-17,327.69
3,15,2026-04-08,289.19
85,67,2026-03-02,81.0
843,58,2026-01-05,136.81
78,1,2026-05-26,58.75
5,8,2026-03-23,151.95
5,1,2026-05-04,133.65
1,4,2026-07-01,429.87
2,1,2026-05-16,483.61
8,7,2026-03-19,227.21
1,329,2026-06-05,266.85
66,9,2026-02-18,329.4
25,7,2026-05-11,242.08
1721,5,2026-08-11,31.79
14,4,2026-08-27,389.32
1,23,2026-05-06,172.07
7,3,2026-02-06,71.4
2,1,2026-05-27,123.53
121,4,2026-05-25,192.51
2,195,2026-04-04,210.16
5,1,2026-06-13,426.04
255,1,2026-08-24,410.63
4,10,2026-01-20,430.62
12,1,2026-08-25,80.58
4,1,2026-05-08,199.38
1,38,2026-03-01,479.97
34,1,2026-05-24,55.59
16,3,2026-03-14,95.49
1,35,2026-04-03,399.27
436,2486,2026-04-03,111.51
3,1,2026-02-22,240.49
1,1,2026-08-09,328.66
29,45,2026-02-14,230.38
1,1,2026-08-01,77.16
1,1,2026-07-03,174.0
2,750,2026-01-06,249.39
5,2,2026-01-26,56.92
4,1,2026-05-27,231.05
2,3,2026-02-09,22.19
2,10,2026-01-28,196.96
2,1601,2026-01-26,364.56
1,32,2026-01-28,376.7
2,24,2026-05-18,373.64
1,26,2026-02-24,271.76
6275,7,2026-02-06,172.18
9,1,2026-02-26,390.54
6,2,2026-01-18,332.29
1,16,2026-04-11,79.73
1,2,2026-07-28,48.08
1,7,2026-05-13,379.44
26,6,2026-06-23,25.65
5,3,2026-03-08,317.65
1,160,2026-05-23,48.4
6,10,2026-08-13,471.54
1,12,2026-05-07,323.07
1,1,2026-02-11,5.05
1,61,2026-08-10,154.56
14,10,2026-03-18,170.98
1,1,2026-08-21,244.53
196,122,2026-08-10,167.31
534,10,2026-02-05,389.15
10,3,2026-01-17,219.07
8,5,2026-04-28,155.4
1,2,2026-06-27,231.38
4,1,2026-07-13,451.67
22,2,2026-03-15,430.15
15,23,2026-07-22,263.5
1,1,2026-04-15,306.38
1,3,2026-02-03,231.99
10,2,2026-05-21,423.53
2,2,2026-06-14,103.0
5,1,2026-06-21,31.8
51,262,2026-08-09,193.24
7,2,2026-06-07,459.41
54,3,2026-05-09,344.27
1,12,2026-07-10,149.97
1685,1,2026-04-13,478.23
14,15,2026-07-23,174.28
13,30,2026-01-07,234.56
164,4,2026-02-08,17.36
1,5,2026-07-10,412.59
1,1,2026-05-01,200.3
6,12,2026-07-19,374.11
1,17,2026-07-08,410.41
4,12,2026-02-22,187.65
1,1,2026-02-05,306.95
30,1,2026-04-10,106.2
4,70,2026-05-28,267.76
13,1,2026-04-24,34.65
107,1,2026-01-26,359.58
2,169,2026-03-28,234.66
71,1224,2026-08-13,392.69
1,20,2026-01-27,109.79
20,3,2026-05-16,313.35
1,920,2026-05-06,433.37
1,1,2026-08-05,182.71
12,2557,2026-05-15,153.15
2,1,2026-04-22,292.18
26,1,2026-03-16,255.92
2,68,2026-06-27,460.51
3,5,2026-02-18,390.63
1,24,2026-05-18,164.07
94,1,2026-07-03,90.06
1220,5,2026-08-20,286.9
5271,9,2026-08-21,170.83
349,5,2026-05-25,454.72
5,6,2026-03-13,461.11
1,15,2026-08-19,12.67
1,94,2026-05-23,42.27
4,540,2026-07-23,326.42
134,13,2026-02-26,260.83
2,2,2026-01-19,46.53
27,7,2026-02-07,262.23
5,157,2026-01-28,138.97
29,1,2026-02-26,453.71
2,1,2026-03-12,84.27
4086,1,2026-08-19,355.19
3,127,2026-07-02,53.36
385,5,2026-03-27,478.72
15,5,2026-07-04,25.29
4,2,2026-06-18,233.33
1,1,2026-04-28,337.67
22,980,2026-01-18,450.58
108,3,2026-06-24,50.6
7,17,2026-03-01,174.11
49,2,2026-01-20,194.25
2,1,2026-01-07,438.08
1,3,2026-03-21,172.25
2,312,2026-08-03,161.66
1,1,2026-07-02,6.16
3,30,2026-07-26,382.14
321,3,2026-03-06,131.18
2,5,2026-05-11,410.1
18,9,2026-01-12,364.53
1,1,2026-02-02,407.88
1,13,2026-02-04,114.68
43,208,2026-05-01,406.4
7,43,2026-07-24,103.54
1,3,2026-01-22,241.2
5698,2,2026-05-09,311.33
17,1,2026-06-23,137.18
18,15,2026-08-12,177.43
2528,1,2026-04-26,43.94
2,2,2026-07-15,493.67
3,47,2026-04-20,97.74
1,12,2026-01-04,213.7
45,1,2026-01-23,400.36
1,100,2026-08-15,333.73
10,54,2026-04-03,307.22
1,32,2026-07-15,337.19
2,3,2026-02-17,83.44
11,1,2026-07-21,136.96
1,13,2026-06-27,134.87
2,10,2026-01-07,242.06
7,31,2026-06-11,496.59
1,215,2026-03-11,460.88
25,1,2026-07-03,450.58
73,119,2026-05-14,387.42
1,2,2026-06-05,378.92
6123,9,2026-01-05,43.78
4,5,2026-08-07,246.76
7,2,2026-03-18,122.92
105,28,2026-04-24,76.62
1,46,2026-04-26,316.07
13,3,2026-04-10,412.54
1,9,2026-07-10,226.87
2,172,2026-07-15,149.25
1,4,2026-01-28,184.09
3071,2,2026-04-19,165.59
26,5,2026-03-15,330.06
1,1,2026-06-28,454.86
4,3,2026-08-10,347.71
1,2,2026-01-16,294.84
2,102,2026-03-02,281.01
131,31,2026-01-22,49.99
9,6,2026-07-24,318.09
30,93,2026-08-27,15.73
229,1,2026-07-15,192.11
11,5,2026-06-05,261.82
30,1,2026-02-28,304.99
18,1,2026-05-11,147.67
4,8,2026-03-28,92.6
100,13,2026-03-28,291.99
4,1,2026-03-06,110.05
4,1,2026-05-13,47.12
9,1,2026-04-04,448.15
2,4,2026-03-15,150.17
4,10,2026-06-17,493.89
251,12,2026-04-03,148.97
16,27,2026-07-11,196.5
1112,17,2026-01-20,205.69
1,1,2026-05-04,98.07
1378,1,2026-06-05,368.5
2,3,2026-02-04,266.87
16,1564,2026-08-13,41.53
8,1,2026-06-20,316.0
11,3,2026-04-21,481.61
11,79,2026-02-10,492.35
1,1,2026-01-07,306.85
11,1,2026-02-16,117.1
20,1,2026-08-01,325.68
3,1,2026-02-07,9.37
159,13,2026-02-09,84.53
2,4,2026-08-18,198.58
245,2,2026-03-14,485.76
2,1,2026-02-03,298.52
7,4,2026-03-21,390.29
7,1,2026-06-27,242.49
5,1,2026-07-20,237.96
141,9,2026-04-04,141.09
1,1,2026-07-22,83.36
26,187,2026-01-06,7.24
1,79,2026-02-22,192.36
99,1,2026-08-12,36.68
235,19,2026-06-18,94.23
3,6,2026-04-10,323.64
2,5,2026-06-02,498.86
59,18,2026-01-27,128.48
10,579,2026-02-12,485.41
5,2,2026-04-15,298.76
200,14,2026-08-19,227.15
8,1,2026-05-03,413.02
16,1544,2026-01-26,419.98
12,2,2026-06-12,486.71
115,1,2026-05-28,103.5
300,848,2026-04-21,141.84
12,1,2026-04-03,498.19
47,4,2026-06-16,411.46
1,2,2026-06-01,115.09
1,55,2026-04-14,96.23
4,2,2026-03-06,345.26
2,1,2026-06-25,351.76
113,1,2026-04-12,480.24
1,20,2026-07-18,257.91
1,5,2026-03-24,488.11
296,2,2026-03-08,88.69
10,2,2026-04-04,498.03
2,99,2026-02-05,37.58
1,4,2026-06-02,498.67
1,2,2026-02-02,363.62
729,2,2026-07-09,403.78
1194,1,2026-01-28,471.48
1,12,2026-07-21,113.07
1,12,2026-01-04,114.16
1,8,2026-08-07,332.88
2,53,2026-02-02,478.05
5,217,2026-07-18,179.97
2,1,2026-04-19,129.11
26,4,2026-03-05,30.06
1,33,2026-03-13,360.9
11,1,2026-03-22,459.37
1,1,2026-05-06,378.63
8,43,2026-05-21,352.96
10,20,2026-03-25,423.48
2,36,2026-07-15,88.01
1,1,2026-01-16,113.94
2,3,2026-06-04,210.13
1,1,2026-03-15,321.98
2,26,2026-02-07,87.62
12,800,2026-03-18,304.33
1,1,2026-08-24,268.86
3,19,2026-03-25,249.06
2,1,2026-01-10,249.25
2,2,2026-07-05,209.7
4,2,2026-07-19,55.98
565,1,2026-02-21,20.97
1,3,2026-08-08,442.27
3,7,2026-05-22,162.27
13,1,2026-02-22,429.61
1,1,2026-04-04,400.08
3,1,2026-03-05,147.14
2,1,2026-03-10,253.33
5,5,2026-06-03,252.31
224,17,2026-07-07,460.86
134,96,2026-01-27,67.79
22,405,2026-01-21,308.23
1,911,2026-02-01,489.65
28,2,2026-01-26,286.39
5,8,2026-04-24,420.51
10,7,2026-05-23,386.11
7,1,2026-01-16,255.91
14,3,2026-06-24,110.35
1,1,2026-07-04,202.43
8,1,2026-08-25,455.01
1,3,2026-05-07,379.22
8,3,2026-03-06,170.96
1,7,2026-02-19,360.79
77,635,2026-08-02,419.36
9,8,2026-04-28,209.49
1,7,2026-04-17,217.98
36,74,2026-04-26,48.4
89,2,2026-05-06,359.74
74,5,2026-01-21,488.47
1,2,2026-01-06,479.21
2,4,2026-01-06,488.86
1,4,2026-07-07,31.09
154,2,2026-06-03,9.08
7,2,2026-06-02,299.54
2,1,2026-01-15,477.02
28,2,2026-02-03,322.19
3,1,2026-03-17,144.84
16,499,2026-08-04,443.73
16,1,2026-01-17,309.52
12,7,2026-07-23,48.88
3,3,2026-03-22,204.26
3,19,2026-02-17,480.62
5,8,2026-03-03,162.3
39,2,2026-07-05,170.95
1857,2,2026-03-27,126.4
3,7,2026-05-12,490.6
4,9,2026-02-06,267.83
9,3,2026-05-27,147.56
5,127,2026-01-19,439.41
1,7,2026-01-18,427.92
416,7,2026-08-17,82.14
179,1,2026-01-19,437.61
3,2,2026-02-22,41.74
1,3,2026-06-06,456.32
11,2,2026-01-20,473.22
25,2090,2026-07-15,16.61
16,5,2026-07-03,276.28
4,1,2026-07-01,466.27
1,1,2026-08-05,453.74
378,1,2026-02-05,390.51
93,167,2026-03-16,237.37
9,5,2026-03-06,449.31
37,2,2026-04-01,21.95
1,87,2026-05-24,307.9
2,21,2026-07-16,375.84
4,1,2026-07-08,413.91
1,13,2026-08-10,162.16
2,3,2026-06-13,413.26
1,273,2026-02-20,353.87
19,42,2026-03-15,291.06
417,1,2026-06-03,294.82
5,14,2026-02-12,266.84
2,3,2026-01-04,231.01
74,1,2026-05-13,136.49
72,143,2026-07-12,301.53
1,36,2026-07-16,484.13
8,11,2026-03-18,220.38
36,1,2026-01-20,397.18
35,8,2026-04-28,332.32
64,1,2026-06-13,219.11
2,23,2026-08-24,172.13
73,1,2026-02-03,314.25
13,1,2026-03-11,192.28
42,4,2026-01-27,399.66
36,301,2026-03-26,167.66
2,1,2026-01-04,421.54
2,10,2026-04-09,101.08
6,27,2026-08-02,73.58
4,2,2026-04-03,223.48
3,1,2026-05-09,263.45
159,46,2026-08-26,205.71
6,1153,2026-02-22,492.08
3,1,2026-05-13,22.72
1288,4,2026-04-13,376.74
26,2,2026-04-26,476.77
1,18,2026-08-20,244.54
44,212,2026-07-27,365.27
11,2,2026-07-25,234.0
97,2,2026-04-19,223.91
3,175,2026-01-15,223.31
39,2,2026-02-09,75.66
547,2,2026-01-09,117.72
11,5,2026-01-07,265.95
2258,6,2026-03-20,120.11
6,4,2026-02-06,228.73
4,1,2026-04-04,415.44
7,76,2026-02-25,357.09
15,11,2026-02-06,202.29
2,228,2026-05-12,409.58
4,12,2026-08-16,369.46
1,5,2026-01-11,220.56
21,4,2026-03-15,266.41
10,3,2026-03-24,383.89
36,6,2026-02-05,21.51
12,1,2026-03-25,144.09
2,2,2026-03-15,356.47
1,1,2026-07-24,176.02
2,11,2026-08-23,402.08
4,9,2026-07-12,462.55
1,1,2026-01-22,261.95
1,3,2026-04-17,192.84
8,10,2026-08-22,270.8
64,16,2026-01-01,476.23
1265,14,2026-01-28,277.28
1441,6,2026-05-28,138.66
2,5,2026-04-24,321.68
2,2,2026-06-07,281.13
60,9,2026-03-18,363.19
11,12,2026-06-11,153.03
1,6,2026-07-01,14.2
3113,116,2026-07-22,487.39
1175,2,2026-08-12,300.04
1,1,2026-01-03,97.88
2033,251,2026-01-17,323.34
50,6,2026-04-15,58.36
34,1,2026-06-19,114.35
25,16,2026-02-08,239.62
7,490,2026-01-21,67.41
9,2,2026-05-05,383.36
1,8,2026-06-07,342.85
2,2,2026-08-18,430.79
5,30,2026-05-14,379.05
2,4,2026-02-04,372.02
1,433,2026-03-26,58.42
78,1,2026-03-27,216.27
726,8,2026-02-14,56.93
1,1075,2026-03-27,110.19
1,2,2026-07-15,25.97
1,59,2026-03-20,257.53
35,17,2026-07-07,150.77
65,4,2026-05-19,152.49
3,1,2026-05-24,349.14
2,50,2026-02-23,198.33
37,1,2026-03-24,346.41
9,11,2026-05-17,455.26
1,2,2026-05-12,451.26
1,7,2026-04-17,456.54
26,11,2026-07-23,231.67
61,6,2026-03-14,171.07
5,1,2026-03-07,379.78
1,206,2026-02-26,482.23
2,1,2026-02-20,214.47
2,3,2026-08-25,255.39
2,347,2026-02-04,325.8
1,7,2026-08-16,257.49
1,3,2026-07-26,78.64
6,1,2026-05-20,54.74
51,1,2026-08-08,390.85
3,1,2026-03-02,444.9
5,3,2026-03-08,415.61
757,2,2026-05-28,62.99
69,3,2026-06-22,209.94
19,62,2026-02-04,245.95
9,1,2026-08-28,221.35
14,1,2026-04-17,459.52
44,3,2026-05-12,183.25
68,1,2026-08-08,157.63
2,4,2026-02-13,390.4
299,454,2026-06-14,76.61
5,1,2026-03-22,283.58
59,1,2026-06-27,128.07
6,144,2026-07-23,471.8
13,85,2026-08-15,228.74
1,3,2026-03-25,468.46
26,236,2026-03-07,122.2
1075,14,2026-08-21,110.59
3,3,2026-01-15,429.78
5,4,2026-07-03,289.23
2,1,2026-03-26,155.69
6,151,2026-04-06,352.58
32,11,2026-01-17,254.79
187,3,2026-07-09,268.15
7,2,2026-06-15,70.11
8,1,2026-05-28,322.16
2,3,2026-02-01,366.19
15,61,2026-06-26,228.0
1,18,2026-08-26,183.63
9,2,2026-07-05,34.16
1,441,2026-05-12,49.53
198,3,2026-03-22,194.25
12,2,2026-03-22,204.14
8,3,2026-03-01,396.87
11,2,2026-07-20,151.84
1230,6,2026-03-03,283.69
33,2,2026-06-03,116.38
1,1,2026-06-03,53.49
1,1,2026-06-22,232.59
1,3,2026-03-12,199.87
4,1,2026-05-03,339.87
8,15,2026-05-25,460.21
3,3,2026-04-09,404.85
170,11,2026-08-22,398.1
1,1,2026-03-03,216.73
23,34,2026-07-09,49.45
4,3,2026-08-24,339.61
1,512,2026-04-24,375.04
1,7,2026-08-21,357.08
2,2,2026-06-18,478.8
39,21,2026-08-03,300.78
42,21,2026-03-17,354.46
2,1,2026-08-05,269.32
1,2,2026-03-11,57.7
20,2,2026-03-24,306.1
14,2,2026-02-07,377.55
208,134,2026-08-17,81.86
2,3,2026-07-03,192.31
1,2,2026-06-15,185.88
1,5,2026-02-19,267.29
4,9,2026-03-01,237.24
308,2,2026-01-20,129.27
5,4,2026-05-11,43.73
1,2,2026-03-26,84.16
8,3,2026-02-20,328.09
1,1,2026-04-03,255.62
8,658,2026-08-10,141.73
101,2610,2026-06-16,233.56
2,20,2026-05-04,125.73
3,3,2026-02-28,243.17
1,12,2026-05-05,243.96
19,1,2026-06-04,297.85
35,4,2026-03-07,417.52
1,7,2026-07-12,259.78
3,7,2026-08-21,141.81
1,4,2026-06-25,71.76
15,1,2026-08-17,372.03
3,178,2026-05-06,327.93
1028,25,2026-07-27,168.88
1,283,2026-05-23,258.31
1,42,2026-01-16,472.06
2,3,2026-05-03,119.37
1,10,2026-06-14,106.78
1,1,2026-04-11,250.53
1,1,2026-07-10,376.59
36,1,2026-07-24,204.62
9,3,2026-06-14,345.16
1,271,2026-04-05,106.34
1,29,2026-04-20,69.33
264,18,2026-04-28,75.62
4,5,2026-01-13,496.46
1,2,2026-02-06,302.26
2,1,2026-08-22,243.8
4,1,2026-05-08,143.97
2,2,2026-07-19,118.21
179,9,2026-02-01,154.72
2,3,2026-04-07,147.38
9,17,2026-02-14,287.37
1,1,2026-05-05,227.45
2,153,2026-06-22,217.52
3156,1,2026-07-14,331.17
1,73,2026-02-05,187.42
30,3,2026-06-09,173.09
1,3,2026-06-05,385.58
43,1,2026-01-22,490.73
1,9,2026-02-12,27.3
6,2,2026-03-11,69.1
5959,49,2026-07-26,169.79
3,1,2026-03-26,420.26
3,192,2026-07-21,232.06
2,1,2026-03-11,478.07
3,5,2026-03-23,213.55
6,3,2026-03-18,365.32
3,2080,2026-02-24,6.26
1,50,2026-07-19,497.55
30,1491,2026-01-18,9.75
10,1,2026-01-05,407.3
1834,1284,2026-05-06,236.12
16,1,2026-05-26,247.85
2,1,2026-03-21,143.83
8,14,2026-03-01,91.17
2,1,2026-03-17,490.95
1,6,2026-01-19,180.68
1,1,2026-05-20,309.73
2213,1,2026-02-10,462.22
1,1598,2026-08-10,160.95
6,1,2026-08-22,195.69
14,2,2026-05-02,256.96
4,8,2026-05-17,444.34
1,2005,2026-07-19,187.32
404,6,2026-02-21,86.45
2,12,2026-07-16,329.26
2,1,2026-05-27,286.26
771,1,2026-07-26,317.04
8,24,2026-07-03,191.21
1,1,2026-01-08,353.38
1,1,2026-03-04,279.52
3,229,2026-08-26,50.76
2,18,2026-07-01,219.76
199,2,2026-05-09,167.94
102,6,2026-08-07,50.95
1,150,2026-08-11,301.17
609,1,2026-06-09,43.86
2,1,2026-01-26,61.38
2,1,2026-07-19,79.39
1,3,2026-05-20,90.83
1,1,2026-05-20,443.22
10,111,2026-08-14,206.2
381,1,2026-04-28,448.72
71,9,2026-08-16,267.37
1,1,2026-06-07,398.45
1,11,2026-07-12,244.4
4,1246,2026-03-20,274.27
1,19,2026-08-10,266.15
5710,225,2026-04-19,120.01
1,1,2026-02-13,219.15
6,33,2026-01-06,214.47
2,5,2026-04-20,79.18
9,7,2026-04-14,257.92
1,1,2026-03-17,170.06
53,11,2026-04-13,462.86
2,26,2026-04-08,25.12
1,111,2026-05-06,91.64
1,5,2026-06-12,352.57
9,48,2026-03-11,372.46
2,1,2026-08-24,181.88
1,1,2026-05-16,171.99
45,3,2026-03-19,298.04
251,1,2026-05-24,454.95
1,1,2026-07-26,445.28
1,1,2026-03-08,493.84
5,2,2026-08-12,8.39
7,6,2026-07-27,183.02
1,18,2026-04-16,29.3
3,1,2026-01-03,15.46
39,272,2026-03-08,374.05
120,71,2026-05-11,325.97
1,1,2026-01-02,332.31
4,49,2026-04-04,368.97
7,2,2026-04-13,273.99
4,6,2026-08-25,324.67
11,32,2026-06-03,355.36
6,548,2026-05-03,94.81
1,45,2026-01-28,308.96
1,9,2026-02-27,485.13
36,1,2026-03-03,352.44
25,1,2026-04-14,426.62
2,1,2026-06-20,301.87
2950,10,2026-05-01,484.01
858,442,2026-01-24,487.86
10,21,2026-03-20,475.03
1,5,2026-03-08,7.7
2,1323,2026-05-19,231.82
2,976,2026-03-16,328.26
197,1,2026-03-01,80.44
14,867,2026-05-20,134.8
57,1,2026-03-02,292.68
760,11,2026-07-22,354.11
3,686,2026-07-16,452.8
23,128,2026-05-10,6.63
2,87,2026-05-03,209.28
9,12,2026-03-05,179.01
2,7,2026-01-18,245.76
3,2,2026-01-06,360.62
1,1,2026-02-15,253.44
7,12,2026-02-15,358.71
8,2,2026-02-11,15.62
47,32,2026-05-03,422.64
77,295,2026-04-08,201.82
27,1,2026-06-27,430.57
4,9,2026-06-22,239.05
2,1,2026-05-26,408.02
1,35,2026-06-06,98.98
1,1,2026-01-24,103.84
7,130,2026-01-07,420.45
1,1,2026-03-10,369.5
20,232,2026-01-02,323.06
8,1,2026-03-09,19.64
43,3,2026-08-01,405.05
23,1,2026-05-16,12.08
2,1,2026-01-10,409.42
1,8,2026-07-18,108.87
3111,24,2026-01-18,123.99
2,2,2026-06-20,138.17
35,28,2026-05-26,34.36
1,1,2026-04-13,280.64
2951,17,2026-03-05,119.08
1,37,2026-03-19,184.62
9,1,2026-03-20,108.21
1,2,2026-05-10,452.96
2,1,2026-08-03,100.1
4,1,2026-06-13,195.79
17,6,2026-03-24,395.12
25,3,2026-08-01,123.38
1,48,2026-06-26,290.82
3,44,2026-01-02,377.33
20,1,2026-03-08,434.59
22,7,2026-06-08,453.71
9,120,2026-08-17,137.89
1,317,2026-07-08,456.2
2,2,2026-01-02,482.94
17,4,2026-07-24,88.42
2,24,2026-05-07,352.26
10,14,2026-08-12,183.49
2,3,2026-07-07,264.98
1,1093,2026-07-17,468.39
3,2,2026-04-20,142.47
3,2503,2026-02-10,406.66
1,113,2026-05-27,121.34
1,13,2026-07-12,246.52
8,11,2026-04-08,365.28
2,1,2026-07-12,424.09
2,1,2026-07-27,337.53
4,652,2026-06-20,157.63
7,2,2026-03-11,57.08
3,1,2026-03-04,169.49
37,1,2026-03-03,216.11
16,1,2026-07-26,158.18
6,27,2026-06-16,163.77
1,122,2026-06-28,157.79
16,19,2026-03-22,88.83
1,265,2026-05-03,169.05
1,5,2026-01-13,102.1
3,29,2026-04-18,117.33
1,33,2026-01-28,151.27
1,13,2026-08-15,154.52
1,5,2026-02-28,352.9
1,3,2026-03-20,208.59
53,4,2026-04-08,66.48
2,4,2026-06-13,31.33
3,3,2026-04-23,166.25
2,1,2026-07-02,127.32
1,2,2026-06-27,6.58
2685,1,2026-08-01,382.13
15,1,2026-08-26,423.16
21,25,2026-08-18,493.82
55,240,2026-01-27,56.11
2,7,2026-06-09,109.91
173,1,2026-02-26,13.29
1,34,2026-06-03,5.88
115,6,2026-03-20,194.22
84,1,2026-05-10,123.81
3,2,2026-06-09,120.08
12,1,2026-03-28,150.53
2,6,2026-03-15,496.82
188,1,2026-04-10,146.16
10,5,2026-01-18,444.71
13,1,2026-06-09,417.1
1,3,2026-03-23,235.63
35,16,2026-02-11,385.82
2,3,2026-08-10,158.5
11,1,2026-06-06,327.64
1,10,2026-02-13,233.83
4,3,2026-02-13,452.77
24,1,2026-01-14,352.58
22,5,2026-04-01,191.21
149,3,2026-08-08,225.9
3,31,2026-05-27,77.08
6,1,2026-01-25,276.84
5,2,2026-08-04,316.03
65,6,2026-08-07,337.94
1,105,2026-08-08,289.7
1,2,2026-05-17,364.23
72,3,2026-03-10,85.9
10,1,2026-05-22,149.54
7,299,2026-05-27,305.97
11,1,2026-01-15,418.17
5,2,2026-04-02,348.8
1,2,2026-06-09,269.2
6,1,2026-02-11,210.56
290,494,2026-02-14,317.6
449,7,2026-04-15,261.57
430,1,2026-03-01,442.8
1,9,2026-05-18,479.43
1,11,2026-05-23,277.04
56,56,2026-05-05,137.08
54,2,2026-07-01,97.06
1,21,2026-06-18,320.28
2,3,2026-03-05,208.05
19,1,2026-07-08,259.35
2,14,2026-06-09,106.25
1696,73,2026-01-09,12.92
1,5,2026-04-26,6.58
3,43,2026-07-07,499.07
1,10,2026-02-23,158.22
5,2,2026-02-06,268.79
6,2,2026-04-19,78.06
55,470,2026-03-05,357.85
3,36,2026-01-21,153.96
8,1,2026-03-23,362.78
4608,2,2026-05-01,321.17
1,11,2026-08-14,168.11
21,1,2026-07-22,467.86
1,102,2026-02-06,100.54
8,1,2026-06-28,470.46
3,1,2026-08-04,408.62
55,3,2026-02-27,22.07
123,181,2026-05-23,62.0
321,463,2026-06-03,46.86
13,7,2026-06-15,179.58
12,1,2026-08-18,160.57
1,7,2026-06-12,334.44
95,5,2026-08-24,16.96
4,20,2026-03-19,207.4
3,2,2026-05-22,70.06
21,3,2026-08-11,295.92
6,2,2026-04-17,424.62
25,10,2026-05-05,436.07
1,1,2026-07-10,260.92
5,83,2026-02-14,284.75
1,1,2026-04-14,256.47
10,1,2026-04-13,330.93
25,1,2026-02-07,125.15
18,7,2026-06-16,210.43
135,3,2026-06-26,346.41
139,32,2026-08-24,475.91
33,2,2026-01-01,288.72
2,1,2026-08-18,52.74
16,1,2026-04-08,113.59
5,1,2026-03-26,390.81
15,2,2026-08-08,335.28
1,1,2026-03-21,169.51
2,8,2026-04-20,172.59
31,17,2026-07-26,432.54
32,12,2026-03-05,434.66
1,11,2026-03-26,399.26
13,33,2026-02-01,95.01
3,424,2026-04-01,298.84
1,2,2026-06-10,276.48
3,161,2026-04-12,165.15
1,1050,2026-03-22,322.69
16,24,2026-06-28,149.89
12,2,2026-08-07,265.94
56,1,2026-04-20,473.05
44,11,2026-04-23,303.86
1,698,2026-03-16,63.83
5,6,2026-03-23,207.57
6,1,2026-06-24,212.2
7,102,2026-03-07,167.74
3,1,2026-01-26,142.08
34,2,2026-03-13,217.6
630,160,2026-01-18,207.27
1,1,2026-07-12,385.34
2,1,2026-08-07,369.19
1,64,2026-01-28,12.17
2,1,2026-02-13,158.7
1,12,2026-08-25,17.87
1,4,2026-02-04,395.77
2791,1,2026-08-11,254.43
1,1,2026-06-25,219.99
162,197,2026-05-14,151.85
323,5,2026-04-07,109.36
4,17,2026-03-28,420.28
1,15,2026-06-17,253.04
2,1,2026-04-27,15.58
17,44,2026-07-24,114.13
5,74,2026-07-07,185.0
1,2,2026-01-10,163.25
1577,1,2026-06-24,298.57
1,2,2026-06-18,417.46
1,5,2026-03-15,228.65
2,15,2026-03-13,83.06
2492,1,2026-07-05,321.53
3,1,2026-07-15,314.58
2,2,2026-08-18,277.73
4,1,2026-03-19,447.58
3,17,2026-01-20,337.49
200,3,2026-05-06,154.5
15,5,2026-01-04,435.49
3,256,2026-04-23,55.03
3,308,2026-06-09,447.87
1,34,2026-04-14,404.66
2,33,2026-04-27,129.65
1,41,2026-06-15,351.47
11,2,2026-08-05,193.05
7,2071,2026-06-10,84.99
1,51,2026-05-27,422.53
28,2244,2026-06-16,83.11
5,1,2026-06-05,251.41
1,15,2026-07-21,240.49
1,8,2026-02-11,420.7
1,3,2026-02-12,229.97
15,2,2026-08-04,311.11
1,1,2026-05-16,154.69
3,11,2026-02-27,43.49
8,14,2026-07-03,83.51
72,65,2026-03-03,123.87
1,1,2026-01-11,46.06
1,57,2026-01-21,201.24
2,19,2026-03-25,313.88
2,23,2026-02-26,292.66
398,2,2026-02-16,20.46
20,1,2026-08-15,418.39
39,11,2026-02-14,43.19
2,223,2026-07-10,402.54
5903,13,2026-07-18,431.69
2,4,2026-03-16,34.06
11,58,2026-02-15,123.84
2,2,2026-02-24,406.23
34,2,2026-04-08,178.46
3,43,2026-04-05,442.23
107,3,2026-02-26,314.94
11,4,2026-06-20,310.33
163,17,2026-05-02,320.94
2865,5,2026-02-10,209.09
3,4,2026-07-08,20.88
2,21,2026-04-14,106.1
2802,30,2026-01-25,176.68
1,5,2026-04-11,158.2
1,10,2026-01-02,168.0
8,71,2026-06-17,32.84
2,2,2026-07-05,264.99
1,2,2026-02-10,316.29
10,1,2026-03-03,153.84
1,1,2026-08-08,218.27
1,1,2026-05-25,188.88
169,7,2026-02-21,210.31
1,1,2026-08-28,255.23
23,6,2026-07-10,157.98
515,28,2026-04-01,90.56
2,1,2026-07-02,26.68
2,3,2026-08-04,134.82
2,570,2026-04-23,235.91
3,14,2026-05-20,312.69
6,16,2026-05-24,342.88
95,1,2026-07-14,134.17
1,3,2026-04-08,23.93
1,15,2026-03-21,230.26
7,1,2026-07-11,371.37
7,5,2026-07-10,157.08
1,1,2026-05-26,32.23
17,4,2026-04-19,17.83
4,2,2026-07-16,344.8
1,1,2026-06-17,108.94
1,30,2026-05-27,19.22
10,1,2026-08-26,11.8
10,152,2026-01-15,256.82
3122,19,2026-06-27,116.46
16,1,2026-04-03,279.01
1,26,2026-08-24,322.41
25,1685,2026-06-18,332.34
8,23,2026-04-03,17.18
3,1,2026-07-03,206.11
244,1,2026-05-20,480.49
599,20,2026-07-25,451.87
1,24,2026-01-05,203.87
6,1,2026-04-28,37.83
1,658,2026-02-14,103.72
1036,1,2026-08-26,455.84
8,5,2026-06-25,452.29
5,31,2026-02-14,86.3
1,2,2026-05-18,447.83
1,2,2026-04-01,434.51
1,860,2026-01-06,171.55
1,36,2026-03-08,198.05
372,1,2026-08-22,189.28
9,9,2026-02-06,91.39
32,1,2026-01-21,169.33
12,3,2026-07-18,83.17
3,3,2026-04-17,314.84
11,1,2026-01-23,398.26
29,1,2026-03-15,182.71
2,1,2026-03-04,391.95
1,758,2026-02-07,105.89
12,6,2026-01-07,5.51
3,407,2026-06-12,154.1
3,1,2026-02-21,150.59
27,1,2026-01-21,100.48
2,1,2026-06-08,473.38
7,1,2026-01-14,328.0
5,97,2026-05-04,190.82
167,84,2026-02-20,284.71
1,1,2026-02-21,113.6
1,31,2026-05-16,178.45
9,5,2026-07-05,223.5
1,1,2026-02-11,195.92
1,7,2026-07-04,420.55
135,9,2026-02-26,18.55
4,2142,2026-02-17,337.34
6,3,2026-07-20,318.61
8,1,2026-03-13,37.42
65,2,2026-03-11,261.36
15,3,2026-01-09,199.02
18,10,2026-01-11,407.33
2,1,2026-06-02,215.15
1,248,2026-06-27,20.62
1,44,2026-06-21,292.78
54,94,2026-02-06,114.7
11,8,2026-07-21,293.02
3,97,2026-07-23,499.42
1,19,2026-06-11,392.38
1,1425,2026-07-06,432.98
515,1,2026-03-04,307.8
1,1,2026-05-28,156.79
1029,228,2026-04-28,185.78
35,1,2026-03-27,150.89
1,3,2026-05-12,266.72
12,176,2026-07-07,155.77
7,1,2026-01-21,375.83
199,1,2026-01-02,107.04
11,1,2026-07-21,423.5
1,1,2026-06-12,182.55
35,2,2026-05-23,236.96
17,4,2026-06-04,336.58
3,3,2026-02-20,105.31
16,12,2026-02-10,115.56
1,4,2026-01-01,245.93
1,7,2026-06-19,237.72
1,280,2026-01-16,247.2
2,174,2026-02-22,491.62
1,34,2026-06-13,240.57
9,1,2026-08-02,37.21
2,30,2026-08-10,412.74
137,1,2026-02-19,173.56
3,3,2026-08-17,285.41
1,1,2026-03-05,238.05
1,6,2026-08-17,266.88
39,1,2026-01-18,209.3
2,68,2026-07-24,430.94
268,1177,2026-02-05,180.22
5,8,2026-05-02,226.98
1,3,2026-02-19,68.59
2,3,2026-03-26,308.8
2,24,2026-04-21,38.79
18,3,2026-02-10,121.88
12,3,2026-01-04,416.1
2,8,2026-05-19,168.2
20,2,2026-07-17,454.9
7,1,2026-05-03,171.64
7,1,2026-05-26,39.3
1,2,2026-01-22,317.64
1,3,2026-06-09,293.41
9,242,2026-04-12,329.23
3,768,2026-08-26,108.49
3,17,2026-02-06,92.48
480,21,2026-06-20,155.76
18,82,2026-02-12,369.11
1,5,2026-02-26,463.22
17,17,2026-07-11,8.34
16,1,2026-05-21,55.51
19,18,2026-07-11,161.52
3,5,2026-04-24,435.49
25,1,2026-07-01,422.42
3,175,2026-05-04,259.28
1,20,2026-05-06,463.57
56,2,2026-02-21,113.2
3,578,2026-07-26,350.94
2,1,2026-04-02,9.34
1,1,2026-05-12,459.98
4,5,2026-03-16,102.6
1,176,2026-02-12,338.36
6,1,2026-01-27,28.06
1,6,2026-04-19,40.29
40,3,2026-03-28,67.95
3,14,2026-04-20,429.07
7,27,2026-05-26,426.53
2,18,2026-08-01,218.95
6,1,2026-01-14,242.3
241,2,2026-02-13,9.63
4,4,2026-05-11,53.85
1,77,2026-08-02,309.26
2,6,2026-07-19,374.61
157,37,2026-07-21,384.39
4,1,2026-07-08,441.61
7,14,2026-08-27,57.58
2,72,2026-06-09,225.69
7,16,2026-07-08,485.94
6,9,2026-04-21,107.1
69,1,2026-05-24,69.79
1,1,2026-06-05,25.15
1,51,2026-06-07,377.19
3,309,2026-05-02,270.02
1,280,2026-04-07,420.75
40,1,2026-04-21,451.15
641,1,2026-06-26,60.6
1,3,2026-08-09,434.73
1,11,2026-05-10,450.74
1,290,2026-01-23,289.5
2,4,2026-01-25,52.73
8,3,2026-04-22,305.73
53,1,2026-04-04,12.95
6,264,2026-01-27,27.53
1,3,2026-06-12,486.27
544,680,2026-05-18,348.03
690,611,2026-04-19,205.65
2,4,2026-02-07,130.29
1,18,2026-05-15,63.1
1,4,2026-04-01,108.6
1,2,2026-06-27,373.93
1,2,2026-06-24,197.01
1,2,2026-06-15,326.9
13,3,2026-06-12,368.28
3,6,2026-05-21,279.9
6,18,2026-01-11,165.07
1,7,2026-02-07,260.93
9,2,2026-03-20,120.18
18,1010,2026-06-25,219.75
1,5,2026-02-28,457.66
1,4,2026-07-12,473.12
2,2171,2026-06-26,454.23
3,5,2026-08-27,88.14
1,2,2026-05-04,390.04
10,1,2026-03-11,359.75
43,1,2026-01-06,62.78
2,1,2026-06-01,429.03
1,82,2026-05-25,104.76
21,1,2026-06-02,181.64
6,35,2026-06-22,226.85
1,14,2026-03-13,8.24
1,11,2026-04-27,415.74
2,16,2026-07-12,412.02
744,48,2026-03-03,266.81
126,1,2026-02-09,109.6
8,3,2026-02-16,489.82
2,399,2026-08-06,157.12
2,2,2026-06-19,155.07
4,2,2026-04-17,441.16
6,4,2026-06-22,395.84
1,4,2026-03-01,445.62
1,1991,2026-08-07,317.88
22,8,2026-06-21,14.39
1,239,2026-03-18,47.3
381,284,2026-03-15,236.79
1,98,2026-06-12,354.99
1,1,2026-06-27,101.9
12,36,2026-01-27,453.51
2,2,2026-05-19,486.0
35,17,2026-02-21,163.85
3147,2,2026-05-27,144.57
2,22,2026-08-23,213.28
7,30,2026-01-03,255.22
52,8,2026-05-19,207.97
41,13,2026-04-19,190.79
2,1,2026-08-09,351.46
34,2,2026-01-25,57.84
2,2,2026-08-22,384.01
3,254,2026-03-27,166.2
1,91,2026-03-12,6.44
4,19,2026-08-20,197.41
12,1,2026-01-26,441.65
7,4,2026-07-16,249.99
1,1,2026-04-26,162.04
13,1717,2026-01-21,314.82
51,21,2026-07-11,194.12
1,1,2026-03-04,444.5
1,159,2026-01-16,327.83
1,3,2026-02-26,474.94
1,2,2026-04-22,434.29
3,1,2026-03-23,154.76
1,2358,2026-08-22,214.44
5,1,2026-04-12,144.33
2,1,2026-04-17,418.75
1,6,2026-03-24,288.09
9,42,2026-04-16,182.49
2,45,2026-05-07,22.95
1434,6,2026-04-26,217.15
19,5,2026-01-19,432.73
220,3,2026-03-09,361.85
2491,3,2026-02-08,353.86
9,1,2026-06-01,332.95
3,1,2026-07-21,386.85
1,854,2026-06-02,334.05
55,1,2026-07-22,131.64
3,1,2026-01-14,137.65
3,1,2026-08-05,287.21
16,3,2026-07-12,487.02
6,1,2026-05-07,24.71
2,3,2026-07-16,87.23
2,2,2026-08-07,276.99
4,1,2026-06-01,366.64
4,1,2026-01-06,207.86
2,9,2026-07-18,459.41
1,1,2026-05-23,30.55
3,5,2026-01-11,411.29
16,1,2026-08-11,462.13
1,3,2026-08-20,266.5
3,995,2026-02-07,361.03
2,35,2026-05-03,214.96
1,17,2026-08-18,187.97
281,1,2026-01-16,242.72
525,23,2026-05-06,281.67
438,1,2026-08-14,351.37
112,877,2026-03-18,357.05
1,7,2026-02-05,450.63
1,4,2026-03-04,332.45
20,8,2026-04-04,463.33
1,1,2026-03-03,79.39
1,1,2026-06-02,434.7
2,2,2026-08-15,59.48
63,1,2026-01-27,35.63
1,6,2026-03-06,54.91
2,2,2026-01-11,252.33
1,1479,2026-08-24,498.0
9,1,2026-07-27,207.99
5,1,2026-04-12,140.83
2,1,2026-01-19,182.5
1722,491,2026-03-18,459.84
6,219,2026-02-02,444.97
4,1,2026-07-13,281.29
1494,50,2026-08-15,401.23
2,1,2026-02-17,480.06
36,6,2026-05-18,285.06
77,1,2026-08-08,149.96
291,7,2026-07-14,419.81
1,3,2026-03-24,152.07
2,8,2026-04-10,171.08
2,28,2026-03-06,337.28
128,3,2026-01-16,432.74
114,1,2026-02-12,120.72
1,1,2026-08-24,250.24
1,58,2026-08-22,216.33
3,2,2026-03-19,254.44
7,3,2026-01-04,278.62
263,357,2026-06-17,91.02
3,35,2026-02-04,115.16
616,3,2026-01-22,49.96
1,36,2026-08-03,28.52
162,1,2026-04-03,272.73
1,1,2026-07-24,370.79
1,1,2026-01-12,141.0
87,2,2026-05-18,45.07
8,1,2026-06-15,190.82
12,51,2026-05-17,423.48
360,5,2026-08-10,39.82
2,232,2026-03-09,182.89
2937,1,2026-04-22,468.91
16,16,2026-03-06,487.14
1,2,2026-03-16,78.31
2,1,2026-03-06,271.26
3,3,2026-07-18,485.5
8,8,2026-04-23,491.08
8,4,2026-02-16,16.11
217,281,2026-05-06,478.34
37,2,2026-04-23,9.38
3,3,2026-08-08,117.29
2,1,2026-06-17,355.3
4,1,2026-02-06,410.75
1,2,2026-02-14,458.38
7,16,2026-03-13,106.08
1,74,2026-06-14,183.32
3,6,2026-05-10,121.39
45,5,2026-05-08,417.13
2730,4,2026-08-26,37.54
2,2,2026-04-24,443.79
60,17,2026-08-18,194.41
1,92,2026-02-14,329.91
74,5,2026-04-16,237.95
2,7,2026-02-02,198.64
2,1,2026-01-15,457.39
144,6,2026-01-17,441.9
4,1,2026-04-05,128.37
14,117,2026-06-17,146.87
1,84,2026-05-26,279.27
12,3,2026-08-07,413.21
2,171,2026-08-07,107.83
2,1,2026-02-01,396.25
1,4,2026-02-21,9.41
15,1,2026-08-02,124.82
2,24,2026-05-24,416.98
30,2,2026-03-12,127.7
1,1,2026-05-27,434.51
2,1,2026-04-22,274.69
1,208,2026-02-25,355.29
37,238,2026-07-28,190.6
1,1,2026-06-24,251.41
1,29,2026-07-02,261.41
404,2,2026-05-11,224.6
3,3,2026-07-18,10.53
41,3,2026-06-15,266.11
26,48,2026-04-27,123.98
1,29,2026-01-04,170.69
50,2,2026-02-25,295.86
5,65,2026-04-24,86.05
433,22,2026-01-07,342.41
1,14,2026-02-28,14.41
2,1,2026-02-27,210.9
55,1,2026-06-12,143.04
30,120,2026-05-13,433.61
2,7,2026-08-14,231.76
1,1,2026-03-10,254.65
2314,5,2026-06-17,203.17
20,1,2026-02-08,51.74
10,1,2026-04-05,253.28
5,3,2026-08-09,248.0
21,1,2026-07-09,435.03
3,1,2026-06-01,404.62
1,4,2026-04-15,212.79
4,1,2026-02-08,142.59
9,1,2026-06-20,93.01
62,9,2026-07-15,28.08
754,2,2026-06-09,60.6
1,1,2026-08-28,354.66
20,20,2026-02-23,442.37
1,10,2026-06-06,274.15
3,42,2026-03-27,26.58
193,5,2026-08-01,402.98
67,11,2026-04-16,305.44
1,48,2026-01-13,475.28
6,5,2026-03-27,36.34
6,8,2026-01-20,135.74
4,4,2026-06-28,291.17
20,12,2026-05-08,78.61
1,1,2026-04-24,333.2
3209,3,2026-04-18,123.75
41,2,2026-01-20,316.2
98,10,2026-08-17,324.69
14,9,2026-05-13,104.58
3,220,2026-04-22,353.77
296,9,2026-02-23,15.75
2,14,2026-03-21,48.69
27,27,2026-06-09,129.61
101,1,2026-05-04,140.47
29,4,2026-02-12,137.11
1,3,2026-06-19,131.67
11,3,2026-08-25,100.64
1,2,2026-03-06,76.83
1,17,2026-06-18,273.05
1,5,2026-02-02,209.69
1,1,2026-06-11,162.46
1,129,2026-07-08,497.42
102,30,2026-06-23,131.11
1631,6,2026-04-28,109.33
3,1,2026-02-28,212.77
2,19,2026-08-02,42.98
48,2,2026-08-27,314.17
1,1,2026-06-15,110.35
43,1994,2026-03-17,306.13
3,8,2026-04-23,318.24
79,29,2026-03-02,410.0
33,11,2026-01-19,197.04
8,12,2026-07-25,292.14
7,1,2026-04-04,433.73
13,12,2026-07-08,358.17
13,22,2026-03-19,367.38
35,3,2026-04-11,119.63
2,1,2026-05-04,119.36
4,2,2026-06-21,63.96
1,4,2026-08-16,493.03
1,2,2026-04-16,300.08
4,3,2026-07-19,254.76
1,39,2026-08-28,443.47
2,686,2026-01-04,467.99
10,6,2026-05-15,154.59
5,9,2026-01-12,158.16
8,70,2026-03-17,448.52
3,2,2026-07-17,338.8
3,5,2026-04-18,36.23
3,1,2026-08-17,23.61
24,1,2026-04-11,298.71
1,1,2026-05-18,289.88
3,48,2026-01-27,241.25
337,1,2026-04-18,82.42
3,1,2026-08-18,378.97
1,1,2026-04-06,31.5
35,4,2026-05-21,94.25
1746,5,2026-05-19,240.29
1,16,2026-01-10,25.95
3739,1,2026-03-08,341.11
24,5,2026-08-25,37.61
9,37,2026-07-25,346.15
87,31,2026-06-12,147.94
167,1,2026-01-20,47.53
3,1,2026-07-28,161.86
10,984,2026-05-23,499.36
2,17,2026-07-14,347.57
1,1,2026-06-17,171.16
44,1,2026-06-10,487.97
211,1,2026-03-10,439.19
5,5,2026-04-03,328.92
25,74,2026-05-28,293.78
1,2,2026-03-12,89.18
4,1,2026-06-07,425.37
1,768,2026-05-03,68.42
4,1,2026-07-27,248.5
9,1,2026-08-15,255.75
3,2,2026-07-13,225.89
408,17,2026-03-02,454.05
1,8,2026-06-27,275.33
1,5,2026-03-14,65.73
3,1,2026-01-26,130.13
1,1,2026-02-09,355.76
3,14,2026-01-09,17.38
1,1,2026-05-21,99.33
1,12,2026-05-18,491.58
1,11,2026-01-14,252.27
2,478,2026-08-25,270.99
385,9,2026-04-17,165.96
10,2,2026-08-16,345.12
1,36,2026-04-26,237.72
1,1,2026-06-03,376.68
3,15,2026-08-13,269.66
1,9,2026-02-12,296.75
1,3,2026-02-23,236.61
68,1,2026-01-25,208.31
1,1437,2026-02-13,369.39
7,3,2026-08-25,453.42
1,1,2026-05-18,455.39
4,2,2026-07-16,398.88
608,4,2026-06-06,148.77
8,3,2026-05-07,245.07
7,10,2026-06-25,144.26
2,5,2026-01-11,489.05
11,17,2026-05-08,422.95
2,76,2026-04-04,245.02
2,1,2026-08-09,203.62
4,2039,2026-06-16,16.89
15,30,2026-03-13,252.5
1,1,2026-06-05,423.46
1,3,2026-05-14,321.87
6,1,2026-08-03,370.77
2,656,2026-05-26,237.9
38,87,2026-02-15,414.95
343,29,2026-08-23,119.77
2082,1,2026-03-19,176.67
8,17,2026-01-16,335.23
1,3,2026-05-27,92.32
1,138,2026-04-01,194.01
5,2,2026-04-10,194.56
1,2,2026-07-18,101.36
1,38,2026-01-14,361.52
4,48,2026-04-26,321.61
8,1,2026-05-18,217.16
1,16,2026-05-22,477.57
1,162,2026-08-27,104.26
5,3,2026-05-25,53.9
701,81,2026-05-24,326.92
2,2,2026-05-19,374.89
43,3,2026-07-04,188.73
7,4,2026-03-06,434.84
5,118,2026-07-14,17.09
53,299,2026-05-23,232.32
51,5,2026-05-23,115.9
189,843,2026-08-26,289.19
23,3,2026-08-27,49.54
99,1,2026-06-26,437.18
28,1,2026-05-11,234.87
4,9,2026-05-11,167.41
3,2,2026-01-13,414.62
2,1,2026-08-08,364.99
1,23,2026-04-15,485.62
12,7,2026-06-20,93.51
2,1,2026-01-25,242.99
63,1,2026-07-17,457.65
2,1,2026-04-03,7.88
4,1,2026-04-07,200.28
52,55,2026-08-28,245.94
10,1,2026-08-24,179.14
1,5,2026-07-25,364.77
1,893,2026-05-02,238.34
7,16,2026-05-07,111.53
1,70,2026-06-12,311.16
72,2,2026-03-09,127.31
9,17,2026-08-21,164.11
9,6,2026-01-07,152.72
62,61,2026-01-16,77.86
3,4,2026-03-09,112.9
2102,4,2026-06-24,147.37
4,3,2026-02-23,319.2
3,2,2026-04-02,396.87
25,1,2026-07-23,291.13
20,12,2026-03-05,375.32
1,1,2026-05-26,427.26
50,1,2026-07-27,29.27
6,1,2026-05-07,440.48
17,2,2026-02-25,359.87
12,2,2026-01-03,498.91
1,1,2026-07-01,114.8
7,13,2026-08-21,24.36
6,71,2026-08-19,181.93
476,1,2026-01-04,385.31
2,8,2026-04-17,372.34
5,6,2026-05-09,472.65
1,1,2026-03-02,381.32
1,4,2026-03-10,187.49
562,10,2026-03-12,481.53
1,1,2026-01-24,280.18
1757,1,2026-04-18,113.03
6,7,2026-07-12,437.29
1,10,2026-07-06,481.69
125,4,2026-03-24,372.98
20,87,2026-07-12,37.36
187,1,2026-01-17,444.98
2,17,2026-07-17,447.59
1,65,2026-08-05,221.12
1,2,2026-05-20,16.35
1,1,2026-04-23,29.04
1,280,2026-05-20,186.57
1,2,2026-03-26,201.68
1,1,2026-01-14,57.38
3,4,2026-02-24,380.74
1,1,2026-04-11,68.88
1,1,2026-04-06,348.14
7,1,2026-03-10,447.07
17,1,2026-04-23,125.7
1,25,2026-05-09,335.56
5,4,2026-04-09,64.55
14,3,2026-03-03,183.11
2407,21,2026-05-12,109.7
2,23,2026-07-24,97.4
1,42,2026-01-20,63.48
2,4,2026-05-10,83.51
13,1,2026-07-15,74.33
3,19,2026-02-26,158.79
26,10,2026-07-12,356.96
3,2,2026-02-07,86.98
241,130,2026-08-17,297.88
1,37,2026-01-13,335.18
1,2,2026-04-12,236.04
9,1,2026-04-22,15.22
18,2,2026-06-10,107.15
279,1,2026-01-19,389.54
19,8,2026-08-26,281.94
120,1,2026-06-07,400.52
1,1,2026-07-01,206.82
1,27,2026-08-11,443.54
7,1,2026-07-02,254.9
431,1,2026-07-07,24.84
1,61,2026-01-13,129.51
81,1,2026-03-01,100.14
143,19,2026-03-05,117.36
1,9,2026-03-23,72.83
1,6,2026-04-17,457.48
8,1,2026-05-13,258.34
1330,1,2026-05-07,282.69
8,769,2026-02-11,246.18
5,62,2026-02-23,417.36
94,196,2026-01-01,250.97
1,5,2026-01-21,338.03
1170,24,2026-06-10,406.28
4,1,2026-04-15,215.43
5,4,2026-01-15,149.75
10,5,2026-07-07,211.03
2,32,2026-04-16,213.13
1,11,2026-04-10,160.86
4,2,2026-05-26,408.78
1,66,2026-02-25,135.57
1,6,2026-02-10,337.02
4978,11,2026-01-08,134.98
1,1,2026-08-21,460.45
2,2,2026-05-01,459.6
49,45,2026-03-24,270.8
72,11,2026-04-03,6.91
234,3,2026-03-01,261.55
11,6,2026-06-10,55.62
1,50,2026-08-18,366.31
455,1,2026-05-17,365.34
1,8,2026-05-21,317.32
1,2,2026-07-04,459.52
2,12,2026-07-14,499.84
1,2,2026-01-22,457.43
2078,2,2026-08-28,458.0
26,733,2026-03-20,389.31
60,1,2026-04-05,88.68
6,6,2026-05-10,363.02
69,2,2026-05-19,247.56
3,377,2026-08-19,195.35
54,92,2026-06-04,75.75
1,85,2026-07-08,339.3
10,14,2026-03-26,99.37
1,5,2026-03-23,435.38
14,467,2026-01-25,68.74
3,1,2026-04-24,416.08
5,269,2026-05-19,491.54
163,8,2026-08-24,313.69
438,2,2026-02-10,77.6
2,1,2026-03-18,483.78
1,22,2026-08-21,87.23
1,4,2026-02-16,20.46
1,4,2026-08-23,389.79
4,6,2026-05-16,383.45
436,232,2026-04-05,312.97
3,1,2026-03-20,55.89
647,58,2026-02-21,430.84
3,3,2026-06-27,288.65
2,1,2026-06-03,299.79
1,3,2026-03-22,410.45
37,3,2026-02-19,45.55
6,1,2026-03-13,223.45
2,10,2026-05-22,169.29
2,2,2026-01-04,473.17
24,257,2026-06-05,452.44
1,1,2026-04-25,436.24
11,12,2026-05-10,340.6
50,1,2026-06-17,429.22
148,2,2026-02-24,432.54
4,1,2026-07-02,220.76
23,43,2026-04-17,193.24
2,5,2026-01-08,326.85
1676,4,2026-08-27,13.62
5,53,2026-08-02,397.66
14,2,2026-08-19,315.34
6,40,2026-06-28,170.18
3,12,2026-05-21,125.29
2736,1,2026-05-15,70.01
4,3,2026-08-22,295.74
3,66,2026-04-09,452.33
9,2676,2026-04-13,134.46
2,250,2026-06-11,116.9
98,1,2026-07-10,354.62
6,1,2026-06-02,76.51
16,3,2026-08-12,59.92
13,3,2026-01-19,177.15
3,6,2026-04-07,251.03
2,1,2026-02-12,147.35
10,11,2026-07-03,344.12
36,35,2026-05-15,13.88
3,1,2026-01-09,133.27
1,9,2026-05-12,393.04
5,10,2026-02-09,475.28
1,1,2026-04-14,307.15
448,2,2026-08-15,167.12
4,1494,2026-02-15,242.67
1,10,2026-05-02,495.02
2,54,2026-03-21,276.02
30,1,2026-08-05,61.24
1,7,2026-03-26,469.79
6,1,2026-07-24,16.32
3,10,2026-05-03,444.75
6,24,2026-05-19,151.52
1,1,2026-07-11,457.03
19,22,2026-07-05,489.45
3,241,2026-02-27,197.95
2,160,2026-01-12,106.79
75,682,2026-08-11,135.33
1,5,2026-03-08,57.44
6,13,2026-03-01,494.84
151,58,2026-02-03,329.97
1,2,2026-07-12,409.53
2,1,2026-03-25,281.59
2,1,2026-05-01,83.02
470,31,2026-05-14,398.41
10,10,2026-02-14,499.84
1,11,2026-01-07,323.07
11,1,2026-02-21,184.47
167,4,2026-01-19,55.01
1,15,2026-02-09,389.84
1,25,2026-05-19,149.07
2,21,2026-03-18,57.86
23,1,2026-01-03,40.67
30,7,2026-02-02,382.08
1,4,2026-04-04,269.79
2,140,2026-08-15,225.93
1,2,2026-01-21,248.47
56,1098,2026-05-18,87.23
18,6,2026-06-13,484.35
45,10,2026-04-15,357.94
12,44,2026-06-23,423.96
3,16,2026-04-26,344.68
88,1,2026-04-13,227.91
1,2,2026-07-26,144.31
13,1249,2026-05-05,191.45
171,49,2026-07-07,126.15
45,512,2026-06-22,271.07
17,1,2026-05-02,147.43
1,9,2026-05-16,330.18
112,8,2026-06-17,146.11
278,2,2026-05-06,368.69
1,20,2026-02-27,45.03
1,207,2026-01-11,340.87
5,5,2026-08-28,257.33
4,18,2026-04-24,411.96
14,1,2026-03-26,382.37
11,1307,2026-02-01,106.67
15,24,2026-06-07,225.26
2,5,2026-02-11,17.5
1,50,2026-01-21,239.81
207,3,2026-04-02,294.89
7,1,2026-03-23,499.19
1,47,2026-04-18,454.54
39,9,2026-01-04,120.41
2,77,2026-08-24,474.3
225,9,2026-02-27,428.38
7,1,2026-08-05,48.85
11,3,2026-04-02,232.55
139,1,2026-05-27,384.43
2,159,2026-01-21,340.58
222,4,2026-05-23,454.88
25,11,2026-07-02,454.38
103,17,2026-08-10,404.5
3,13,2026-08-07,426.85
5,8,2026-02-02,346.36
119,31,2026-07-04,280.6
229,1,2026-04-11,289.71
4,4,2026-02-24,326.79
45,8,2026-03-04,317.94
8,1,2026-04-24,57.28
45,1,2026-04-25,153.84
5,15,2026-06-21,8.54
1,10,2026-07-04,408.31
1,1,2026-08-23,87.35
1,1,2026-03-03,384.52
1,1,2026-02-22,282.57
1,48,2026-06-15,343.96
40,2,2026-05-23,462.55
16,2,2026-08-04,490.54
10,3,2026-06-24,102.51
19,1,2026-07-06,404.88
7,1,2026-01-28,396.13
2,6,2026-05-13,298.42
1,1,2026-01-08,493.21
9,2,2026-06-22,150.74
26,1,2026-03-27,240.64
1,504,2026-08-17,446.69
9,6,2026-02-24,45.57
71,5,2026-05-19,210.48
1,4,2026-08-06,172.92
58,282,2026-01-24,377.43
1,4,2026-07-24,73.14
357,121,2026-05-11,191.06
119,105,2026-01-18,341.72
408,13,2026-03-13,439.34
1,72,2026-03-13,314.32
1,3,2026-07-09,19.52
1,3,2026-07-22,24.0
1,35,2026-03-11,214.2
12,393,2026-07-10,164.37
617,7,2026-02-14,495.12
20,41,2026-05-15,51.53
19,12,2026-08-17,395.87
4,1,2026-04-26,462.96
12,1,2026-05-07,404.59
3,1,2026-01-22,409.35
1,6,2026-05-10,276.13
43,2,2026-05-21,213.25
1,45,2026-08-02,97.99
1,4,2026-02-02,478.35
3618,6,2026-02-03,441.6
2,8,2026-02-10,31.74
11,1,2026-05-22,372.74
2,16,2026-08-23,422.07
176,1,2026-06-20,192.77
1,25,2026-01-15,495.11
8,1,2026-08-10,449.51
1,15,2026-04-19,109.09
99,17,2026-02-20,270.96
1,5,2026-05-09,189.59
1,9,2026-04-12,396.34
36,382,2026-01-25,235.29
3,4,2026-08-11,473.08
2,1,2026-08-03,168.04
9,2,2026-06-28,256.63
3,10,2026-01-19,286.76
6,947,2026-05-04,69.32
51,65,2026-01-25,306.19
1,1,2026-02-24,446.17
2,5,2026-05-14,400.79
4,1,2026-01-17,394.21
227,78,2026-05-20,36.15
2,1,2026-08-28,389.61
3947,9,2026-08-25,361.36
70,10,2026-04-23,40.67
1,137,2026-05-28,175.04
14,1,2026-01-08,121.56
2,1,2026-07-24,388.42
10,3,2026-05-23,25.4
32,1,2026-06-15,490.53
1,71,2026-07-15,108.98
3,1,2026-04-05,195.22
1,57,2026-06-12,276.22
8,75,2026-07-10,355.65
2,348,2026-02-01,85.25
1,134,2026-03-26,46.27
39,2,2026-07-14,97.9
17,849,2026-03-21,451.56
1,3,2026-08-25,300.68
9,1,2026-01-05,65.98
442,6,2026-08-17,243.59
12,1,2026-06-24,221.88
7,3,2026-04-18,186.21
2,2,2026-06-03,175.25
1,25,2026-07-13,247.33
34,42,2026-06-11,434.01
1,1,2026-07-17,261.84
540,3,2026-05-28,260.09
4,16,2026-05-04,49.7
9,2,2026-06-25,435.6
683,4,2026-04-20,148.91
17,1,2026-08-04,483.29
13,3,2026-04-17,99.59
2,51,2026-07-20,412.11
47,2,2026-05-28,394.56
7,3,2026-06-03,84.73
11,4,2026-07-07,413.19
224,1,2026-08-21,147.49
3,1156,2026-02-18,220.21
1,16,2026-04-28,497.46
3,1,2026-02-19,473.01
5,21,2026-02-07,335.64
2,15,2026-05-01,46.68
7,3,2026-04-10,391.36
2,128,2026-02-06,392.09
4676,7,2026-04-19,47.83
5,10,2026-05-16,97.9
4,6,2026-05-08,73.69
1,1,2026-03-14,191.87
5,75,2026-06-10,36.97
107,5,2026-08-19,381.61
1,3,2026-02-06,334.24
99,14,2026-05-16,111.06
6,1,2026-01-09,74.13
525,25,2026-02-25,300.59
2,5,2026-05-04,224.68
2,8,2026-02-18,253.06
133,142,2026-05-06,85.2
1,1,2026-01-11,364.66
20,1,2026-06-15,412.55
78,996,2026-02-19,35.31
1,136,2026-08-22,256.65
1265,1,2026-04-03,254.59
5,5,2026-01-20,136.94
2,3,2026-08-02,277.46
2,8,2026-02-06,99.69
1,4,2026-05-20,137.28
2,3,2026-08-21,36.93
3,1,2026-04-10,68.78
2,1,2026-08-07,480.23
36,11,2026-01-28,266.53
2462,6,2026-08-12,472.84
2,46,2026-05-13,167.43
173,2,2026-08-07,441.03
1,3,2026-01-28,478.43
8,1,2026-03-01,210.32
18,1,2026-01-25,196.0
14,89,2026-02-11,56.99
4,231,2026-08-14,210.31
13,49,2026-05-05,33.44
15,1,2026-03-07,316.94
4,11,2026-02-01,233.93
7,9,2026-07-19,445.42
5,1,2026-04-25,153.97
29,2,2026-01-07,223.9
101,1,2026-01-12,94.0
9,100,2026-03-18,420.24
1,1350,2026-02-25,5.76
4,2,2026-02-15,146.5
3,1,2026-01-01,136.36
5,1,2026-05-07,313.63
3,84,2026-02-01,157.51
13,21,2026-04-12,282.62
143,1,2026-08-25,422.48
1,7,2026-02-15,12.03
6,1,2026-02-01,335.53
20,1,2026-08-27,420.78
5,2,2026-01-20,412.42
1,2,2026-05-14,273.13
255,98,2026-02-07,305.57
1,2,2026-08-20,11.8
3,2,2026-01-24,179.88
1,1,2026-03-26,43.63
34,4,2026-08-13,474.3
1,1338,2026-04-19,203.94
5,5,2026-02-21,252.43
1,4,2026-06-01,271.95
18,2,2026-08-08,152.03
58,102,2026-05-03,370.08
1234,3,2026-05-20,405.54
1,17,2026-04-17,415.68
1,33,2026-01-09,87.69
1,4,2026-02-21,230.63
2,9,2026-07-22,242.2
69,66,2026-03-21,402.89
4,3,2026-05-26,264.37
1,103,2026-01-27,195.56
1,2,2026-01-16,309.32
4,1,2026-02-04,211.69
14,37,2026-06-13,267.6
1,2,2026-02-19,405.91
79,15,2026-06-22,197.97
1,67,2026-07-12,375.01
5,1,2026-07-25,172.07
2,11,2026-04-09,156.67
1,5,2026-05-02,64.47
1,2,2026-02-11,305.19
11,92,2026-02-12,422.66
926,5,2026-02-20,87.18
5,241,2026-06-12,50.67
6,1,2026-04-01,299.99
1,2,2026-01-10,109.61
2,3,2026-06-05,158.0
2,8,2026-01-10,221.98
5443,2,2026-05-20,459.32
2,8,2026-05-23,418.81
68,1523,2026-02-02,471.43
6,2,2026-01-09,210.44
397,4,2026-04-04,100.49
27,1,2026-04-25,74.94
2,1,2026-06-06,36.54
7,1,2026-05-05,277.37
18,1,2026-05-25,210.76
4,22,2026-04-16,74.17
1,2187,2026-04-05,185.04
4,981,2026-05-23,340.51
21,155,2026-03-09,265.67
1,10,2026-07-11,411.37
5,10,2026-03-18,76.95
1,9,2026-01-11,214.09
16,3,2026-04-01,10.46
4,6,2026-01-24,62.32
98,12,2026-03-16,165.89
1,1,2026-01-21,468.98
1,3,2026-01-19,27.38
25,11,2026-05-02,170.16
51,1,2026-05-01,192.69
50,1,2026-02-21,61.87
2,6,2026-08-10,277.42
1,2,2026-02-14,288.96
13,2,2026-08-19,280.07
2,1,2026-07-01,201.86
36,17,2026-03-20,221.08
2,2,2026-05-02,399.77
2,1,2026-04-02,19.95
11,3,2026-06-04,13.96
2,1,2026-02-12,19.06
1,38,2026-04-10,147.79
11,4,2026-07-09,223.15
2,974,2026-05-02,208.61
11,4,2026-03-14,123.71
1,182,2026-03-27,374.98
4,21,2026-03-22,46.86
1,3,2026-06-15,334.84
1,83,2026-03-23,35.08
1,3,2026-04-27,69.53
3,13,2026-04-03,365.2
1,1,2026-04-22,452.05
27,16,2026-08-10,169.68
10,1,2026-03-08,460.13
68,462,2026-05-15,284.83
19,3,2026-07-11,488.57
17,3,2026-03-04,177.27
4587,34,2026-02-07,349.23
5,14,2026-08-23,213.48
155,51,2026-03-13,273.4
149,1,2026-05-01,414.71
22,1,2026-07-23,197.07
8,2,2026-08-04,378.57
5,8,2026-08-21,21.32
8,4,2026-05-02,374.91
501,5,2026-04-02,134.07
157,24,2026-03-01,12.65
1,1,2026-04-10,181.35
948,248,2026-08-06,134.21
7,65,2026-04-16,33.9
19,3,2026-06-11,104.13
3,2,2026-02-21,216.38
2,1,2026-03-20,488.33
1,2,2026-08-01,98.61
1,26,2026-02-13,492.26
5,1,2026-01-09,305.11
3,61,2026-02-03,32.89
1,113,2026-06-10,429.94
2,7,2026-01-11,243.27
5,55,2026-04-23,359.14
11,14,2026-01-28,145.23
19,1,2026-07-25,166.44
1,3,2026-08-08,418.65
105,20,2026-07-08,69.14
5,4,2026-01-04,197.46
4,1,2026-06-18,100.04
2,3,2026-01-26,395.77
16,47,2026-04-24,86.86
14,39,2026-01-20,232.39
26,4,2026-04-10,200.19
2,46,2026-01-11,458.88
1,9,2026-02-18,89.97
3,119,2026-04-09,158.19
5,14,2026-06-02,364.41
1,1,2026-05-05,440.37
2,38,2026-05-12,171.74
1384,144,2026-05-14,326.31
1,203,2026-05-06,328.23
1,6,2026-08-24,119.82
5,2,2026-04-20,411.71
9,2,2026-04-12,420.58
7,162,2026-01-14,324.92
2,4,2026-08-23,183.46
1,7,2026-04-04,374.25
763,242,2026-01-10,458.36
104,1061,2026-02-03,254.13
1,200,2026-01-27,50.7
133,1,2026-06-14,430.5
7,1,2026-07-20,121.74
7,8,2026-02-28,11.52
2636,3,2026-07-13,226.24
1,4,2026-04-09,352.11
106,72,2026-04-27,64.88
1,782,2026-08-06,477.43
3,1,2026-08-05,238.01
2,11,2026-07-24,266.13
2,2,2026-04-24,249.04
2,28,2026-07-12,364.1
1,30,2026-02-11,426.74
1,7,2026-01-06,176.62
3,1,2026-04-17,366.1
3,41,2026-07-20,426.23
3,38,2026-04-15,331.11
12,3,2026-08-03,309.78
17,50,2026-05-17,260.01
135,1,2026-05-06,199.27
1,5,2026-07-09,50.45
1,177,2026-08-13,198.65
6,7,2026-06-03,154.23
110,3,2026-06-08,196.1
4,3,2026-01-27,468.15
8,3,2026-01-11,90.14
3,2,2026-04-09,266.2
4,1,2026-08-01,370.32
9,8,2026-01-26,175.16
14,1,2026-05-08,174.85
2,1,2026-04-01,24.79
1,1,2026-06-19,16.49
418,20,2026-06-14,139.8
1,108,2026-02-25,115.84
6,1,2026-06-15,365.23
4,14,2026-08-01,419.23
12,19,2026-02-19,60.1
1,34,2026-04-02,347.76
1,1,2026-06-11,280.16
189,247,2026-08-17,199.98
93,6,2026-08-27,101.07
4,1967,2026-02-04,12.41
1,1,2026-08-16,225.83
694,11,2026-02-07,207.66
109,59,2026-06-06,481.39
1,1,2026-06-08,29.14
483,6,2026-06-14,400.91
3,1,2026-07-19,8.51
1,7,2026-05-10,154.84
4,22,2026-03-26,67.17
66,15,2026-07-21,390.66
1,2,2026-04-22,56.94
1,6,2026-02-11,282.72
572,7,2026-07-02,28.94
1,2,2026-02-06,31.09
1,1,2026-06-21,170.35
2,3,2026-04-17,253.78
5,7,2026-02-06,124.91
4,10,2026-04-07,474.85
7,30,2026-01-13,241.0
8,3,2026-07-18,242.76
123,12,2026-05-11,426.64
10,1,2026-03-14,265.16
6,416,2026-07-21,441.08
2,7,2026-05-01,444.26
2436,5,2026-03-28,49.01
1,6,2026-01-14,47.71
1,40,2026-08-04,412.95
1,2,2026-07-09,99.97
3,3,2026-05-05,414.31
9,554,2026-07-27,366.73
1,163,2026-03-28,22.48
52,1,2026-02-04,458.97
103,1,2026-02-28,259.7
14,2,2026-07-09,469.11
6,11,2026-04-15,241.2
8,5,2026-04-28,422.68
1,212,2026-06-16,275.25
4,2,2026-03-23,275.69
8,2,2026-04-12,381.96
76,1,2026-02-04,287.21
1,2,2026-03-03,137.76
3,2,2026-03-12,264.75
14,1,2026-08-13,280.73
1,11,2026-04-14,301.51
5,56,2026-04-09,295.87
9,46,2026-01-14,216.6
1,192,2026-07-15,265.67
23,1,2026-03-27,261.49
6,5,2026-06-18,140.18
2370,20,2026-04-12,198.82
182,1,2026-06-28,172.41
22,14,2026-05-02,187.87
109,3,2026-03-23,140.31
21,20,2026-02-11,202.9
1,1,2026-02-02,388.32
1,37,2026-08-10,268.81
1,1363,2026-08-12,285.64
21,36,2026-04-11,210.31
9,5,2026-03-17,212.51
5,3,2026-03-13,156.53
2,1,2026-07-15,132.68
1,215,2026-05-15,471.92
77,3,2026-02-27,105.47
12,2,2026-03-18,464.41
1,3,2026-07-07,418.83
5,5,2026-03-26,247.03
9,1,2026-04-03,250.08
23,3,2026-04-15,451.27
72,1,2026-02-20,396.67
1,15,2026-01-28,438.25
3,1,2026-05-23,306.96
6,6,2026-02-11,162.6
100,1,2026-08-13,264.48
2,2,2026-05-22,415.49
1,1,2026-03-16,150.67
26,93,2026-04-03,120.84
21,7,2026-02-11,32.65
58,1,2026-05-21,78.18
1,1,2026-07-08,50.34
2,10,2026-05-17,453.02
1,45,2026-02-12,84.14
54,221,2026-04-13,304.74
2,10,2026-01-18,277.23
28,1,2026-04-05,50.5
51,2,2026-07-08,121.34
14,2,2026-03-12,424.05
148,380,2026-04-16,12.36
1,3,2026-05-19,366.39
41,9,2026-07-21,191.31
2,22,2026-02-09,449.48
288,406,2026-07-05,287.09
2,10,2026-02-07,343.52
1,3,2026-06-10,56.76
6,2,2026-05-02,239.09
2,2688,2026-06-03,352.77
3,1,2026-01-04,335.81
28,61,2026-05-15,277.75
6,1,2026-07-07,143.21
6,147,2026-06-07,41.64
7,2,2026-01-14,289.85
2,193,2026-06-09,250.44
1,3,2026-05-07,463.08
260,2,2026-07-28,42.65
3,1,2026-05-06,126.47
1,4,2026-07-20,33.15
27,88,2026-04-21,211.2
34,161,2026-03-20,298.01
8,2,2026-01-11,56.56
2,3,2026-02-01,86.84
228,5,2026-06-20,437.84
12,2,2026-06-21,295.76
3,7,2026-06-11,292.98
17,86,2026-05-10,224.34
1,6,2026-03-02,430.72
51,22,2026-01-05,390.94
1,4,2026-05-20,261.67
2,14,2026-05-22,335.92
46,6,2026-04-10,279.41
1212,1,2026-01-24,335.83
27,7,2026-06-14,114.17
1,19,2026-04-11,211.54
2,2,2026-04-26,437.69
230,2,2026-02-14,444.01
1,1,2026-04-08,406.59
124,21,2026-05-11,54.5
1,45,2026-07-05,370.05
10,14,2026-06-24,440.39
11,2,2026-06-04,11.79
33,2,2026-01-24,361.62
1,1,2026-02-21,377.46
1,2,2026-07-12,52.83
1,3,2026-07-13,320.85
123,142,2026-06-24,194.92
79,5,2026-05-14,44.87
3,648,2026-03-20,449.51
1,1,2026-08-03,459.17
6938,44,2026-06-08,290.21
42,1,2026-02-26,483.4
3,15,2026-04-11,493.93
1,1,2026-05-07,297.78
43,1,2026-01-20,218.76
39,138,2026-06-13,165.13
4,8,2026-03-05,278.6
12,10,2026-07-21,380.68
29,1,2026-04-23,51.69
7,8,2026-07-05,224.13
4,17,2026-08-28,93.13
1,4,2026-05-28,117.91
3,1,2026-03-27,87.16
2,44,2026-06-26,247.8
1,86,2026-02-15,135.2
50,1,2026-07-10,489.48
1,84,2026-02-21,453.44
3,1,2026-02-08,71.77
47,118,2026-05-22,17.0
111,1,2026-01-25,287.4
1,3,2026-03-20,111.79
31,3,2026-04-07,423.13
16,10,2026-01-21,186.21
3,1,2026-04-27,415.52
2,1,2026-06-03,69.34
1,5,2026-02-06,157.64
3,2,2026-04-01,267.88
2,1150,2026-06-03,467.89
4,53,2026-02-20,266.99
4,18,2026-05-02,405.65
2,117,2026-07-05,265.97
3,3,2026-08-18,445.57
4,1,2026-01-01,326.45
35,1,2026-06-11,274.28
18,1,2026-06-17,131.05
213,919,2026-06-15,397.54
102,5,2026-05-09,464.68
41,7,2026-03-25,26.73
201,1,2026-07-08,14.44
978,13,2026-02-05,79.63
2,7,2026-08-06,386.24
4,8,2026-01-26,255.26
1,21,2026-01-13,8.01
5,14,2026-07-28,474.16
2,1,2026-01-28,444.57
1,1,2026-06-01,281.44
13,75,2026-01-21,44.6
1,7,2026-02-28,202.33
8,2,2026-05-28,477.03
1,6,2026-08-05,209.64
65,78,2026-05-02,50.53
3,84,2026-03-08,288.57
2,39,2026-04-24,132.21
2,3,2026-05-22,430.85
17,2,2026-01-18,245.86
2,25,2026-06-27,150.32
11,397,2026-07-26,6.35
2,12,2026-08-24,445.93
10,3,2026-07-16,253.44
315,20,2026-06-20,470.95
10,166,2026-05-16,179.55
2,2,2026-01-27,74.72
23,1,2026-03-12,26.77
1,1,2026-01-11,449.19
2,30,2026-07-21,20.05
16,9,2026-01-21,387.61
1,8,2026-08-15,354.96
1,21,2026-06-14,260.78
2,6,2026-06-05,278.57
2,1,2026-03-15,71.1
5,17,2026-01-27,277.99
1,1,2026-08-06,344.43
1,11,2026-05-05,331.81
11,1,2026-02-25,414.54
235,1,2026-05-07,147.19
2351,1,2026-02-25,33.66
1,10,2026-07-11,343.61
4,290,2026-05-07,79.15
2,19,2026-07-26,209.21
4,24,2026-08-12,125.14
2,9,2026-08-26,119.74
3,3,2026-08-21,290.5
76,1631,2026-01-20,301.6
22,22,2026-08-25,431.09
14,2,2026-02-24,248.38
1,47,2026-02-14,431.74
1,2,2026-04-23,111.59
3,525,2026-01-11,108.82
44,11,2026-03-08,453.66
1,12,2026-05-07,450.26
7,1441,2026-01-20,429.63
1,231,2026-08-05,344.13
1,1,2026-07-19,193.44
2632,4,2026-04-21,91.13
1,2,2026-02-01,386.12
229,130,2026-02-13,176.88
6,4,2026-05-27,475.18
3,2,2026-02-16,76.55
2,6,2026-01-24,169.37
1,2,2026-07-04,379.44
2,385,2026-06-14,260.85
1,3,2026-03-15,427.85
758,122,2026-05-28,311.58
29,1,2026-02-05,153.85
10,6,2026-01-20,484.64
48,37,2026-03-12,452.22
10,1,2026-07-17,481.74
1,141,2026-03-08,323.6
32,36,2026-08-01,333.96
364,4,2026-07-15,84.54
6,2,2026-08-14,9.48
5516,106,2026-01-07,291.96
2,2253,2026-05-27,285.06
12,3,2026-01-24,282.65
6,7,2026-08-07,127.37
2,1,2026-06-03,130.76
2,3,2026-07-13,305.14
141,27,2026-06-27,272.04
1,3,2026-05-24,25.7
1,11,2026-01-14,110.94
2,3,2026-04-11,302.03
2,4,2026-03-18,182.72
1,3,2026-03-10,54.12
297,175,2026-02-07,47.64
1,6,2026-01-24,279.62
127,2,2026-06-18,495.35
1,4,2026-03-21,149.04
1,1,2026-02-15,275.75
15,1960,2026-01-23,316.14
263,13,2026-03-12,276.2
28,129,2026-08-25,223.58
153,1,2026-04-28,153.55
156,47,2026-08-12,173.46
1,265,2026-07-20,352.26
31,24,2026-01-27,93.96
2,10,2026-02-22,294.28
3,6,2026-02-19,240.46
2,37,2026-02-06,370.09
27,2,2026-05-08,446.66
23,1,2026-04-21,435.06
1,1,2026-06-22,139.92
1,861,2026-05-14,8.42
15,3,2026-07-15,93.39
1569,4,2026-02-14,76.94
78,2,2026-03-28,224.08
2,3,2026-01-02,55.42
1,6,2026-02-18,428.25
138,5,2026-08-03,348.19
3,18,2026-03-10,406.95
484,1,2026-06-05,108.36
1,3,2026-08-08,445.03
2,1,2026-01-20,372.7
5,9,2026-07-19,69.06
2,1206,2026-01-12,69.36
2,3,2026-06-15,385.73
460,5,2026-06-05,179.72
6,1,2026-05-23,338.58
3,61,2026-03-02,286.32
170,3,2026-03-15,442.64
10,3,2026-06-08,23.87
1,9,2026-03-26,267.82
1,1,2026-06-13,63.39
1,5,2026-02-12,222.41
57,3,2026-03-09,47.98
1,9,2026-02-03,336.59
33,13,2026-05-11,464.17
5,35,2026-06-21,456.31
11,110,2026-04-09,29.28
3,2,2026-04-17,23.51
875,1,2026-04-14,279.44
117,1,2026-02-17,89.83
1,2,2026-02-01,297.33
1,1,2026-02-25,236.36
24,2,2026-01-26,370.68
10,8,2026-01-18,300.93
1,18,2026-06-26,109.31
74,1,2026-04-08,258.76
1752,27,2026-05-18,278.11
2,15,2026-08-26,78.65
2,61,2026-03-23,357.65
23,1,2026-06-26,431.48
6,3,2026-08-21,351.86
1,5,2026-01-19,247.47
2,20,2026-01-24,49.46
27,32,2026-01-10,46.1
1,1,2026-02-23,364.36
84,12,2026-04-19,397.43
28,1,2026-06-22,445.45
80,55,2026-04-10,208.98
4,1215,2026-04-19,480.28
119,1,2026-05-03,61.11
11,80,2026-06-01,477.4
6,1,2026-01-05,37.85
59,18,2026-04-01,319.86
1,1,2026-07-12,384.69
20,15,2026-06-17,163.57
10,1,2026-08-19,360.54
3,6,2026-07-01,119.24
2,1,2026-03-14,482.21
1,1,2026-01-18,171.13
37,4,2026-01-17,328.96
1,2,2026-04-04,437.16
1,2,2026-07-12,205.0
22,1,2026-03-07,25.62
40,48,2026-07-05,80.01
4,20,2026-08-11,472.46
2,60,2026-01-14,438.77
7,1,2026-01-28,231.4
5,1,2026-04-23,303.52
1,37,2026-02-16,139.48
2,1168,2026-04-23,215.45
16,1,2026-02-11,263.68
1350,3,2026-06-23,303.31
188,12,2026-01-01,459.48
2,52,2026-03-27,357.31
30,3,2026-04-23,157.25
8,7,2026-08-15,441.31
669,33,2026-06-16,139.34
67,516,2026-01-15,401.56
1,1,2026-04-13,296.34
2,2085,2026-05-19,232.91
54,4,2026-03-22,131.13
2,1,2026-06-16,153.39
23,5,2026-01-15,275.93
384,1,2026-04-05,448.2
204,2,2026-01-08,294.1
2,1,2026-06-27,348.55
55,41,2026-03-26,101.8
2,6,2026-03-09,481.61
278,1,2026-06-05,236.19
5,1,2026-05-02,415.17
3,7,2026-08-18,50.12
1,303,2026-01-16,104.39
6,4,2026-02-10,75.79
1,14,2026-02-11,287.52
4,1,2026-03-15,292.34
8,2,2026-08-14,450.11
5,15,2026-06-05,131.0
1,8,2026-02-11,267.96
2,1,2026-02-24,79.36
31,1,2026-02-24,307.73
7,1,2026-05-21,90.08
6,1,2026-03-21,361.14
2,979,2026-06-11,18.39
10,13,2026-02-04,191.46
3,1,2026-03-25,281.57
56,32,2026-05-27,242.21
2,4,2026-08-22,439.18
8,45,2026-04-11,384.74
5,1,2026-04-26,56.75
2,56,2026-08-06,113.2
10,6,2026-04-08,246.04
2162,1,2026-02-21,72.38
55,34,2026-05-22,400.85
9,2,2026-03-01,28.39
1,6,2026-03-18,122.34
63,2,2026-06-14,42.59
10,17,2026-03-28,385.06
3,1,2026-02-26,347.92
1,1,2026-01-10,257.94
1,1,2026-01-19,197.19
13,1,2026-06-03,451.1
1,3,2026-05-04,428.88
1,1,2026-08-12,486.78
3,2,2026-01-22,356.02
231,1784,2026-03-18,20.67
51,35,2026-01-07,461.54
1,1,2026-05-24,133.43
7,4,2026-04-23,371.43
2,3,2026-05-19,59.49
61,9,2026-06-25,299.18
2,5,2026-05-10,493.46
1,56,2026-02-15,75.66
218,11,2026-08-11,134.03
17,616,2026-04-19,402.72
1,20,2026-02-21,470.03
1,4,2026-06-07,19.07
1,17,2026-03-26,336.12
3,2,2026-04-02,249.22
1,9,2026-01-14,165.51
2,29,2026-03-17,448.02
1,3,2026-04-11,221.02
2,20,2026-03-16,167.08
36,19,2026-06-03,446.41
2,11,2026-04-23,199.03
49,23,2026-05-14,229.02
63,3,2026-08-13,127.18
9,55,2026-04-22,288.51
21,66,2026-04-04,300.1
6,2,2026-06-26,150.11
14,4,2026-06-13,422.23
26,2,2026-03-05,106.38
1,9,2026-06-23,336.35
548,2,2026-07-05,196.55
2,71,2026-04-18,167.22
1,1,2026-04-26,254.78
6,28,2026-03-28,184.18
1,1,2026-05-22,182.4
5,3,2026-06-16,53.28
5,18,2026-03-11,165.38
7,6,2026-03-02,190.53
15,15,2026-02-25,473.48
56,4,2026-06-04,65.46
7,4,2026-04-27,366.47
50,1,2026-02-28,155.19
3,36,2026-02-16,61.58
213,90,2026-04-09,478.82
25,1,2026-02-23,77.6
1,36,2026-08-17,247.93
17,6,2026-01-19,477.38
16,18,2026-05-13,364.12
17,1,2026-06-06,416.44
47,75,2026-04-27,222.48
1,1,2026-06-05,493.96
2,4,2026-05-26,260.2
7,1,2026-03-01,284.47
1,18,2026-03-06,239.44
1,25,2026-08-28,231.19
386,24,2026-05-02,478.27
13,7,2026-05-13,452.32
1,1,2026-08-24,428.48
5,54,2026-02-04,48.54
182,42,2026-05-02,206.6
4878,9,2026-05-13,337.93
6026,8,2026-04-15,201.72
1,1,2026-06-04,28.1
1,1,2026-01-11,239.23
12,2,2026-05-27,23.32
1,27,2026-05-06,46.37
63,7,2026-03-01,261.25
7,14,2026-07-05,110.11
189,1,2026-07-19,374.34
1,6,2026-03-18,37.71
11,273,2026-03-02,348.36
1,1,2026-01-07,487.74
1,79,2026-05-27,202.63
2,4,2026-08-28,10.64
107,1,2026-08-13,339.56
2,1,2026-02-24,329.84
1,1,2026-03-16,258.37
2,1,2026-02-01,453.98
1,3,2026-07-06,15.75
1,216,2026-05-08,242.32
1,42,2026-06-11,493.1
2,33,2026-02-24,470.96
3,1,2026-08-23,16.05
62,1,2026-06-20,412.39
2,2,2026-05-21,67.05
1,7,2026-03-10,279.83
2,2,2026-08-19,495.28
3,3,2026-02-13,75.18
1,15,2026-07-01,337.45
1,43,2026-06-24,178.35
1,1,2026-06-04,270.84
1,1,2026-08-11,177.02
82,17,2026-01-19,295.84
9,27,2026-01-28,11.02
1,1,2026-08-26,28.89
2175,537,2026-01-01,315.79
43,2,2026-03-16,72.01
1,584,2026-03-16,24.03
83,1,2026-05-10,442.53
61,31,2026-02-12,253.21
15,1,2026-02-22,25.66
3,1,2026-04-12,132.7
1,19,2026-01-04,438.87
15,1,2026-07-23,331.72
1,6,2026-06-05,491.55
98,2,2026-06-20,438.06
1952,18,2026-06-05,437.98
59,1,2026-02-25,155.37
108,62,2026-08-06,95.88
90,2,2026-08-22,219.72
2,24,2026-02-21,460.88
1,4,2026-03-02,459.49
41,1,2026-02-10,429.43
1,26,2026-03-13,209.73
42,353,2026-02-18,283.65
3906,1,2026-08-24,249.99
4,20,2026-08-08,489.55
3,1,2026-05-19,339.49
14,2,2026-03-06,223.07
3,2,2026-08-15,157.15
6,46,2026-01-13,148.69
3,40,2026-05-15,44.7
207,10,2026-05-24,355.33
6,437,2026-02-05,397.2
4,24,2026-07-07,141.84
1,27,2026-06-09,170.05
23,2,2026-01-05,476.53
1,1,2026-06-18,18.99
30,1,2026-07-28,350.34
1,1,2026-03-19,314.37
1,23,2026-06-23,145.14
116,2,2026-04-25,76.39
4,5,2026-05-08,440.45
2,1,2026-01-04,370.63
43,1,2026-05-12,322.1
10,2,2026-05-27,455.75
2,8,2026-02-04,179.33
326,7,2026-02-02,451.73
21,6,2026-03-02,232.07
1,1,2026-07-02,7.74
4,4,2026-04-13,375.67
12,1,2026-07-25,89.06
47,5,2026-01-16,401.75
21,1,2026-05-02,178.91
21,8,2026-07-16,195.56
1,834,2026-01-03,77.7
1,5,2026-04-06,388.67
284,2,2026-05-21,347.5
8,2,2026-07-17,100.57
13,1,2026-01-20,291.19
1,2,2026-04-11,497.15
59,1,2026-02-06,300.45
18,2,2026-06-14,345.19
37,11,2026-02-20,108.73
1,82,2026-01-27,356.31
11,42,2026-01-25,348.42
7,10,2026-03-11,76.33
9,22,2026-03-28,297.19
7,1,2026-06-01,158.65
134,1,2026-03-20,50.39
4,2,2026-01-02,420.16
7,160,2026-06-16,264.98
6,17,2026-04-11,24.96
7,1,2026-06-21,27.82
3,1,2026-04-02,324.95
1,34,2026-07-28,197.61
1,61,2026-06-12,204.01
2,98,2026-04-03,390.68
1,1,2026-07-06,247.49
12,1172,2026-02-27,325.88
36,3,2026-05-27,13.91
1,4,2026-04-17,144.08
358,32,2026-07-07,259.0
1,1,2026-01-25,252.47
4,1,2026-07-03,69.73
10,10,2026-04-15,285.03
1,61,2026-03-24,213.8
78,244,2026-08-02,11.87
2,11,2026-04-27,309.02
309,1,2026-05-13,263.16
15,31,2026-02-15,263.92
22,19,2026-07-09,79.08
131,5,2026-07-24,46.77
1,23,2026-04-01,308.62
105,554,2026-04-14,16.61
2,1,2026-03-08,39.91
1,1,2026-06-20,435.17
2,6,2026-08-25,72.14
3,1,2026-06-28,301.46
2,207,2026-04-01,304.01
5,4,2026-04-27,442.32
92,1015,2026-02-07,84.5
2,3,2026-03-10,419.7
1,1,2026-08-19,438.4
5,1,2026-03-13,333.55
754,62,2026-02-10,115.55
188,3,2026-08-27,362.82
2,4,2026-03-10,243.85
105,9,2026-05-02,214.66
9,7,2026-06-23,362.28
18,40,2026-03-12,336.51
1,86,2026-01-06,425.83
9,7,2026-06-16,169.05
1333,7,2026-01-06,405.96
940,5,2026-04-07,289.24
28,3,2026-08-11,277.93
12,1,2026-04-01,339.96
1,2,2026-05-27,11.6
37,12,2026-02-22,352.44
144,7,2026-05-28,122.69
1,1,2026-01-10,329.47
8,15,2026-03-27,56.77
4,768,2026-01-27,454.86
660,12,2026-05-11,271.0
16,3,2026-04-13,155.06
1,1,2026-01-19,52.92
50,2,2026-06-28,401.78
1,80,2026-01-15,69.29
4725,1,2026-07-09,37.87
4,8,2026-05-15,350.86
3,78,2026-05-28,188.57
7,55,2026-05-06,460.74
9,4,2026-02-18,433.96
10,1520,2026-03-01,375.91
77,4,2026-08-08,480.44
2,3,2026-07-23,306.4
2,9,2026-03-28,204.43
3,1,2026-01-12,238.58
1,4,2026-08-22,313.02
59,2,2026-02-23,134.47
1,12,2026-06-15,431.98
241,6,2026-02-08,424.34
17,30,2026-02-17,17.68
678,1,2026-04-03,395.97
5,5,2026-03-27,466.73
19,1,2026-05-02,99.33
1,4,2026-02-16,332.37
27,5,2026-01-12,28.69
2,20,2026-06-28,26.55
67,1,2026-08-21,277.28
1,1,2026-08-02,240.83
1,9,2026-06-15,231.27
5,1,2026-04-15,218.65
3,1,2026-03-23,114.1
12,765,2026-01-04,5.48
230,725,2026-03-10,62.31
31,1,2026-03-25,306.97
1,1,2026-07-27,46.45
5,20,2026-01-22,331.57
5,2,2026-05-19,492.28
22,1,2026-04-14,478.71
1,23,2026-06-18,180.81
1,2,2026-05-19,48.91
223,1,2026-08-26,93.61
7,27,2026-02-11,464.13
37,4,2026-02-10,219.46
6,21,2026-07-20,238.76
7,1,2026-03-15,150.51
3,29,2026-07-27,403.91
5,1,2026-06-19,140.07
4,1,2026-07-12,88.28
3,1,2026-03-13,424.77
18,3,2026-06-28,442.61
41,1,2026-05-06,492.19
2,3,2026-07-10,234.36
1,1,2026-08-07,146.86
4,17,2026-08-18,129.93
3,16,2026-01-25,286.02
1,1,2026-04-08,480.0
4,21,2026-04-01,124.47
3,4,2026-01-18,358.46
3,1,2026-06-18,239.18
23,34,2026-07-12,257.21
3,11,2026-08-25,26.47
1,123,2026-01-02,23.97
11,2,2026-08-10,497.71
1,4,2026-08-04,445.8
6,4,2026-01-22,486.67
1,18,2026-05-22,23.26
1,3,2026-08-25,285.02
23,3,2026-08-06,164.61
9,4,2026-06-22,184.62
1,1,2026-05-15,439.12
1,156,2026-03-12,39.21
3,14,2026-01-20,285.57
24,1,2026-02-11,84.67
51,1,2026-07-23,478.78
2,6,2026-07-25,128.14
15,2,2026-03-13,196.11
11,105,2026-05-02,130.74
12,20,2026-04-12,183.45
1,7,2026-05-11,148.8
1,14,2026-02-15,349.2
19,1,2026-05-14,21.34
1,1,2026-08-12,451.12
4,185,2026-03-27,264.07
6,2,2026-01-21,314.41
2,4,2026-07-04,411.37
80,10,2026-02-03,302.82
1,1,2026-04-23,268.02
5,44,2026-06-25,301.19
23,158,2026-03-18,338.21
1,8,2026-02-25,107.56
42,3,2026-03-21,48.37
1,41,2026-03-18,242.49
1,3,2026-05-11,136.01
1,3,2026-03-01,324.78
1,2,2026-01-06,457.11
16,2,2026-06-23,261.64
47,4,2026-07-18,74.01
35,14,2026-07-23,26.81
2,1,2026-04-09,376.42
11,12,2026-03-08,174.64
66,23,2026-03-15,352.16
78,4,2026-04-12,357.8
7,1,2026-03-13,100.95
255,1915,2026-02-06,319.14
63,3,2026-01-02,44.61
28,115,2026-04-20,424.27
219,8,2026-05-09,473.84
32,2,2026-05-14,267.65
62,1,2026-05-24,259.76
26,55,2026-07-03,49.33
1,3,2026-07-07,91.84
3,2,2026-04-01,340.95
1,34,2026-02-28,119.8
6,49,2026-02-03,168.55
26,9,2026-04-11,236.58
43,25,2026-04-17,368.67
1,1,2026-07-14,166.07
4,2533,2026-01-18,61.12
41,44,2026-08-03,158.16
1,1,2026-03-24,99.94
1,11,2026-07-02,275.39
3,137,2026-08-17,184.98
1,4,2026-02-22,161.31
14,3,2026-02-06,209.7
2,5,2026-04-08,113.18
1378,152,2026-07-28,33.58
277,2,2026-01-25,202.31
5,1,2026-05-04,495.57
2,277,2026-04-23,427.56
8,716,2026-06-12,24.04
3,6,2026-03-06,352.12
19,6,2026-02-17,460.9
56,111,2026-08-20,426.27
87,1,2026-03-18,69.58
16,3,2026-02-17,194.27
5,4,2026-03-28,127.18
38,24,2026-03-28,101.53
1,25,2026-05-28,493.93
6,73,2026-01-16,201.96
1,514,2026-01-17,174.87
34,204,2026-03-02,348.51
10,51,2026-02-27,496.6
19,1,2026-08-07,429.82
307,27,2026-01-04,465.82
69,206,2026-08-04,499.12
2,28,2026-01-08,115.44
1,14,2026-02-05,261.13
1,1,2026-01-16,196.3
31,121,2026-03-06,317.31
18,154,2026-03-25,181.25
8,4,2026-01-26,33.53
28,1,2026-03-25,158.76
67,6,2026-05-07,26.37
180,10,2026-07-14,296.1
2,9,2026-07-03,97.95
304,3,2026-08-04,441.78
80,8,2026-07-02,40.49
90,47,2026-03-27,288.69
3018,193,2026-07-18,333.11
1,3,2026-04-03,230.87
1,17,2026-08-07,387.21
10,4,2026-05-22,241.6
61,5,2026-06-11,312.37
4,17,2026-03-27,162.96
9,17,2026-01-20,435.32
1,35,2026-05-11,65.5
9,6,2026-08-11,99.1
4,3,2026-05-13,45.91
3,2,2026-07-01,173.56
1,7,2026-02-20,391.15
2,17,2026-07-21,295.56
3,1,2026-05-14,121.8
1,1,2026-06-01,11.59
14,37,2026-05-02,277.92
1,6,2026-07-10,328.41
6,787,2026-07-27,10.56
1,1,2026-02-09,192.86
10,494,2026-02-19,297.34
748,1,2026-05-17,467.39
3,16,2026-03-03,339.38
1440,9,2026-03-23,292.14
1613,84,2026-04-23,267.74
28,24,2026-03-13,486.04
1,1,2026-03-02,338.4
6,494,2026-06-23,277.99
2,4,2026-06-22,120.85
5,24,2026-03-08,364.85
1,4,2026-02-20,91.87
1,48,2026-03-23,253.49
21,2,2026-05-16,345.25
24,23,2026-05-25,165.6
3,1,2026-06-01,46.27
16,10,2026-03-27,270.28
1,56,2026-04-27,321.08
33,4,2026-08-19,200.65
17,2,2026-05-01,179.18
2,1,2026-05-02,365.12
1,3,2026-03-16,496.16
20,1,2026-06-12,67.66
1,2,2026-05-28,390.94
17,7,2026-07-05,323.58
75,1,2026-07-02,208.38
2,442,2026-06-14,315.78
159,63,2026-05-25,418.32
16,22,2026-06-17,364.92
2,1,2026-04-20,424.5
12,1,2026-02-13,100.25
80,140,2026-01-05,451.92
1,5,2026-04-28,89.37
3,1,2026-04-13,453.27
3,5,2026-01-01,457.12
8,3,2026-05-18,416.56
5,131,2026-06-17,48.63
1,24,2026-01-19,364.26
17,4,2026-07-28,18.09
8,45,2026-08-21,343.94
8,1,2026-05-14,28.48
2289,2,2026-02-18,319.06
13,10,2026-04-21,258.17
1,1,2026-07-07,103.3
15,1,2026-06-04,436.59
183,1,2026-02-09,488.95
2,239,2026-07-13,446.63
2,250,2026-01-19,227.86
2,7,2026-01-22,215.83
1,2,2026-01-22,361.74
47,7,2026-07-06,137.29
10,37,2026-03-04,351.76
5541,4,2026-04-09,107.63
89,42,2026-08-22,86.41
5,31,2026-06-04,127.0
1,3,2026-06-13,341.84
1,1,2026-02-02,312.15
7,17,2026-08-15,243.27
1,2,2026-03-02,498.27
1,9,2026-02-11,381.77
28,1,2026-04-28,296.72
11,1,2026-03-25,62.0
8,691,2026-05-27,411.23
1,118,2026-06-07,433.58
10,2,2026-06-03,25.96
2,3,2026-01-28,83.12
215,16,2026-01-12,399.1
1,9,2026-06-08,123.5
5,2,2026-04-02,414.99
1,2,2026-08-06,296.59
98,1014,2026-07-10,215.14
6,2,2026-05-15,207.79
1,1,2026-01-04,25.85
1,20,2026-06-19,425.18
2,31,2026-07-21,123.98
1,229,2026-05-20,119.01
85,10,2026-06-10,242.06
3,2,2026-02-20,15.67
788,1,2026-07-22,79.67
68,252,2026-03-20,207.78
86,25,2026-01-23,469.46
2,126,2026-05-20,334.52
169,2,2026-01-03,40.16
388,21,2026-03-18,234.13
2,752,2026-05-25,347.0
5,2,2026-06-18,377.46
1,1,2026-03-05,31.98
16,2,2026-07-11,119.95
42,2,2026-05-27,57.33
29,162,2026-03-24,183.35
1,56,2026-05-12,349.6
1,4,2026-07-15,221.67
21,4,2026-08-23,124.73
2,1,2026-07-24,432.04
5,2,2026-04-17,94.29
13,7,2026-06-12,38.64
2,5,2026-04-16,257.0
1374,5,2026-07-09,371.51
2,1,2026-05-05,111.03
10,1,2026-05-18,117.03
2,9,2026-07-25,273.82
310,3,2026-02-27,278.66
16,15,2026-08-21,358.59
26,1,2026-03-27,43.78
8,5,2026-06-21,303.16
2,18,2026-05-05,485.68
2,5,2026-08-11,118.37
1,2,2026-03-02,298.5
160,16,2026-04-17,393.62
216,200,2026-06-24,397.27
845,2,2026-06-17,160.62
1,91,2026-04-14,269.97
4,1,2026-05-05,464.26
2126,2,2026-06-24,445.26
1,27,2026-08-18,137.94
1,1,2026-03-28,194.04
54,2,2026-07-23,91.69
1,2,2026-01-08,46.27
2,15,2026-07-01,347.62
32,1,2026-07-18,274.95
235,16,2026-04-22,405.79
159,12,2026-04-11,287.15
180,7,2026-05-15,156.98
1,7,2026-08-16,448.95
1,2,2026-05-11,182.07
3,5,2026-03-24,93.27
1,28,2026-01-24,103.8
17,1307,2026-08-19,106.26
452,8,2026-06-17,197.99
367,20,2026-06-11,470.47
1,51,2026-02-24,422.52
8,7,2026-01-14,148.69
15,3,2026-04-28,474.42
12,4,2026-07-16,380.01
740,2,2026-04-25,230.09
18,7,2026-01-17,69.43
622,6,2026-02-22,262.67
431,1,2026-08-02,409.67
3,23,2026-01-21,290.13
53,12,2026-05-28,252.69
7,2,2026-01-18,333.38
1,22,2026-02-24,27.37
1,7,2026-03-05,367.65
2,9,2026-04-02,128.71
14,1,2026-03-16,440.57
95,8,2026-06-14,259.83
1374,4,2026-08-22,171.45
1,111,2026-02-02,294.91
2,1,2026-06-08,439.52
11,6,2026-03-01,205.72
1,4,2026-03-22,268.24
4,13,2026-01-02,58.44
1,262,2026-01-17,273.89
3,5,2026-07-04,248.25
217,4,2026-08-19,468.45
216,61,2026-01-22,221.27
3,1,2026-07-16,202.1
20,18,2026-03-04,453.87
1,1,2026-04-25,483.18
2,2,2026-07-09,352.27
1,3,2026-03-23,174.82
337,73,2026-02-04,208.39
2,1,2026-06-13,447.54
5,7,2026-02-03,334.05
151,9,2026-06-06,95.46
2,1,2026-06-01,180.49
125,14,2026-07-19,127.68
1,7,2026-08-07,29.78
1,13,2026-08-13,244.33
20,6,2026-08-19,322.48
3,1,2026-07-16,210.84
18,8,2026-05-07,210.96
42,9,2026-04-04,412.7
9,327,2026-07-09,471.35
1,2,2026-03-02,495.64
43,2,2026-02-28,259.91
76,10,2026-08-27,140.57
2,1,2026-07-15,461.76
1,7,2026-07-16,315.81
1,34,2026-01-07,143.13
3,51,2026-06-12,48.16
1,5,2026-01-16,28.22
1,75,2026-08-18,98.3
3,3,2026-03-01,229.6
8,4,2026-01-14,417.83
6,2,2026-06-05,129.26
1,82,2026-05-04,238.62
1021,1,2026-02-21,148.61
6,12,2026-04-10,422.41
1,5,2026-07-15,5.22
1,6,2026-02-06,194.96
1,1,2026-08-19,482.91
2,1,2026-01-19,349.09
68,1,2026-04-10,321.3
58,1,2026-06-28,22.97
1,2,2026-05-09,436.07
25,717,2026-01-12,429.44
2,1,2026-01-10,209.86
1,411,2026-02-28,189.07
48,3,2026-05-26,361.76
119,17,2026-04-09,416.39
21,4,2026-08-05,95.63
1,2,2026-06-15,235.68
2,1194,2026-06-13,387.41
1,1,2026-08-26,219.08
142,1,2026-05-10,143.18
6,1,2026-04-24,338.84
1,2,2026-05-21,477.52
1,264,2026-06-15,493.75
138,15,2026-08-06,271.24
164,3,2026-07-19,395.79
3,28,2026-02-11,429.6
1,1,2026-07-03,421.55
18,2,2026-07-09,343.65
135,31,2026-07-05,140.66
1,1,2026-05-25,407.02
78,1,2026-02-21,379.08
205,15,2026-03-14,137.64
1,1,2026-05-06,91.35
1,310,2026-08-17,325.29
2,2,2026-06-06,243.02
149,5,2026-04-16,292.05
16,128,2026-08-15,38.81
2,6,2026-06-25,249.02
50,4,2026-02-17,365.43
7,1,2026-01-09,373.26
14,1,2026-05-04,209.88
11,14,2026-04-17,365.62
1,1,2026-02-03,209.21
4,1,2026-01-07,186.34
1,5,2026-08-08,395.62
4,2,2026-05-20,440.48
11,2,2026-03-14,291.84
4,11,2026-01-22,71.04
307,1,2026-06-27,363.36
1,4,2026-07-28,477.09
6,5,2026-08-26,328.93
4,514,2026-08-23,465.19
6,1,2026-04-08,137.73
1,3,2026-02-20,61.27
3,1,2026-05-09,327.22
1,4,2026-07-18,266.45
3,2,2026-04-17,333.39
23,166,2026-07-15,66.31
13,10,2026-06-17,221.76
14,51,2026-05-02,23.09
1,701,2026-03-09,95.08
4,41,2026-06-15,352.18
7,1,2026-05-02,318.89
6,1,2026-02-03,346.99
1,2,2026-08-20,319.96
2,1,2026-02-04,36.17
3,25,2026-06-20,433.82
1,171,2026-08-09,23.63
128,490,2026-05-15,133.44
9,12,2026-06-09,53.13
1,1,2026-08-15,255.39
37,4,2026-03-09,135.45
297,1,2026-06-07,231.74
95,4,2026-01-06,490.74
5,3,2026-06-09,21.91
135,1,2026-01-14,419.02
3,27,2026-06-01,233.67
5,1,2026-01-12,133.66
30,1,2026-06-12,229.28
6,21,2026-06-24,466.57
5,447,2026-08-14,101.01
178,298,2026-04-15,350.78
1,151,2026-06-08,92.96
1,34,2026-08-23,461.3
3,22,2026-04-02,408.78
6,207,2026-07-17,296.63
1,1,2026-04-01,205.01
10,3,2026-08-24,169.9
53,33,2026-02-04,450.73
702,22,2026-07-28,421.42
2302,10,2026-06-17,225.33
3,9,2026-04-25,215.3
1,1,2026-07-13,422.04
31,15,2026-01-03,256.74
2,23,2026-04-16,331.9
8,1575,2026-02-25,497.58
2,7,2026-08-22,388.28
1,8,2026-04-26,287.07
7,5,2026-03-05,330.09
1,4,2026-07-03,323.13
5,2,2026-07-11,388.47
5,4,2026-06-21,30.52
265,1036,2026-05-12,476.28
9,8,2026-01-10,151.16
20,1,2026-06-08,427.93
132,1,2026-03-11,134.81
1,2,2026-05-02,337.03
3,11,2026-07-21,62.37
132,12,2026-06-20,451.16
1,8,2026-02-18,44.28
2,16,2026-02-26,26.0
456,1,2026-05-25,149.21
1,250,2026-01-08,468.51
1,5,2026-07-13,66.0
5,69,2026-06-19,415.04
3831,2,2026-07-15,402.75
1,343,2026-03-19,132.88
83,5,2026-04-17,441.82
35,81,2026-05-28,129.07
1256,1393,2026-05-17,479.89
8,1,2026-07-14,451.72
742,262,2026-06-17,252.41
7,30,2026-06-11,267.85
8,1,2026-04-17,55.36
2,5,2026-03-04,351.81
3,2,2026-08-24,403.03
1,11,2026-07-14,203.52
4,2,2026-05-17,383.59
1,2,2026-07-03,99.9
3,2,2026-05-23,278.11
234,3,2026-04-01,33.8
1363,30,2026-08-16,78.68
4,8,2026-03-08,146.74
7,10,2026-06-04,14.82
1,4,2026-05-12,69.22
16,90,2026-08-12,13.73
2,2,2026-08-05,423.47
1,1,2026-02-07,227.97
2,7,2026-02-25,85.08
8,11,2026-08-23,112.03
2,1,2026-01-08,265.75
4,221,2026-08-22,258.08
1,526,2026-01-07,133.15
273,70,2026-01-08,400.88
3,260,2026-03-14,395.81
1,3,2026-01-12,321.37
18,13,2026-03-10,299.57
5,16,2026-05-09,483.99
3154,11,2026-05-01,165.06
3,428,2026-02-18,386.67
481,2,2026-08-04,311.0
6,3,2026-08-07,266.13
3,1,2026-04-10,61.42
22,2,2026-05-27,442.53
8,1,2026-04-24,293.45
2,2,2026-07-03,362.11
2,1,2026-04-06,67.45
1,2,2026-06-10,264.16
1640,1,2026-02-12,421.81
2,3,2026-02-24,431.6
7,52,2026-08-28,398.12
119,16,2026-08-11,7.38
13,9,2026-05-27,417.77
17,1,2026-01-18,10.99
79,104,2026-02-05,55.42
3,2,2026-01-07,38.83
1,1,2026-04-23,245.29
3,2,2026-06-14,251.17
2301,2,2026-05-03,130.25
3,4,2026-04-10,134.48
1,1778,2026-04-16,123.89
1,6,2026-06-20,421.06
7,1,2026-08-21,146.74
2,32,2026-05-26,214.03
2,6,2026-01-05,171.05
49,1,2026-04-24,489.82
1,1,2026-06-07,190.87
7,134,2026-01-27,45.52
600,1,2026-03-22,35.81
124,2,2026-03-25,30.45
4,1,2026-01-12,355.01
50,2,2026-08-18,40.37
1,83,2026-02-07,122.51
1,1,2026-01-13,332.27
12,8,2026-08-16,208.68
20,1,2026-03-01,173.34
79,1,2026-07-10,237.09
6,1,2026-06-25,334.12
326,7,2026-02-24,135.77
13,1,2026-03-03,491.99
2,305,2026-05-09,366.12
10,7,2026-08-16,474.7
97,18,2026-01-17,322.66
8,1,2026-06-23,35.88
1,6,2026-06-27,20.42
512,1,2026-06-02,263.89
4,7,2026-05-09,471.71
1,1,2026-08-25,110.32
366,25,2026-04-14,399.12
2,10,2026-07-25,148.58
1,16,2026-02-09,50.88
2,1,2026-06-01,116.57
2,1,2026-06-27,289.84
39,9,2026-01-13,11.87
121,2,2026-03-11,457.11
6,11,2026-05-10,258.91
4379,10,2026-04-05,107.12
24,1,2026-04-19,370.29
3,70,2026-02-08,149.3
16,207,2026-02-26,403.06
53,1,2026-07-16,232.71
5,3,2026-06-07,94.23
3,1,2026-04-05,145.65
2,1,2026-07-25,111.28
27,1,2026-06-10,412.21
1,91,2026-06-11,102.55
24,26,2026-02-11,467.78
44,350,2026-01-22,272.21
2,1,2026-01-04,89.21
1,4,2026-08-13,60.48
4,1,2026-04-13,266.03
1,22,2026-01-13,196.02
1,8,2026-04-11,400.76
1,2,2026-07-13,245.14
2,2,2026-04-25,249.72
39,19,2026-08-22,454.0
1,1,2026-01-23,136.4
1,1,2026-08-05,113.4
8,5,2026-05-26,391.1
5,3,2026-01-18,156.79
1,20,2026-07-18,243.26
2,380,2026-03-11,23.57
5,13,2026-03-11,116.09
74,1,2026-07-27,71.9
3,1,2026-03-15,180.88
53,1,2026-03-17,182.13
1,1,2026-02-28,127.04
3,1,2026-06-15,343.41
2,41,2026-05-15,302.92
22,11,2026-06-16,378.05
320,4,2026-06-21,351.72
2,217,2026-05-12,257.09
485,3,2026-08-01,440.14
4,89,2026-03-28,390.47
5271,14,2026-04-20,134.73
1,1,2026-01-01,107.64
2,54,2026-01-21,56.24
2,1,2026-01-16,287.8
2,5,2026-01-23,469.46
4,1,2026-04-06,141.09
2,2,2026-05-11,365.86
18,6,2026-04-07,372.11
34,1,2026-08-09,69.58
1,1,2026-04-09,82.72
179,1,2026-07-15,310.21
2,367,2026-03-28,280.42
2,1004,2026-02-06,100.67
5,1,2026-08-28,107.41
1,1,2026-02-13,420.68
2,2,2026-05-02,249.5
1,83,2026-02-14,168.45
1,1,2026-01-02,280.47
59,2,2026-04-02,132.24
1,3,2026-05-13,321.5
2,1,2026-08-08,90.94
2,1,2026-01-21,350.54
1,7,2026-08-22,101.04
92,1,2026-04-18,322.29
25,1,2026-06-03,377.0
1,405,2026-04-07,391.98
2,16,2026-08-24,267.6
1,1,2026-08-17,270.37
215,4,2026-07-16,362.59
44,9,2026-02-16,81.47
8,6,2026-01-07,86.47
11,7,2026-01-22,412.38
652,11,2026-01-17,56.26
1,2,2026-01-07,416.23
26,1,2026-08-24,308.87
1,3,2026-01-05,278.43
5,1,2026-03-28,110.42
1,1,2026-08-13,10.74
3,2,2026-04-04,354.66
16,1,2026-04-25,278.82
180,2,2026-07-27,399.67
1,3,2026-05-08,147.11
6,17,2026-03-04,478.22
2,5,2026-06-06,248.44
1,1,2026-01-05,97.99
3,2,2026-01-23,176.63
11,22,2026-01-05,344.39
1,1,2026-01-07,487.11
10,1,2026-05-11,52.67
8,6,2026-05-16,353.59
1,67,2026-03-20,443.38
164,6,2026-08-13,66.34
3,6,2026-03-13,182.55
13,22,2026-01-16,169.6
5676,1,2026-02-08,329.52
2,7,2026-04-18,240.55
1,4,2026-03-25,81.23
75,2,2026-03-18,91.61
6,1,2026-06-17,136.02
4,210,2026-08-06,396.09
10,1,2026-04-02,291.65
807,1,2026-04-21,136.95
1,20,2026-08-12,235.13
1,13,2026-06-05,164.33
47,3,2026-06-12,491.23
116,4,2026-04-19,448.94
40,2,2026-06-15,363.73
4,1,2026-07-08,243.24
7,992,2026-06-12,299.66
1,1,2026-01-25,409.2
1,1,2026-08-23,25.47
19,1,2026-02-28,254.32
1,3,2026-06-10,330.4
7,28,2026-08-27,285.9
1,1,2026-01-19,487.9
3,12,2026-01-25,68.14
1087,2,2026-04-18,360.34
1,1,2026-07-26,470.1
1,4,2026-07-02,290.44
131,8,2026-05-10,476.58
8,153,2026-02-28,87.68
5,2,2026-01-09,338.98
23,7,2026-01-26,350.3
8,546,2026-08-13,195.97
4,4,2026-06-10,291.31
1,1,2026-02-24,37.16
6,8,2026-06-17,419.85
2,1,2026-07-24,46.01
3,5,2026-02-16,233.72
6,390,2026-08-20,136.5
1,3,2026-06-12,125.57
1,9,2026-02-09,99.98
25,6,2026-01-16,335.79
9,125,2026-02-23,240.61
13,13,2026-01-02,342.29
4,1,2026-07-13,281.03
5,1,2026-06-11,288.67
3756,655,2026-02-02,20.09
3,2,2026-05-21,376.34
1,12,2026-05-17,38.9
1,17,2026-05-11,355.13
4,2,2026-03-04,329.38
2,4,2026-08-25,453.0
1,1,2026-03-08,69.04
1,1,2026-01-08,337.7
5154,1,2026-06-16,51.06
4,1,2026-01-09,238.84
3,1,2026-02-24,483.16
24,9,2026-05-15,297.57
27,3,2026-02-03,112.93
3,1,2026-04-07,174.01
6,2,2026-07-16,271.06
25,1,2026-06-19,123.28
9,243,2026-04-26,499.16
283,59,2026-03-07,408.49
23,2,2026-04-02,488.41
5,4,2026-08-05,382.85
6,1,2026-05-10,156.7
1,14,2026-02-12,188.32
12,8,2026-03-06,45.3
1,1,2026-02-16,290.86
7,2,2026-01-21,391.74
5,1,2026-06-17,108.94
4,4,2026-07-08,239.57
2,7,2026-05-21,23.54
3,4,2026-04-18,286.79
1,46,2026-07-23,269.54
1,1,2026-08-02,65.75
52,3,2026-08-12,201.88
44,2,2026-01-03,414.27
16,87,2026-06-03,131.41
21,9,2026-08-18,97.19
1,2,2026-05-25,222.38
1,1,2026-05-06,372.35
1,240,2026-03-21,131.33
1889,26,2026-02-12,425.15
71,2,2026-01-23,124.71
178,29,2026-06-10,49.83
109,97,2026-06-25,92.62
1,104,2026-06-16,361.18
1,2,2026-02-15,290.9
1,1,2026-03-06,307.88
2,121,2026-08-25,243.26
2,11,2026-02-16,71.9
1,7,2026-06-01,155.85
110,20,2026-08-07,113.61
5,1,2026-03-23,323.72
2,1,2026-06-15,9.14
4,1,2026-05-18,349.18
13,6,2026-06-22,111.07
47,1,2026-06-10,83.53
6,1,2026-04-05,132.33
4,1,2026-08-22,291.55
3,847,2026-01-22,384.54
21,4,2026-07-28,346.95
3,164,2026-04-03,405.02
913,5,2026-08-12,432.67
130,56,2026-08-07,447.79
4808,4,2026-01-03,122.55
1,9,2026-05-24,355.08
65,1325,2026-06-06,400.49
15,20,2026-07-26,135.63
8,167,2026-04-07,202.02
1,1,2026-05-24,149.16
3,181,2026-06-21,25.43
1,4,2026-02-21,326.25
57,110,2026-06-22,391.31
1,1200,2026-06-18,393.58
1,1,2026-04-01,220.43
50,37,2026-04-28,300.88
1,1,2026-01-01,425.61
6,11,2026-03-16,485.51
2,2,2026-06-24,324.63
8,14,2026-02-23,8.72
23,581,2026-05-01,316.83
83,1,2026-04-25,35.86
93,1,2026-07-16,355.32
23,2,2026-08-17,226.59
1,1,2026-05-23,404.11
1,159,2026-04-04,477.22
8,29,2026-08-06,348.27
1259,4,2026-04-07,182.29
18,16,2026-07-23,327.48
2,2,2026-07-26,275.81
1,3,2026-08-06,247.5
2,3,2026-02-21,318.36
158,18,2026-03-08,315.75
1,1,2026-06-28,324.12
1,1,2026-08-15,68.74
4,2,2026-07-17,302.99
70,2,2026-01-22,428.85
6384,51,2026-04-15,435.25
10,569,2026-04-24,422.77
16,7,2026-08-26,78.09
1,8,2026-08-13,264.01
1,1,2026-08-20,214.21
3189,10,2026-07-26,255.15
2,3,2026-05-14,222.77
1,121,2026-07-11,365.74
4,1,2026-03-04,365.19
4,26,2026-06-18,485.92
10,1,2026-03-11,195.96
1,6,2026-08-16,418.64
2,1,2026-06-21,278.55
25,3,2026-08-26,354.32
1,1,2026-04-03,467.62
4,23,2026-02-07,138.11
3,597,2026-05-22,13.31
6,20,2026-01-08,271.03
2,2,2026-07-12,434.97
2,30,2026-02-15,220.63
3,1,2026-01-22,146.09
210,1,2026-05-09,12.9
3,12,2026-08-20,241.44
2,6,2026-08-28,105.75
44,8,2026-01-01,140.53
1,1,2026-06-15,26.13
8,20,2026-08-20,439.69
14,1,2026-04-22,358.9
1,45,2026-06-18,472.06
6,6,2026-03-06,128.46
2,3,2026-02-17,19.42
4,4,2026-08-19,415.96
3,1,2026-03-24,131.24
2,9,2026-02-18,362.95
134,22,2026-02-05,305.7
1,7,2026-05-10,436.54
1,2,2026-06-04,434.73
378,3,2026-08-12,495.22
31,12,2026-08-26,329.53
44,2,2026-06-26,269.95
14,31,2026-01-08,290.9
14,1,2026-06-16,10.4
1,5,2026-04-24,44.9
8,6,2026-03-21,445.34
6,60,2026-01-08,225.57
73,24,2026-02-19,140.58
108,15,2026-05-21,133.3
7,4,2026-07-22,256.43
6,5,2026-03-08,185.82
6,7,2026-05-04,220.61
1,840,2026-07-03,466.1
1,18,2026-06-02,443.35
1,6,2026-04-21,38.4
1,10,2026-04-22,276.42
1,156,2026-07-06,291.14
1,801,2026-07-10,273.02
6,137,2026-06-23,121.55
21,60,2026-05-02,64.93
8,7,2026-06-08,328.58
103,2,2026-03-05,348.29
15,3,2026-06-20,383.88
62,1,2026-03-11,174.94
2,4,2026-02-12,152.38
9,3,2026-04-17,365.82
248,1,2026-07-06,461.34
12,2,2026-01-01,433.92
90,7,2026-08-24,206.6
14,15,2026-01-16,374.62
7,6,2026-03-02,271.27
341,1,2026-05-03,356.67
2,29,2026-06-21,406.09
206,12,2026-08-06,430.08
3,11,2026-08-27,223.43
2,1,2026-06-06,283.26
2,5,2026-06-27,471.04
1,1,2026-01-12,243.24
6,1,2026-05-28,252.19
1,1,2026-04-21,284.8
4,10,2026-02-26,247.44
2,1,2026-01-08,301.13
1,1,2026-01-09,385.23
1,3,2026-07-21,47.53
1,21,2026-02-02,299.73
1,2,2026-08-28,259.87
31,1,2026-05-08,140.04
32,1,2026-08-28,448.1
10,4,2026-07-13,98.37
3,35,2026-07-06,373.96
1,4,2026-05-28,146.9
53,2,2026-05-19,443.32
143,224,2026-02-28,13.13
175,298,2026-06-27,336.58
9,47,2026-04-20,134.1
1,1,2026-04-08,470.39
3,82,2026-07-14,72.45
1,1,2026-03-10,385.34
1831,5,2026-01-08,350.51
11,2,2026-02-28,130.21
267,32,2026-05-27,33.75
5,4,2026-03-13,399.93
23,5,2026-05-28,487.47
220,5,2026-03-11,483.15
2,5,2026-04-21,183.32
6,3,2026-08-20,315.19
2,1,2026-07-09,150.33
108,1,2026-08-15,34.44
7,2049,2026-06-25,280.0
2,2,2026-07-26,251.0
2,86,2026-04-01,494.65
46,2,2026-03-04,391.9
7,1,2026-04-22,224.03
4,2,2026-05-16,359.34
43,15,2026-05-04,136.01
1,3,2026-04-13,287.54
108,1,2026-01-25,367.83
146,3,2026-01-15,380.49
6,1818,2026-04-27,179.12
1,1,2026-07-14,256.73
2,1,2026-02-26,166.39
2,20,2026-04-11,293.04
1,155,2026-04-08,280.77
1,4,2026-08-22,110.54
6,1,2026-01-24,147.41
8,16,2026-05-19,475.12
10,131,2026-02-09,279.09
51,77,2026-03-12,189.42
5,10,2026-06-03,176.97
1,1,2026-05-22,380.82
4,1,2026-02-19,140.05
31,1,2026-01-20,92.09
2034,1,2026-08-27,332.4
2,382,2026-03-24,188.16
31,45,2026-07-04,403.68
7,56,2026-03-01,35.06
9,2,2026-05-09,58.54
5,2,2026-08-27,412.94
39,32,2026-07-08,284.09
108,7,2026-05-11,237.81
2,250,2026-08-24,477.21
474,3,2026-01-21,446.56
14,11,2026-02-22,182.63
11,1,2026-03-01,217.16
1,39,2026-07-04,328.11
1,140,2026-05-17,123.02
469,3,2026-07-02,407.27
12,1,2026-02-12,367.46
291,2,2026-02-12,395.75
7,3,2026-02-10,476.43
2,8,2026-06-24,410.34
3,2,2026-05-19,288.23
8,5,2026-03-08,95.42
16,1,2026-03-15,351.97
3,1,2026-05-02,324.86
1,3,2026-02-18,373.37
1,48,2026-08-19,179.07
2,10,2026-03-21,436.99
9,5,2026-05-02,395.32
1,40,2026-03-09,99.59
6,5,2026-06-24,161.37
1,54,2026-04-03,143.62
90,1,2026-05-10,323.39
96,5,2026-04-09,484.55
1,1,2026-08-17,369.07
6480,10,2026-08-11,218.83
23,2,2026-01-09,244.88
10,55,2026-01-20,135.81
3,6,2026-08-25,234.82
33,26,2026-03-05,393.62
3,1,2026-08-24,248.8
889,2,2026-07-07,120.08
1161,2,2026-08-09,385.52
12,6,2026-07-13,465.99
9,9,2026-07-05,157.32
37,3,2026-07-21,207.91
361,1,2026-05-10,24.23
9,1000,2026-08-24,309.92
6,5,2026-07-03,249.34
1,28,2026-02-23,81.42
22,2,2026-08-18,109.33
1,2,2026-04-17,43.92
6,141,2026-04-08,384.44
7,77,2026-05-06,218.86
2,6,2026-08-02,333.95
4,1,2026-08-21,436.33
50,23,2026-08-18,120.2
62,1,2026-04-02,301.35
1,3,2026-02-25,490.21
1,94,2026-07-21,452.62
7,46,2026-08-11,443.46
3,100,2026-03-20,306.54
21,14,2026-02-24,43.58
1,1407,2026-06-01,417.64
6,138,2026-08-03,279.99
19,1,2026-05-14,237.04
77,2,2026-05-10,313.22
1,1652,2026-02-01,492.86
205,171,2026-03-07,360.75
11,4,2026-02-10,109.19
1,4,2026-08-01,420.38
4,5,2026-04-13,142.51
1,13,2026-08-05,434.45
1,1,2026-05-14,220.44
1,69,2026-06-24,387.97
1,4,2026-05-08,9.29
3,1,2026-08-18,63.76
51,3,2026-07-07,331.37
7,1617,2026-05-24,88.22
3,750,2026-01-10,184.46
3,52,2026-08-25,170.16
3,21,2026-07-12,22.01
1,1006,2026-05-27,200.66
3,75,2026-07-10,377.69
2,9,2026-01-04,463.81
126,1,2026-03-08,350.75
3,1,2026-08-01,98.59
1,1,2026-06-05,222.54
20,44,2026-08-12,266.52
1,5,2026-05-01,316.42
55,5,2026-01-15,410.35
121,452,2026-06-25,9.75
68,1,2026-06-05,332.68
1728,1,2026-07-21,490.28
4,10,2026-08-28,421.4
1,26,2026-06-25,154.62
30,1,2026-01-01,151.6
3,4,2026-04-01,405.27
4,121,2026-04-09,100.89
21,3,2026-04-18,318.6
2982,1,2026-08-11,390.6
1,2,2026-06-16,148.94
1,11,2026-04-26,61.77
4,30,2026-05-27,149.49
2,4,2026-07-03,62.99
11,2,2026-08-17,400.54
1,5,2026-07-23,408.71
2,9,2026-04-02,14.73
6,10,2026-02-27,74.63
4,17,2026-04-24,73.79
3,3,2026-01-25,411.19
15,2,2026-05-26,16.21
3,2,2026-02-24,168.86
141,1,2026-03-17,443.34
7,20,2026-02-21,227.04
3,48,2026-08-19,214.99
3,9,2026-01-16,14.99
2,5,2026-08-27,115.98
2,8,2026-01-09,216.51
111,5,2026-07-02,55.22
4,1,2026-05-09,326.54
1,166,2026-05-12,292.22
14,1,2026-02-01,177.06
2,194,2026-02-04,99.09
1,3,2026-02-16,393.0
7,8,2026-02-11,456.28
8,44,2026-01-28,117.85
59,3,2026-08-19,103.77
20,1,2026-07-12,446.2
5,11,2026-01-04,432.59
3,10,2026-04-22,358.62
8,1,2026-03-01,5.97
2,1,2026-01-28,474.67
1,2,2026-01-08,132.54
1,183,2026-01-02,321.38
294,1,2026-06-23,342.68
9,23,2026-01-08,146.47
5,1,2026-05-21,55.1
8,6,2026-08-02,211.6
17,47,2026-07-17,434.53
19,110,2026-02-07,200.08
29,2,2026-05-15,365.2
30,1,2026-05-21,180.36
33,5,2026-03-23,168.04
2,5,2026-07-23,185.33
1,3,2026-04-07,185.74
51,1457,2026-01-07,262.78
5,1,2026-05-17,490.45
1,1,2026-05-22,305.96
4,1,2026-06-10,473.38
3,16,2026-07-17,197.37
5,8,2026-03-24,344.38
567,319,2026-04-01,209.99
7,26,2026-03-08,306.02
1,1,2026-04-14,349.14
13,630,2026-06-13,55.33
2,1,2026-03-08,55.06
8,8,2026-04-01,39.31
2,5,2026-02-12,197.37
198,1,2026-08-28,197.0
8,1,2026-06-28,56.84
23,15,2026-02-20,243.24
19,1,2026-03-07,65.39
3,1,2026-01-05,388.52
8,1,2026-07-16,462.3
1,166,2026-02-14,462.45
1,5,2026-01-16,92.18
1,15,2026-05-22,155.73
2,8,2026-01-12,335.37
6,151,2026-03-26,34.21
3259,1,2026-03-02,328.07
4,1886,2026-05-20,375.35
1,18,2026-02-22,482.99
1,26,2026-02-27,362.76
4,364,2026-02-17,177.4
56,1,2026-03-15,62.96
8,2738,2026-01-20,34.53
1,1,2026-07-04,411.49
6,1,2026-07-16,170.44
44,4,2026-07-18,278.06
21,2,2026-02-28,36.81
1,1,2026-05-01,397.51
1,4,2026-03-24,322.24
72,2,2026-07-01,49.4
11,3,2026-07-04,384.31
8,8,2026-03-23,135.42
156,3,2026-07-08,83.97
2,22,2026-05-19,179.49
3,282,2026-05-23,325.74
425,3,2026-02-02,321.78
70,25,2026-03-23,263.49
1,3,2026-02-26,493.51
4,7,2026-06-03,380.75
1643,12,2026-01-14,38.12
2,8,2026-01-07,84.19
9,8,2026-08-22,48.26
5,4,2026-07-20,288.51
10,39,2026-05-27,372.92
1,1,2026-05-28,449.79
56,1,2026-03-22,497.4
16,146,2026-02-15,165.51
2,37,2026-04-14,176.98
12,22,2026-01-18,162.83
5,720,2026-04-01,368.0
171,5,2026-05-28,468.53
1,41,2026-01-26,109.87
3,2,2026-08-03,431.08
44,1,2026-07-10,51.19
102,1,2026-05-04,239.94
35,15,2026-08-26,115.45
1,105,2026-01-09,376.77
1,2,2026-02-22,444.53
2,5,2026-05-15,117.58
1,266,2026-04-16,118.13
6,19,2026-02-01,369.05
1,79,2026-06-12,188.66
1,1,2026-08-10,293.66
4,3,2026-07-13,72.71
4814,1,2026-01-17,439.66
31,692,2026-08-11,182.05
2,10,2026-03-02,400.61
3,1,2026-05-22,96.42
6,3,2026-07-17,395.36
2,1,2026-01-16,225.1
25,2,2026-03-27,192.14
704,1,2026-07-11,297.64
4,21,2026-06-04,60.15
10,3,2026-07-17,329.75
7,2,2026-07-18,206.51
2,3,2026-04-20,418.84
6,1,2026-04-04,432.78
6,4,2026-02-02,16.69
910,20,2026-08-10,163.81
2,3,2026-03-11,132.61
7,2,2026-07-22,399.78
1,1,2026-01-08,455.62
1074,13,2026-02-21,245.94
2,89,2026-03-15,469.16
1,9,2026-08-25,49.17
4655,205,2026-03-20,478.08
3,2,2026-06-16,174.9
34,86,2026-01-11,353.13
2,1,2026-01-19,437.41
1,29,2026-04-23,367.08
24,2,2026-08-17,29.83
2,2,2026-04-18,283.31
6,10,2026-08-22,154.45
1,1,2026-04-27,407.48
1,16,2026-06-25,27.43
29,1391,2026-06-01,491.68
265,1,2026-02-20,241.53
169,3,2026-04-02,236.73
4,61,2026-08-11,408.29
1268,6,2026-08-03,455.11
2,4,2026-03-09,154.35
18,1,2026-04-21,111.62
52,1,2026-02-21,459.38
8,1,2026-05-03,358.01
1,30,2026-07-06,7.95
1,4,2026-06-25,223.76
175,1,2026-07-07,441.18
1,3,2026-04-06,131.2
2,196,2026-03-05,241.82
54,1,2026-07-28,149.4
4,2,2026-05-04,225.99
1,8,2026-02-13,253.72
13,2,2026-08-14,313.21
1,2,2026-03-24,345.31
1,31,2026-04-17,237.27
24,1,2026-01-11,188.73
7,1,2026-02-03,417.55
11,67,2026-01-22,311.74
65,6,2026-08-24,186.82
1,1,2026-02-01,491.06
13,1,2026-08-15,258.48
5,3,2026-08-05,429.45
7,1,2026-03-05,349.25
1,1,2026-02-12,398.77
1067,21,2026-01-14,335.17
38,6,2026-06-22,45.63
11,3,2026-06-26,305.17
6,1,2026-05-05,440.67
33,1,2026-01-05,69.51
1,144,2026-08-09,90.98
12,13,2026-02-28,147.69
61,5,2026-01-02,371.82
1,1,2026-08-13,176.77
525,1,2026-02-17,129.87
2,2,2026-01-28,498.68
3,1,2026-02-06,346.94
52,13,2026-07-28,29.44
1,6,2026-01-07,131.11
27,44,2026-03-07,335.53
4,14,2026-01-19,271.4
2,230,2026-05-03,161.23
8,1,2026-05-23,17.19
1,1,2026-03-04,214.69
13,4,2026-08-03,429.63
3,52,2026-02-07,150.79
34,4,2026-04-02,214.16
1,6,2026-06-26,253.31
4,1,2026-07-11,8.72
10,1,2026-03-19,318.68
2,376,2026-01-27,465.18
52,1,2026-05-13,451.13
4,1,2026-08-14,388.55
14,1,2026-02-23,383.61
1373,25,2026-05-17,172.84
73,400,2026-05-09,464.06
3,1,2026-02-03,429.18
1,14,2026-04-04,80.84
5,237,2026-04-08,163.69
8,2478,2026-04-06,150.65
2,63,2026-02-04,133.24
6,1,2026-04-25,141.32
11,1975,2026-01-11,163.33
2122,4,2026-06-22,107.46
339,2,2026-02-01,112.04
1,125,2026-07-28,114.83
84,2,2026-01-04,499.05
21,1,2026-04-07,331.09
1,1,2026-05-23,9.13
1,1,2026-07-10,428.13
7,2,2026-07-19,318.59
1,1,2026-01-13,138.93
1579,26,2026-08-16,115.08
1,2,2026-08-20,8.36
1,1,2026-08-13,108.2
30,999,2026-01-01,374.85
2,1,2026-07-02,312.32
2,2,2026-01-23,249.74
4,129,2026-01-18,398.55
168,15,2026-02-25,72.64
11,1,2026-01-12,38.44
1,6,2026-06-12,454.29
5,276,2026-06-24,374.34
1,14,2026-07-14,246.71
2,2,2026-01-23,337.64
10,22,2026-05-27,449.02
3,2,2026-01-18,280.74
1,4,2026-03-20,246.29
1,10,2026-04-10,294.18
46,2,2026-04-19,475.57
167,6,2026-02-21,452.65
1,4,2026-05-24,327.69
14,2,2026-07-12,488.4
18,2,2026-08-08,52.64
1,1,2026-05-15,76.34
22,49,2026-04-17,419.26
3,98,2026-06-03,58.92
11,4,2026-07-22,442.43
10,10,2026-05-08,378.25
1,67,2026-02-15,274.19
38,1,2026-07-23,357.77
25,756,2026-04-08,229.51
1,8,2026-07-23,381.39
1,2,2026-03-17,379.24
1805,2,2026-06-27,176.9
31,7,2026-03-23,121.52
9,787,2026-07-11,79.99
8,8,2026-01-18,481.89
1,297,2026-01-04,168.7
1,13,2026-04-23,265.58
1,7,2026-06-19,182.19
879,2153,2026-05-08,316.95
1,1,2026-01-15,20.38
1,5,2026-04-05,145.93
509,8,2026-05-06,44.22
2,1451,2026-04-08,108.04
3,2,2026-02-11,182.27
34,12,2026-07-12,238.07
1,2,2026-05-27,359.29
1,2,2026-02-04,348.59
1229,1,2026-07-13,203.27
194,44,2026-06-03,155.88
3,2,2026-08-01,308.45
1,1,2026-07-05,170.01
279,125,2026-06-21,322.1
1,2,2026-08-01,404.94
2,8,2026-04-06,498.44
2,37,2026-06-03,326.82
43,1,2026-05-06,318.95
11,5,2026-02-12,12.17
58,19,2026-03-03,158.72
27,5,2026-01-24,357.15
559,17,2026-02-23,479.26
18,3,2026-06-16,186.83
16,82,2026-05-17,199.36
19,489,2026-01-13,331.99
1,366,2026-02-05,328.36
41,4,2026-05-12,330.29
20,7,2026-04-12,200.33
7,54,2026-08-24,435.86
1,2,2026-07-01,291.66
1,3,2026-08-07,203.47
1,8,2026-05-03,235.11
2,1,2026-08-17,85.57
5,4,2026-02-23,318.79
20,1,2026-06-14,22.26
74,2,2026-02-28,232.12
7,4,2026-04-23,440.44
6,1,2026-03-12,210.3
1,17,2026-03-06,256.63
1,1,2026-08-13,26.87
1,9,2026-06-08,199.79
2,6,2026-05-11,166.22
5,3,2026-07-20,183.53
5,2,2026-05-16,420.56
1,1,2026-08-22,389.6
14,2,2026-08-24,472.72
2,67,2026-02-03,425.25
1,3,2026-01-11,237.98
21,5,2026-05-18,405.17
12,10,2026-05-01,131.87
24,1,2026-02-10,131.1
1,1,2026-07-20,272.39
13,26,2026-06-27,472.66
1252,3,2026-08-02,494.84
6,2,2026-08-03,133.63
1,1,2026-04-10,193.37
1,1,2026-02-09,415.45
3,9,2026-01-17,295.56
7,2,2026-04-24,290.44
15,982,2026-04-12,205.87
5,13,2026-02-22,110.91
11,13,2026-02-13,265.95
2,1,2026-03-07,164.17
62,4,2026-03-13,325.6
8,49,2026-05-06,114.26
192,1,2026-04-13,140.66
1,230,2026-03-01,467.08
1,1,2026-04-11,156.62
7,1,2026-06-11,304.8
3,1,2026-02-22,171.07
1,8,2026-05-08,49.53
4,48,2026-04-27,368.16
255,5,2026-05-25,117.13
1,1,2026-05-20,453.87
1,1,2026-04-07,361.19
135,4,2026-01-15,152.68
2,19,2026-08-26,38.55
3,2,2026-06-08,397.62
1,11,2026-03-03,397.81
3,75,2026-07-03,274.34
1,7,2026-03-11,357.44
62,1,2026-03-17,253.76
31,4,2026-03-27,16.49
1557,1,2026-06-10,323.39
2,3,2026-01-27,35.33
744,3,2026-07-07,300.0
12,1,2026-01-15,76.33
9,506,2026-03-05,64.91
1,22,2026-04-03,157.96
4,6,2026-06-12,245.7
3,2,2026-07-09,388.71
2,16,2026-05-02,465.06
244,3,2026-06-19,102.36
116,197,2026-07-14,247.71
1,29,2026-02-05,381.96
4,221,2026-01-01,327.95
5,1,2026-05-28,479.78
2,1,2026-06-25,475.03
5,1,2026-08-07,203.18
11,2,2026-06-04,29.78
1,59,2026-06-17,140.11
21,1,2026-08-18,161.52
74,2,2026-07-14,138.65
1,48,2026-07-26,188.31
2,1,2026-07-18,318.63
3,9,2026-01-22,82.91
38,2,2026-01-20,115.43
2,5,2026-03-14,303.07
35,2,2026-05-15,88.37
1,5,2026-07-14,93.82
6,57,2026-07-27,224.21
3,11,2026-02-03,204.49
1,2,2026-06-24,224.2
1,2,2026-06-10,233.04
6,5,2026-02-19,289.08
6,3,2026-01-06,263.3
110,3,2026-03-18,351.73
1,3,2026-08-13,480.17
18,424,2026-02-10,199.99
16,1,2026-04-13,324.01
4,19,2026-07-04,63.3
2647,3,2026-05-10,140.3
119,1,2026-01-07,219.57
1,3,2026-03-20,380.79
1,9,2026-08-18,128.99
1,1,2026-05-22,271.95
2,539,2026-01-17,307.35
6,1,2026-01-12,143.85
1,4,2026-08-28,238.34
1,16,2026-03-13,230.58
3,27,2026-01-13,38.65
1,9,2026-07-22,447.79
4,100,2026-05-23,111.28
5,1,2026-02-10,441.96
36,1,2026-01-06,252.84
3,329,2026-08-15,276.69
8,2,2026-04-19,91.28
2,4,2026-06-13,274.41
1,4,2026-02-11,334.62
1,61,2026-06-21,73.35
2,125,2026-06-27,188.99
111,2,2026-04-09,486.23
3,3,2026-06-13,338.82
12,3,2026-01-17,181.19
59,3,2026-07-11,343.17
3306,6,2026-01-02,162.64
3,374,2026-06-22,25.93
3,96,2026-03-07,292.24
358,16,2026-02-02,402.66
1,349,2026-05-16,175.86
41,1,2026-08-22,146.84
107,5,2026-08-20,477.22
5,4,2026-03-22,263.88
9,21,2026-04-08,43.0
4,36,2026-05-26,15.63
1,109,2026-02-18,60.08
2,1,2026-08-21,390.16
4,1401,2026-05-21,388.62
172,22,2026-05-15,360.11
3,1,2026-08-25,301.41
1,7,2026-08-22,467.63
2,3,2026-07-05,473.2
2,607,2026-02-01,62.58
1,7,2026-07-20,335.33
1,1545,2026-05-22,199.92
1,2,2026-08-09,93.5
3,3,2026-07-08,230.72
1,3,2026-08-05,156.88
1,2,2026-05-10,282.79
5,1,2026-02-16,273.16
4436,1,2026-06-15,177.72
3,37,2026-05-08,42.62
3,11,2026-03-05,347.15
1,1,2026-06-09,225.53
5,24,2026-05-11,106.38
1169,3,2026-04-03,373.36
124,18,2026-08-01,172.46
9,338,2026-05-20,223.53
2,1,2026-06-16,14.27
1,5,2026-06-27,411.54
20,9,2026-08-24,73.4
1,79,2026-05-16,278.91
1,21,2026-06-04,184.76
1,20,2026-04-15,293.69
203,4,2026-05-06,123.93
1,1,2026-01-19,250.69
26,78,2026-08-12,257.4
3,2,2026-05-06,484.1
4,1,2026-05-03,396.54
5,1,2026-01-04,189.03
13,1,2026-08-06,24.23
6,31,2026-02-28,266.45
4,3,2026-07-12,35.6
21,8,2026-07-11,9.95
592,308,2026-03-06,245.36
3416,262,2026-04-08,361.82
4,586,2026-04-08,326.2
51,1,2026-02-16,278.97
2,1,2026-06-15,214.54
7,409,2026-06-09,108.7
6,204,2026-03-07,277.19
398,9,2026-05-24,22.35
2,36,2026-08-20,473.0
7,327,2026-08-27,491.73
1,2,2026-01-23,178.88
1,6,2026-05-28,368.87
1,355,2026-07-17,379.06
8,296,2026-08-13,188.64
1,1,2026-06-13,123.43
264,2,2026-07-10,432.04
5,1,2026-07-24,225.98
3,1,2026-02-09,39.77
196,4,2026-08-17,423.63
3,7,2026-05-19,147.25
98,12,2026-05-14,298.14
2,4,2026-02-28,449.61
1,6,2026-08-22,296.29
1,1,2026-08-02,422.37
5,11,2026-03-11,231.02
9,1156,2026-08-20,266.27
1,1,2026-04-07,102.63
2,23,2026-01-16,311.58
1,2,2026-07-20,261.09
29,422,2026-05-01,258.35
1,10,2026-05-18,39.27
58,2,2026-04-21,397.43
5,9,2026-01-03,37.48
4,2,2026-02-12,495.44
1,29,2026-07-02,471.38
13,14,2026-05-20,429.18
7,1,2026-01-08,268.79
540,1,2026-04-14,53.07
1,1,2026-08-28,351.61
1,7,2026-01-01,403.32
2,1,2026-07-05,406.54
87,1,2026-05-03,386.79
2,1,2026-08-02,57.92
2,5,2026-07-18,53.66
1,1,2026-07-04,479.18
6,8,2026-07-14,166.67
21,3,2026-03-13,266.36
17,1,2026-07-25,341.4
2,25,2026-05-27,409.44
5,19,2026-02-26,383.07
22,20,2026-07-23,118.63
1,15,2026-03-08,128.6
12,23,2026-07-02,241.65
35,1,2026-03-05,52.33
55,3,2026-01-10,133.18
2,5,2026-07-24,302.6
27,3,2026-07-02,81.59
7,8,2026-08-22,11.87
1,16,2026-03-06,171.72
4,15,2026-06-24,96.81
1,2,2026-02-24,86.9
11,1,2026-02-05,163.38
6,1,2026-07-09,136.03
5,1,2026-05-26,18.6
1,3,2026-04-26,182.96
160,1,2026-07-09,23.76
1,2,2026-05-24,154.51
2,9,2026-04-04,429.09
4,1,2026-04-01,274.62
932,3,2026-01-20,353.98
14,63,2026-01-23,328.46
9,14,2026-07-20,402.39
7,3,2026-04-14,446.07
6,40,2026-04-10,12.89
1,5,2026-08-05,163.7
10,3,2026-03-13,125.45
2,7,2026-06-21,354.06
1,2,2026-05-22,439.6
16,3,2026-01-01,435.87
6,1,2026-04-28,369.39
4,5,2026-08-26,447.58
8,1,2026-02-25,17.27
1,1,2026-08-05,341.54
6,1,2026-08-18,96.34
1,1,2026-03-23,287.54
2,31,2026-07-22,421.81
1,12,2026-02-25,439.12
1,125,2026-06-11,77.69
13,11,2026-01-27,111.49
3,421,2026-01-12,72.79
26,1,2026-04-06,309.3
1,16,2026-07-14,353.52
8,1,2026-04-06,220.76
2,1576,2026-03-24,356.02
364,1,2026-03-11,151.9
7,155,2026-06-04,145.04
50,13,2026-08-07,255.07
1,1,2026-07-03,393.84
5,2,2026-05-12,363.15
5,1,2026-02-10,56.42
25,65,2026-06-18,192.67
5086,1,2026-05-06,75.49
5,1,2026-08-10,325.56
2,12,2026-03-04,64.8
1,2,2026-04-08,239.8
1,1,2026-08-23,326.53
2,1,2026-06-02,5.62
67,8,2026-07-24,131.3
2,7,2026-05-13,261.9
1,1,2026-02-20,230.11
5,415,2026-02-19,423.84
51,44,2026-05-04,497.4
1,7,2026-06-07,457.28
1,1,2026-08-24,421.05
2,11,2026-04-13,389.67
42,7,2026-01-12,380.09
1,3,2026-07-08,43.54
17,1,2026-02-18,238.95
5,79,2026-03-14,218.62
916,1,2026-04-21,283.51
1,1,2026-03-26,335.38
4,1,2026-07-23,113.69
4,39,2026-05-23,411.27
5,4,2026-05-09,454.87
1434,2,2026-05-10,366.66
1,2,2026-07-15,482.04
11,156,2026-08-02,206.58
1,35,2026-06-06,296.36
10,1,2026-02-28,250.22
10,34,2026-07-14,388.48
1,1,2026-05-04,204.76
9,3,2026-07-17,477.18
462,16,2026-01-28,188.96
54,53,2026-03-05,148.83
1,3,2026-04-13,207.27
9,8,2026-03-20,242.42
1,2,2026-04-03,192.03
1,36,2026-06-07,227.92
1,24,2026-01-07,434.19
1,5,2026-05-22,285.65
209,7,2026-07-20,269.29
3,2,2026-02-19,107.54
1,1677,2026-07-14,492.16
170,2,2026-05-20,254.7
2,2,2026-02-05,111.19
4,1,2026-08-19,211.91
3,3,2026-08-23,390.48
2,1,2026-08-11,51.55
24,2,2026-01-15,88.69
3,2,2026-03-26,480.02
2,2,2026-03-04,456.47
5,1,2026-02-26,123.73
532,42,2026-01-27,491.99
56,12,2026-03-20,128.09
7,517,2026-08-05,354.76
5,8,2026-08-18,163.53
2,6,2026-03-26,65.15
27,408,2026-07-02,268.44
1,36,2026-08-02,448.84
4,21,2026-07-12,331.56
5,32,2026-05-20,364.57
70,1,2026-03-21,262.77
726,197,2026-03-28,362.83
274,95,2026-03-11,374.58
1,1,2026-05-03,196.97
7,2,2026-03-06,402.22
2,2,2026-04-06,94.34
1,9,2026-07-27,339.62
1,1,2026-02-01,380.18
1,2,2026-01-16,150.37
264,17,2026-07-05,99.3
8,16,2026-08-15,342.37
2,2,2026-04-01,136.56
316,12,2026-08-12,418.02
10,9,2026-05-11,347.68
3,1,2026-02-26,194.72
27,18,2026-05-24,406.27
2,13,2026-05-10,474.73
8,22,2026-08-16,497.05
23,3,2026-03-06,438.43
3264,1,2026-05-18,213.71
1,24,2026-07-03,353.04
2,3,2026-04-20,352.69
11,1,2026-04-25,373.37
1,93,2026-05-23,222.21
1401,269,2026-07-18,363.4
1,3,2026-06-12,146.34
1,74,2026-07-20,346.18
1,1,2026-06-07,385.27
4,2,2026-02-17,300.8
5,48,2026-04-10,218.92
2,10,2026-02-20,107.44
13,3,2026-01-07,304.15
7,156,2026-01-23,426.43
24,34,2026-05-22,225.43
2,4,2026-05-16,317.83
1,32,2026-02-08,227.48
31,1,2026-01-26,337.42
8,6,2026-06-03,487.68
2,143,2026-05-26,369.99
1,1,2026-03-07,236.11
2,33,2026-08-14,244.28
3,1,2026-05-22,82.2
17,1,2026-07-03,19.85
874,6,2026-05-09,426.91
3,1,2026-07-06,131.67
1,7,2026-08-18,243.68
5,1,2026-01-02,454.19
1,1,2026-03-02,44.73
6,12,2026-07-23,42.63
2,26,2026-02-19,440.57
21,4,2026-08-02,125.12
10,15,2026-07-25,286.07
4,518,2026-04-05,317.88
815,2,2026-01-11,169.16
3,3,2026-01-06,388.93
3,26,2026-02-26,471.67
2,1,2026-08-11,260.33
9,6,2026-02-23,460.06
6,4,2026-05-21,278.7
2,17,2026-06-03,140.68
52,4,2026-06-21,74.54
2,11,2026-05-10,273.07
2,1,2026-06-24,38.51
15,6,2026-08-17,258.41
7,1,2026-06-24,51.85
12,1,2026-07-06,72.76
3,96,2026-06-05,124.01
12,1,2026-04-22,118.62
689,2,2026-06-19,339.93
8,10,2026-06-01,387.91
1,1,2026-03-23,490.6
5,16,2026-08-25,281.13
13,5,2026-08-09,317.03
8,1,2026-07-10,276.67
101,2,2026-01-07,188.68
67,4,2026-06-19,399.03
4202,2442,2026-03-18,259.8
2,10,2026-05-17,333.39
4,62,2026-08-12,110.7
38,56,2026-05-01,129.37
9,1,2026-06-19,9.11
1,26,2026-02-10,187.99
2,2,2026-07-22,376.6
1,11,2026-05-22,115.67
1,2,2026-03-24,432.87
3,1,2026-07-01,283.75
1,3,2026-06-22,47.38
76,3,2026-01-19,114.52
37,1,2026-08-13,253.48
1,2,2026-03-08,395.02
3,77,2026-01-26,44.05
2,54,2026-08-01,366.69
4,7,2026-03-01,415.81
22,2,2026-01-05,412.65
1,7,2026-05-19,339.59
82,2,2026-04-05,353.73
21,72,2026-05-17,207.52
1,1,2026-04-05,26.45
3,1,2026-07-15,13.42
1003,2,2026-06-02,431.55
9,9,2026-05-09,468.14
11,22,2026-05-13,438.8
131,15,2026-08-08,407.37
1,2,2026-08-07,240.58
26,31,2026-08-05,203.66
1,32,2026-03-23,355.94
8,29,2026-03-26,266.69
1,1,2026-06-22,196.07
1,1,2026-01-21,414.52
2511,10,2026-01-04,423.78
4,11,2026-05-19,27.92
3,17,2026-04-16,188.72
23,2785,2026-05-27,413.94
1,1,2026-05-17,378.55
1,10,2026-02-07,140.52
9,1,2026-01-17,376.34
1,1,2026-05-21,101.29
2,1,2026-05-21,461.78
5107,6,2026-06-22,228.25
3,24,2026-01-16,297.6
14,1,2026-01-26,95.96
17,1,2026-05-14,492.27
2,1,2026-05-01,328.53
1,1,2026-01-26,98.06
2,206,2026-01-14,441.76
1,11,2026-08-04,410.71
1,6,2026-02-26,283.49
1,163,2026-01-20,412.6
2,343,2026-02-11,117.12
29,10,2026-05-22,449.28
2,1,2026-01-07,124.46
234,31,2026-04-22,27.51
2,143,2026-01-13,276.12
1,18,2026-08-01,454.08
43,1,2026-07-24,216.72
4,85,2026-03-03,421.13
4,15,2026-05-24,179.38
70,22,2026-05-26,202.0
3,3,2026-08-14,301.82
37,4,2026-06-02,380.16
2,3,2026-07-16,76.03
2,1,2026-04-20,38.91
1,1,2026-06-13,404.59
1,43,2026-04-16,132.81
92,1,2026-05-27,334.22
4,2,2026-04-27,442.73
28,6,2026-08-07,439.28
33,3,2026-08-25,86.69
2,3,2026-02-18,299.11
4,5,2026-08-14,243.28
1,5,2026-08-19,178.88
2,2,2026-02-02,241.03
40,3,2026-07-20,209.31
13,21,2026-05-04,106.76
2,19,2026-01-06,460.55
2,12,2026-08-21,465.95
19,13,2026-06-16,162.03
69,1,2026-08-05,414.43
1,1,2026-07-10,147.8
24,43,2026-03-10,72.46
2,2,2026-03-04,36.38
6,8,2026-03-14,221.84
2,2,2026-02-14,137.86
1137,2,2026-08-16,221.4
1083,11,2026-01-15,73.8
2,3,2026-07-11,13.09
3,5,2026-01-20,169.68
1,17,2026-07-27,471.14
1,1,2026-05-28,138.17
1,1,2026-01-08,403.18
2,2,2026-06-07,458.92
3,2,2026-04-06,152.8
7,17,2026-03-28,490.8
4,1,2026-04-20,454.63
1349,1,2026-06-20,485.46
5,6,2026-03-25,102.76
1,96,2026-05-16,32.34
3,32,2026-08-09,494.06
3,2,2026-05-13,287.23
25,4,2026-01-22,454.58
2,6,2026-02-07,308.06
15,18,2026-04-19,265.1
3,2,2026-06-20,301.21
40,222,2026-03-08,131.04
1,1,2026-02-04,70.88
12,189,2026-06-02,271.06
8,36,2026-04-25,332.14
56,21,2026-04-28,209.45
11,1,2026-04-12,62.14
22,7,2026-01-10,215.57
12,152,2026-03-06,130.7
4,214,2026-07-25,294.79
10,76,2026-06-24,144.33
1,1,2026-02-06,389.54
19,1,2026-07-11,463.61
